SC_Mean,SC_Std,RMS_Mean,RMS_Std,ZCR_Mean,SBAN_Mean,SCON_Mean,Rolloff_Mean,MFCCs13Mean,MFCC_1,MFCC_2,MFCC_3,MFCC_4,MFCC_5,MFCC_6,MFCC_7,MFCC_8,MFCC_9,MFCC_10,MFCC_11,MFCC_12,MFCC_13,AE_Mean,Chroma_Mean,label,filename,dataset
1372.156154673366,549.1378296025882,0.019539715722203255,0.023322300985455513,0.10076739336993243,818.7116653748304,25.99124355451373,2330.6418753959038,-38.598472595214844,-497.1365661621094,110.3526840209961,-51.188682556152344,-15.02914810180664,11.00906753540039,-27.145973205566406,-11.384687423706055,5.364253997802734,-11.978532791137695,-6.332267761230469,2.247053384780884,-5.309049606323242,-5.248314380645752,0.05784911662340164,0.2954917550086975,belly_pain,549a46d8-9c84-430e-ade8-97eae2bef787-1430130772174-1.7-m-48-bp.wav,donate_cry
1259.1348876486932,289.6064731030927,0.006370462477207184,0.006567266304045916,0.08405389848923842,960.8648277573232,24.98154741775992,2364.7307339093545,-37.51741027832031,-496.8210754394531,150.72593688964844,-56.86125183105469,-0.4118906557559967,13.099051475524902,-32.89391326904297,-2.009495258331299,-6.78629207611084,-27.024171829223633,-0.11144150793552399,-8.818572998046875,-19.803281784057617,-0.009947719983756542,0.015872858464717865,0.3755605220794678,belly_pain,643D64AD-B711-469A-AF69-55C0D5D3E30F-1430138495-1.0-m-72-bp.wav,donate_cry
1239.3062536534692,202.54233158369686,0.012146291323006153,0.016569562256336212,0.08474913338162252,938.5054796851396,23.301778075510363,2355.2832192932533,-33.70420455932617,-420.84820556640625,152.8831024169922,-56.19606399536133,-6.367497444152832,6.089202404022217,-39.988014221191406,-7.359907150268555,-5.575745105743408,-26.04489517211914,-2.963298797607422,-9.654534339904785,-20.756616592407227,-1.3722093105316162,0.03748875483870506,0.39354491233825684,belly_pain,643D64AD-B711-469A-AF69-55C0D5D3E30F-1430138506-1.0-m-72-bp.wav,donate_cry
1294.8317026779764,256.1007394855005,0.020427362993359566,0.019872048869729042,0.09206203435430464,911.7818511644303,23.14842727980169,2317.029697847682,-31.817411422729492,-382.5213623046875,163.47486877441406,-71.05874633789062,-8.060857772827148,7.695218563079834,-44.0400505065918,-5.9040141105651855,-7.690041542053223,-32.52947235107422,-0.4807157814502716,-5.34182596206665,-22.677967071533203,-4.491396427154541,0.05931922420859337,0.37827420234680176,belly_pain,643D64AD-B711-469A-AF69-55C0D5D3E30F-1430138514-1.0-m-72-bp.wav,donate_cry
1244.0381535044867,234.87220557961905,0.040675051510334015,0.03652592748403549,0.08295122361341059,978.2511468811241,23.54207008080535,2434.85624805981,-24.856632232666016,-310.2763977050781,170.54624938964844,-66.5705337524414,5.469432830810547,11.205345153808594,-51.36379623413086,-9.742393493652344,-10.51004695892334,-33.26374435424805,0.4436795115470886,-9.04473876953125,-22.012964248657227,1.9836777448654175,0.10570958256721497,0.37974438071250916,belly_pain,643D64AD-B711-469A-AF69-55C0D5D3E30F-1430138524-1.0-m-72-bp.wav,donate_cry
1525.593057391312,281.42696920104504,0.022922012954950333,0.029248369857668877,0.11666526541804635,996.2750125849783,24.071075047151254,2722.631108366101,-30.420299530029297,-382.7514343261719,143.72039794921875,-76.77188873291016,0.6978476047515869,9.975703239440918,-47.15520095825195,0.12220481038093567,1.5716843605041504,-27.088211059570312,3.7000606060028076,-2.2138748168945312,-19.250308990478516,-0.020872987806797028,0.07727425545454025,0.4094719886779785,belly_pain,643D64AD-B711-469A-AF69-55C0D5D3E30F-1430138536-1.0-m-72-bp.wav,donate_cry
1208.9634558687342,322.7103919945676,0.02391025796532631,0.02705962583422661,0.07350411320364239,986.5068404579677,25.548877732039752,2358.883970146937,-32.54199981689453,-389.2364807128906,129.74026489257812,-44.71710205078125,4.871435165405273,5.093112945556641,-39.4955940246582,-7.2480854988098145,-11.708908081054688,-30.87750244140625,-4.880375862121582,-12.018263816833496,-20.8885498046875,-1.679988145828247,0.055787649005651474,0.2935192584991455,belly_pain,643D64AD-B711-469A-AF69-55C0D5D3E30F-1430138545-1.0-m-72-bp.wav,donate_cry
1031.8599084216798,311.5639797148228,0.026901377364993095,0.05307956784963608,0.06498667735927152,852.3208143041661,24.83607253991369,1926.116498732409,-34.96377944946289,-432.0409851074219,92.13449096679688,-0.9409762024879456,-7.932284832000732,-5.543690204620361,-19.743629455566406,-14.23912525177002,-11.762008666992188,-17.72202491760254,-13.418497085571289,-10.853178977966309,-9.007295608520508,-3.459913730621338,0.053313691169023514,0.3329246938228607,belly_pain,643D64AD-B711-469A-AF69-55C0D5D3E30F-1430138591-1.0-m-72-bp.wav,donate_cry
1377.8795702512446,331.3125161588845,0.02666597254574299,0.02729010209441185,0.07622361341059603,1106.9500050868833,25.901610896189386,2886.447446709437,-32.77147674560547,-388.3503112792969,122.67774963378906,-51.24110412597656,11.015186309814453,0.07500912249088287,-47.40163803100586,-0.5609535574913025,-9.44245719909668,-33.26308822631836,0.7245808839797974,-9.981359481811523,-22.474353790283203,2.1935739517211914,0.06549876928329468,0.2545982599258423,belly_pain,643D64AD-B711-469A-AF69-55C0D5D3E30F-1430138647-1.0-m-72-bp.wav,donate_cry
1280.6888116700998,340.05337446904565,0.1767483353614807,0.14017489552497864,0.08311775662251655,879.7625623652831,25.8597515988628,2314.5697789476408,-19.404300689697266,-245.95933532714844,140.69281005859375,-62.610687255859375,-7.800362586975098,-2.1664464473724365,-43.767433166503906,-1.1007479429244995,-2.45585298538208,-19.79473304748535,10.167276382446289,-3.177661657333374,-17.621007919311523,3.338296890258789,0.4431345462799072,0.27472984790802,belly_pain,69BDA5D6-0276-4462-9BF7-951799563728-1436936185-1.1-m-26-bp.wav,donate_cry
1468.4692013081228,489.7302446529275,0.037047918885946274,0.03265020623803139,0.11588159343540269,829.3852734002583,26.666593513351213,2387.8009975356545,-30.46971893310547,-424.96246337890625,146.32151794433594,-71.41112518310547,-10.220894813537598,25.96768569946289,-40.226375579833984,-20.935382843017578,17.61452865600586,-0.9060071110725403,-7.033722400665283,-2.875697135925293,-5.811326026916504,-1.627079963684082,0.10243941843509674,0.3637971580028534,belly_pain,999bf14b-e417-4b44-b746-9253f81efe38-1430974001343-1.7-m-26-bp.wav,donate_cry
1242.344087231966,570.0910706176533,0.028209438547492027,0.048401519656181335,0.08966796875,973.9926020718871,25.245543696003384,2356.66552734375,-28.475648880004883,-432.6292724609375,120.65351867675781,-22.3287410736084,12.26642894744873,15.39978313446045,-24.356184005737305,0.1457533836364746,6.6606645584106445,-12.1754150390625,-0.7317438721656799,-7.250409126281738,-20.884286880493164,-4.953558921813965,0.07726098597049713,0.34659355878829956,belly_pain,ae5f103b-5fee-442f-bb1b-d9d0570c46ab-1431533857965-1.7-m-26-bp.wav,donate_cry
1510.3535279105047,455.7507118196466,0.019511161372065544,0.015847956761717796,0.1266976665976821,929.8035603037852,23.707221778280886,2600.2055793408526,-30.276453018188477,-409.5331726074219,188.98440551757812,-98.38361358642578,4.376521110534668,18.664119720458984,-51.299495697021484,7.73870325088501,1.2702757120132446,-36.155738830566406,4.666887283325195,-6.320524215698242,-23.887500762939453,6.285217761993408,0.06279554963111877,0.36391928791999817,belly_pain,C421C6FE-DFEE-4080-8AEA-848E7CE4756B-1430548333-1.0-f-26-bp.wav,donate_cry
1697.5077498506935,216.98402923018168,0.03744101524353027,0.030457383021712303,0.14902376966411565,859.9140724940859,26.544409791503185,2714.02587890625,-31.476871490478516,-395.8442077636719,148.65533447265625,-110.64311218261719,-13.160526275634766,19.919675827026367,-40.8946647644043,9.511744499206543,13.925347328186035,-28.4537353515625,0.0051646847277879715,3.2501633167266846,-16.113069534301758,0.6425544023513794,0.100965216755867,0.31265315413475037,belly_pain,d6cda191-4962-4308-9a36-46d5648a95ed-1431159262344-1.7-m-04-bp.wav,donate_cry
1810.4087282494077,319.78076942155917,0.04282570630311966,0.02633364126086235,0.16392677436440678,825.7779601726376,25.99423462294725,2742.381157309322,-30.36928367614746,-358.016357421875,146.6171417236328,-126.31787872314453,-15.289597511291504,16.39240837097168,-49.24011993408203,13.71425724029541,20.257421493530273,-30.05607032775879,-0.5411120653152466,4.769783020019531,-15.976531028747559,-1.1140007972717285,0.12020093202590942,0.2893012464046478,belly_pain,d6cda191-4962-4308-9a36-46d5648a95ed-1431159272600-1.7-m-04-bp.wav,donate_cry
2181.7595745880144,125.87812427319626,0.19988161325454712,0.10752872377634048,0.2071868379237288,763.3254515408526,25.53271649486219,2892.0186705508477,-20.122352600097656,-229.51821899414062,142.87278747558594,-150.60011291503906,9.266011238098145,37.79664611816406,-60.8107795715332,11.238879203796387,21.257789611816406,-39.561614990234375,-3.431389093399048,8.099786758422852,-11.132147789001465,2.931811571121216,0.5920370817184448,0.28565049171447754,belly_pain,d6cda191-4962-4308-9a36-46d5648a95ed-1431700390946-1.7-m-04-bp.wav,donate_cry
2142.019743775414,404.8348787256903,0.17258986830711365,0.08989477157592773,0.19593348486498258,868.7707288620678,25.983522380792458,3021.701124237805,-19.679136276245117,-232.08612060546875,143.85427856445312,-145.75955200195312,7.379398822784424,24.10514259338379,-59.74803924560547,23.60138702392578,19.05198860168457,-40.10631561279297,4.182760238647461,3.312329053878784,-15.373936653137207,11.757899284362793,0.5689074397087097,0.30328720808029175,burping,5afc6a14-a9d8-45f8-b31d-c79dd87cc8c6-1430757039803-1.7-m-48-bu.wav,donate_cry
1546.7325630871849,453.1074542820872,0.041807737201452255,0.03821391984820366,0.12479142953228477,876.4875331419661,25.188526468178583,2495.42729459851,-26.753219604492188,-363.87939453125,126.93347930908203,-68.36430358886719,6.535715579986572,27.30868148803711,-28.47136878967285,-3.455556631088257,0.5511642098426819,-16.462881088256836,1.1943085193634033,-11.86085319519043,-20.566146850585938,2.745314836502075,0.11592794209718704,0.31851911544799805,burping,79FF400A-97E2-4701-987D-C7C850D5523C-1430089648-1.0-f-48-bu.wav,donate_cry
1347.3522106233913,228.85176244211414,0.009127151221036911,0.00728762848302722,0.10187454728890728,974.7349630748665,21.786686252901095,2532.433031094785,-26.819496154785156,-400.8677062988281,189.14202880859375,-82.30912780761719,0.4841248095035553,23.0524845123291,-38.971282958984375,5.4467878341674805,4.8664350509643555,-27.056386947631836,1.7027697563171387,-6.88799524307251,-20.440723419189453,3.1851680278778076,0.032618626952171326,0.5980026721954346,burping,7A864194-4B6B-4850-ABBF-0C2A8170107B-1436846915-1.1-f-26-bu.wav,donate_cry
1573.1819596532416,361.3790727938756,0.11103416234254837,0.15945030748844147,0.12428536320364239,902.5589150275121,23.80402496435997,2617.3537096440396,-23.397727966308594,-294.9610290527344,110.35375213623047,-62.603294372558594,-2.843769073486328,9.908441543579102,-36.82714080810547,-3.252235174179077,4.9298624992370605,-18.032808303833008,-1.1259474754333496,-2.0183794498443604,-11.01515007019043,3.3172149658203125,0.3236660361289978,0.41295191645622253,burping,7E4B9C14-F955-4BED-9B03-7F3096A6CBFF-1430232208-1.0-f-26-bu.wav,donate_cry
1726.1452510344502,285.1985749955329,0.1604532152414322,0.16976042091846466,0.13562415925082782,853.7728359418979,23.120771576817493,2750.9380012158526,-19.47468376159668,-244.97653198242188,120.40435791015625,-98.65050506591797,-7.539177417755127,21.07180404663086,-33.58074951171875,10.33782958984375,14.692099571228027,-21.814756393432617,-0.6720727682113647,-1.945482611656189,-15.61928653717041,5.1215925216674805,0.4328670799732208,0.3583180606365204,burping,7E4B9C14-F955-4BED-9B03-7F3096A6CBFF-1430540826-1.0-f-26-bu.wav,donate_cry
1759.1785219530675,470.7289415999274,0.058472272008657455,0.11369090527296066,0.14498072744205298,1028.6866899206414,22.80882130900162,2941.563890469785,-23.31546974182129,-323.67352294921875,128.01878356933594,-63.65192794799805,24.335174560546875,22.729961395263672,-47.17766189575195,0.6779807209968567,6.133494853973389,-26.40534019470215,2.126115560531616,-2.581869125366211,-21.605318069458008,-2.0269641876220703,0.17539942264556885,0.4554416537284851,burping,AEA8AE04-D00E-48A7-8A0B-6D87E2175121-1430563241-1.0-f-72-bu.wav,donate_cry
1803.3001669476557,447.61062708704094,0.220779150724411,0.10165543109178543,0.141766054410461,888.3357539613088,27.181528513898,2814.5118226396276,-18.733964920043945,-211.52833557128906,148.0389404296875,-116.93792724609375,11.443094253540039,38.34332275390625,-56.82827377319336,-13.19263744354248,0.33998897671699524,-31.19563102722168,6.625514030456543,1.6807904243469238,-24.361675262451172,4.0312886238098145,0.6434534788131714,0.284244179725647,burping,af30880e-5f98-4dc0-b37a-be6b21fa0ba3-1431240072536-1.7-m-26-bu.wav,donate_cry
884.5450702759654,277.1936347472996,0.0675140991806984,0.07110298424959183,0.0477513193294702,794.4492546422355,27.4065199857802,1560.1589986030629,-28.80464744567871,-354.2487487792969,111.98898315429688,-8.349384307861328,-2.4717581272125244,-5.952643871307373,-28.815765380859375,-12.773856163024902,-14.303064346313477,-21.70374298095703,-5.783384323120117,-12.041593551635742,-18.71417999267578,-1.291298270225525,0.14388228952884674,0.28072890639305115,burping,F24DE44B-762C-4149-AC92-96A5E57ED118-1430816949-1.0-m-04-bu.wav,donate_cry
1316.125384945036,308.9437555982993,0.15089772641658783,0.1241065263748169,0.08447750672599338,880.6173861193573,24.901393002218597,2373.714785544288,-20.81850814819336,-243.04222106933594,147.0789794921875,-74.54486846923828,-11.935883522033691,0.0914098471403122,-44.496131896972656,1.6850355863571167,1.3116533756256104,-24.178075790405273,3.4415781497955322,-6.503599166870117,-21.31768798828125,1.7692316770553589,0.383771687746048,0.2745431959629059,discomfort,10A40438-09AA-4A21-83B4-8119F03F7A11-1430925142-1.0-f-26-dc.wav,donate_cry
1240.5400921580404,338.59356211657496,0.019435817375779152,0.012463850900530815,0.09666998654801325,979.7606809982228,25.476699700229428,2446.6210775817467,-25.474437713623047,-388.0002746582031,217.21864318847656,-82.37370300292969,13.36855411529541,20.991886138916016,-51.358558654785156,12.088630676269531,5.288742542266846,-37.978248596191406,0.5181819796562195,-11.740523338317871,-30.53708267211914,1.346100926399231,0.059075817465782166,0.3728819489479065,discomfort,11417AC2-DCC9-48CD-8177-CA8665E51B2F-1436881512-1.1-m-48-dc.wav,donate_cry
1737.2787040768126,359.7147256575152,0.10402876138687134,0.09382607787847519,0.13240667684188742,978.901196911095,26.257194771147134,2946.162869282906,-20.074161529541016,-286.31512451171875,133.6687774658203,-89.02163696289062,6.805820941925049,19.60684585571289,-40.16535186767578,11.879069328308105,9.43311882019043,-23.69362449645996,7.929231643676758,-2.797848701477051,-17.94875144958496,9.655340194702148,0.34232306480407715,0.3279653787612915,discomfort,1309B82C-F146-46F0-A723-45345AFA6EA8-1430703937-1.0-f-48-dc.wav,donate_cry
1515.623314981782,457.0980716539896,0.033031314611434937,0.04832315072417259,0.1153782724544702,974.2628903644185,24.331072924998008,2647.6214074141144,-29.095115661621094,-390.972900390625,146.57566833496094,-69.06022644042969,6.703022480010986,15.719926834106445,-43.4150276184082,-0.6460995674133301,3.136653184890747,-23.2683048248291,1.5806374549865723,-7.799809455871582,-19.97062873840332,3.180593490600586,0.11389058828353882,0.3911927044391632,discomfort,1309B82C-F146-46F0-A723-45345AFA6EA8-1430704008-1.0-f-48-dc.wav,donate_cry
1399.2914108015123,374.5890053346276,0.11456537246704102,0.09719332307577133,0.10183412665562915,911.7176828883065,24.332550912459954,2466.08652279077,-21.797348022460938,-276.37872314453125,155.99453735351562,-78.4632797241211,-4.101473331451416,3.821284294128418,-55.56883239746094,0.17990657687187195,10.94126033782959,-24.056501388549805,-0.22795166075229645,-1.5519722700119019,-15.908370018005371,1.954598307609558,0.33022141456604004,0.36357757449150085,discomfort,1309B82C-F146-46F0-A723-45345AFA6EA8-1432801693-1.1-f-26-dc.wav,donate_cry
1562.8455332575459,280.4600634571485,0.16242189705371857,0.09042596817016602,0.11618830194536424,914.0464640759697,24.64385078603217,2681.454205039321,-17.017417907714844,-222.00799560546875,179.00082397460938,-112.44293212890625,-4.274044036865234,13.781512260437012,-60.75505065917969,6.54093074798584,14.897768020629883,-29.14303970336914,3.684450626373291,0.37283921241760254,-17.899503707885742,7.017791748046875,0.48887553811073303,0.33994364738464355,discomfort,1309B82C-F146-46F0-A723-45345AFA6EA8-1432801703-1.1-f-26-dc.wav,donate_cry
1425.6705402310047,622.2329367463068,0.05285978689789772,0.05082426220178604,0.11702905111754967,895.1148705584249,25.469396058664937,2373.8573895384934,-18.520095825195312,-322.5086975097656,160.8898162841797,-64.22199249267578,13.888516426086426,28.900270462036133,-29.10093116760254,7.597466945648193,6.820872783660889,-16.279489517211914,4.781320095062256,-13.69349193572998,-22.467981338500977,4.633068084716797,0.14404648542404175,0.3745883107185364,discomfort,2294E2B2-8E36-4DA6-A898-B947CB9446AB-1436462707-1.1-m-26-dc.wav,donate_cry
1277.8465827157395,294.7485919974501,0.1601027399301529,0.19961602985858917,0.10011296820557491,813.2501475103774,25.761958449325565,2175.8288871951218,-19.17286491394043,-257.6640319824219,130.83773803710938,-51.317081451416016,-17.176023483276367,6.692542552947998,-32.26329040527344,-16.433837890625,-1.9064043760299683,-9.053548812866211,1.439742088317871,-3.5013551712036133,-6.995762825012207,8.094091415405273,0.3262386620044708,0.37745288014411926,discomfort,64acb345-a61e-4ef3-a5a6-cf83c04b83f1-1430058990597-1.7-m-72-dc.wav,donate_cry
1476.5061943231694,228.79911063056457,0.3492656350135803,0.21763861179351807,0.11086357964409722,727.9408536857568,26.76883269822234,2314.3707275390625,-17.990020751953125,-203.44070434570312,130.9445037841797,-99.90254974365234,-28.22528839111328,14.112865447998047,-30.099843978881836,2.095473289489746,10.667972564697266,-19.34176254272461,-6.548283576965332,-3.056457757949829,-7.29232120513916,6.2160964012146,0.7166149020195007,0.2466198205947876,discomfort,64acb345-a61e-4ef3-a5a6-cf83c04b83f1-1430059012473-1.7-m-72-dc.wav,donate_cry
1297.7055286676502,310.5282707061941,0.006068571470677853,0.006451669614762068,0.0950774135968543,938.3169129076753,22.274060217225802,2416.531634804429,-35.1541862487793,-503.6047058105469,190.89608764648438,-79.74372863769531,2.0857656002044678,19.61418914794922,-46.614479064941406,-0.447439581155777,5.286075592041016,-22.781463623046875,4.021664619445801,-6.902849197387695,-20.549131393432617,1.7356375455856323,0.02129940874874592,0.48862239718437195,discomfort,665BDF6D-2897-49F9-8AD0-978B3B2A0468-1430530218-1.0-m-26-dc.wav,donate_cry
1339.0903915816393,468.16172168157755,0.012464668601751328,0.0174916572868824,0.0970612582781457,960.5893962556266,23.071966354855746,2478.1365603011177,-30.1064395904541,-446.4350280761719,159.5840301513672,-59.56838607788086,12.324762344360352,22.851335525512695,-32.63935089111328,5.112693786621094,-1.0292308330535889,-28.32101821899414,1.3934881687164307,-6.501383304595947,-19.417903900146484,1.26224946975708,0.041224971413612366,0.5077006220817566,discomfort,79FF400A-97E2-4701-987D-C7C850D5523C-1430089621-1.0-f-48-dc.wav,donate_cry
1914.136757616687,464.8082021357672,0.06564867496490479,0.04837590083479881,0.17000109944122516,977.5803161938459,25.63147185089035,3069.01621029077,-18.744550704956055,-310.5080871582031,161.1480712890625,-105.97832489013672,22.68070411682129,32.945579528808594,-47.24183654785156,16.189517974853516,9.37048625946045,-31.82439613342285,9.185873031616211,-1.846199870109558,-14.659619331359863,16.859086990356445,0.19435802102088928,0.2930140197277069,discomfort,79FF400A-97E2-4701-987D-C7C850D5523C-1430089688-1.0-f-48-dc.wav,donate_cry
782.8333729565122,392.71383483181745,0.04496173933148384,0.02973383106291294,0.04652271654781879,745.341101438921,25.127516071294707,1442.038148201552,-11.9747953414917,-340.15399169921875,188.38404846191406,-10.891424179077148,9.568655967712402,21.079256057739258,-22.424562454223633,-1.612709403038025,6.264339447021484,-13.773881912231445,5.847577095031738,9.948965072631836,-8.869146347045898,0.9605664014816284,0.11812696605920792,0.3341231346130371,discomfort,7b0e160e-0505-459e-8ecb-304d7afae9d2-1437486974312-1.7-m-04-dc.wav,donate_cry
937.5928058940385,184.31319415652342,0.004892722703516483,0.003413992701098323,0.052804361979166665,879.0347272088048,26.99287100421519,2004.346435546875,-30.84127426147461,-548.968017578125,197.02833557128906,-36.594844818115234,20.701190948486328,28.46224021911621,-38.737213134765625,-1.3002300262451172,13.433100700378418,-17.85634422302246,-1.8824995756149292,0.1284618079662323,-13.675338745117188,-1.6753454208374023,0.013321492820978165,0.2479698657989502,discomfort,837fd072-8704-4196-9ff1-1d2c07886e55-1432429478471-1.7-m-22-dc.wav,donate_cry
829.606967201696,412.089167400983,0.03258853778243065,0.02412511222064495,0.047043768351510064,610.8659389998952,24.737864741292295,1409.160270946938,-26.94390869140625,-448.1101989746094,178.52459716796875,-9.450920104980469,-30.960046768188477,5.754650115966797,-2.155853509902954,-11.520126342773438,-10.861684799194336,-9.38219928741455,-0.7245760560035706,-0.08178495615720749,-5.806419372558594,-5.496235370635986,0.07350199669599533,0.3059534728527069,discomfort,999bf14b-e417-4b44-b746-9253f81efe38-1430844958178-1.7-m-04-ch.wav,donate_cry
846.7419377090442,431.96344052840686,0.012976444326341152,0.024117767810821533,0.0504240509647651,715.2500567941205,22.967202459431732,1500.567995621854,-29.297889709472656,-490.615234375,125.82977294921875,11.334551811218262,-14.239933013916016,3.362442970275879,0.5712993144989014,-6.6670308113098145,-8.221409797668457,-9.088730812072754,-1.708022117614746,6.9062395095825195,4.385162830352783,-2.721574306488037,0.03235297650098801,0.39219462871551514,discomfort,999bf14b-e417-4b44-b746-9253f81efe38-1430844979531-1.7-m-04-ch.wav,donate_cry
927.6394858911999,434.93286861399173,0.05040845274925232,0.06064567342400551,0.054354878880033555,650.688624377154,24.9919482943252,1599.4906636692533,-26.837305068969727,-380.6794128417969,146.09170532226562,-11.020461082458496,-32.04568862915039,0.21864768862724304,-11.712364196777344,-26.917537689208984,-16.673856735229492,-5.4015302658081055,-3.3489439487457275,-4.637394428253174,-2.664271831512451,-0.09381236881017685,0.11516472697257996,0.2837245762348175,discomfort,999bf14b-e417-4b44-b746-9253f81efe38-1430844994519-1.7-m-04-ch.wav,donate_cry
912.5862803754655,392.38358925782467,0.021769005805253983,0.029760140925645828,0.05803992764261745,682.0330390598506,24.69971408662826,1599.7435704173658,-27.37925910949707,-438.8196716308594,139.4335479736328,-4.925780296325684,-31.982074737548828,3.6862974166870117,8.685965538024902,-4.593334674835205,-10.453956604003906,-9.564993858337402,-2.1402766704559326,2.687368869781494,-1.7463456392288208,-6.1970953941345215,0.05227242410182953,0.36398109793663025,discomfort,999bf14b-e417-4b44-b746-9253f81efe38-1430845018393-1.7-m-26-ch.wav,donate_cry
877.225192711784,388.2104050986979,0.05148119106888771,0.046959519386291504,0.05209862625838926,612.5120521521926,25.032879364131496,1526.8341678901006,-23.601533889770508,-365.06036376953125,178.04013061523438,-14.66894817352295,-37.256378173828125,2.4032957553863525,-12.615745544433594,-28.926191329956055,-16.95132064819336,-4.540384769439697,-0.8112863898277283,-3.8410513401031494,-3.8354082107543945,1.243717908859253,0.12316040694713593,0.28867924213409424,discomfort,999bf14b-e417-4b44-b746-9253f81efe38-1430845035663-1.7-m-26-ch.wav,donate_cry
1247.4209815717097,401.3109742389168,0.28668585419654846,0.1443590521812439,0.0932275390625,744.7290893396788,26.02105535526295,2094.211669921875,-9.31275463104248,-183.72012329101562,180.17910766601562,-74.44854736328125,-11.789325714111328,27.64210319519043,-26.651782989501953,4.217461109161377,19.09765625,-15.642359733581543,-7.551778316497803,-5.474222660064697,-19.483293533325195,-7.440700531005859,0.7324599027633667,0.28391510248184204,discomfort,a40b9b8d-e4bc-457a-badf-f38bdbc0c358-1430016981469-1.7-m-26-dc.wav,donate_cry
1750.8384191339958,473.495270501173,0.01579371467232704,0.02145623415708542,0.1466695286283557,955.1109499204368,23.90473284055597,2860.592098364094,-36.95356750488281,-502.9066162109375,124.43450927734375,-83.77629852294922,7.217885494232178,20.293439865112305,-41.051292419433594,10.608170509338379,16.77381706237793,-22.6149959564209,1.5590943098068237,1.4700908660888672,-15.247065544128418,2.8427915573120117,0.04981429502367973,0.4422735571861267,discomfort,ae5a462b-5424-4b5b-82d5-07ccb61654ab-1431064345173-1.7-f-48-dc.wav,donate_cry
1224.7697519923615,268.04597446850113,0.09431508928537369,0.08831195533275604,0.08224952141970199,852.5890573407571,26.165171175483945,2207.7593872878724,-21.857879638671875,-299.305419921875,133.86012268066406,-50.97391891479492,-5.538944244384766,2.2101473808288574,-39.89603805541992,-0.46399977803230286,9.756226539611816,-14.91504192352295,-0.0827944427728653,-2.4113664627075195,-14.00672435760498,-2.384730577468872,0.2253871113061905,0.28878241777420044,discomfort,D1CB71F9-EF76-49B3-A703-41D557444D21-1436863419-1.1-f-26-dc.wav,donate_cry
1189.708756520725,363.4146558109642,0.0030746781267225742,0.005191155709326267,0.08841378348214286,969.2316866249399,22.752442160521202,2349.27978515625,-32.53742599487305,-581.5812377929688,136.66148376464844,-32.963382720947266,17.424875259399414,33.819297790527344,-13.615492820739746,8.212063789367676,14.357850074768066,-9.198994636535645,4.404045581817627,4.790151596069336,-7.666377067565918,2.369159460067749,0.009424246847629547,0.391084760427475,discomfort,d6cda191-4962-4308-9a36-46d5648a95ed-1426942891562-1.4-f-48-dc.wav,donate_cry
1818.3776128318761,265.775287115551,0.05801932141184807,0.04909151419997215,0.16394663665254236,835.0375181175121,26.276748342593397,2747.5637248411017,-28.884872436523438,-337.1972961425781,116.16573333740234,-107.52117919921875,-16.73822021484375,15.354073524475098,-40.475502014160156,7.085869789123535,17.91893768310547,-23.5584659576416,-0.8206061720848083,10.15615463256836,-10.231058120727539,-5.641768455505371,0.1650862991809845,0.33264657855033875,discomfort,d6cda191-4962-4308-9a36-46d5648a95ed-1431086262776-1.7-m-04-ch.wav,donate_cry
1328.3266177270132,380.9517984199124,0.012659487314522266,0.01786285825073719,0.1108150158898305,854.639040384796,24.574441660250578,2221.1316538665255,-33.9942626953125,-484.9264221191406,135.6983184814453,-47.81440734863281,-7.341092586517334,11.734397888183594,-32.02735137939453,-3.705655813217163,13.417253494262695,-10.87410831451416,-2.515214443206787,1.5888538360595703,-10.90990161895752,-4.250095367431641,0.03187908977270126,0.40771564841270447,discomfort,d6cda191-4962-4308-9a36-46d5648a95ed-1431161889263-1.7-m-04-dc.wav,donate_cry
1720.6462990319635,388.2202463619367,0.1181977167725563,0.0959656834602356,0.14616452526132404,878.431657660231,26.731572815084697,2756.0624285442073,-23.078598022460938,-259.8534851074219,129.9881591796875,-99.61800384521484,-11.887070655822754,8.31391716003418,-44.53095245361328,11.741744995117188,11.984179496765137,-29.514869689941406,4.525822162628174,3.5309088230133057,-24.035444259643555,-0.6666974425315857,0.3503030240535736,0.3044639825820923,discomfort,f258a8e2-92cd-4843-9da4-80ed26ec8e10-1436944996156-1.7-f-26-ch.wav,donate_cry
1420.4040374367494,390.2180245655513,0.19279524683952332,0.11880483478307724,0.12030449538934426,761.0139931147347,26.276848200334264,2247.0779969262294,-20.53227996826172,-220.80023193359375,158.66439819335938,-100.66878509521484,-29.185306549072266,0.3931576609611511,-44.63703155517578,3.168675661087036,2.228686809539795,-27.799928665161133,7.8817949295043945,1.7347447872161865,-21.541587829589844,3.641777753829956,0.5292214751243591,0.2781488597393036,discomfort,f5b29377-7cd6-4688-942c-5a07add39dc5-1437480263225-1.7-f-26-dc.wav,donate_cry
1407.833064783594,311.2888945623834,0.0007437416352331638,0.0008046843577176332,0.1157928772993311,1029.8581000790634,23.244252230594793,2672.8898574676005,-47.94289779663086,-706.7002563476562,160.4031982421875,-59.17421340942383,11.621320724487305,16.05457305908203,-40.199241638183594,6.83477783203125,8.181550025939941,-19.02069091796875,7.330265998840332,-3.3992412090301514,-14.79399585723877,9.604259490966797,0.002357836114242673,0.48627230525016785,hungry,02c3b725-26e4-4a2c-9336-04ddc58836d9-1430726196216-1.7-m-04-hu.wav,donate_cry
1087.6387965561269,429.1289180068665,0.005389155354350805,0.011788645759224892,0.061372692953020135,927.5879297083688,23.068690734122704,2187.0291690698405,-33.746402740478516,-520.4680786132812,135.2354278564453,-20.191492080688477,4.165597915649414,15.904406547546387,-22.903432846069336,-5.195859909057617,7.243463039398193,-10.775634765625,-3.8011481761932373,-1.7671520709991455,-12.130809783935547,-4.018535137176514,0.017108876258134842,0.5229219198226929,hungry,02ead89b-aa02-453e-8b83-6ebde9fe7551-1430233132879-1.7-m-26-hu.wav,donate_cry
1794.83916919722,324.7787070660533,0.10626155883073807,0.06594353169202805,0.14994303385416666,855.4410602652341,26.304009250321425,2836.42529296875,-22.313365936279297,-266.1266174316406,154.18687438964844,-123.14368438720703,-4.580038070678711,28.50408172607422,-49.67239761352539,3.0201706886291504,9.359098434448242,-34.729637145996094,2.069195032119751,5.550197124481201,-19.531749725341797,5.020725727081299,0.3042343556880951,0.27878183126449585,hungry,035c6b30-a145-42b9-8d0f-445cd9003d2c-1435948197257-1.7-m-04-hu.wav,donate_cry
1278.7219035810917,588.846713583726,0.18466876447200775,0.13844197988510132,0.09236788828903654,865.9031962674013,27.23081413377975,2263.0967251090115,-9.525863647460938,-202.4799041748047,155.4650421142578,-47.62624740600586,1.2080851793289185,9.482365608215332,-32.989707946777344,11.26318645477295,16.82681655883789,-14.274988174438477,-0.37900474667549133,-6.576771259307861,-16.485458374023438,2.730358123779297,0.4400698244571686,0.2477017194032669,hungry,03abcb8f-400a-47d8-ad82-7e4586cc06be-1431864192133-1.7-f-48-hu.wav,donate_cry
1037.3074299268067,217.341633341288,0.1650979071855545,0.16863088309764862,0.059439349648178805,829.8240425242933,27.05914096651921,1955.0651095560845,-24.105323791503906,-297.82666015625,106.28411102294922,-30.886877059936523,-6.005887508392334,7.371014595031738,-24.003616333007812,-16.717077255249023,-11.611988067626953,-13.59437370300293,-4.836636543273926,-12.926309585571289,-11.450821876525879,2.8359382152557373,0.2977971136569977,0.27291160821914673,hungry,045C5483-69E1-4BEC-B1D8-9286D174B9B2-1430102996-1.0-m-04-hu.wav,donate_cry
1314.1446261847657,184.72558775069544,0.004536224063485861,0.006045874673873186,0.09578832843959731,891.7965443340823,24.42939989085918,2343.975871041317,-43.78370666503906,-604.9547119140625,137.22401428222656,-51.58651351928711,-11.70349407196045,5.824594020843506,-28.804170608520508,-1.659406065940857,2.087005853652954,-11.208938598632812,6.900043487548828,-2.9302046298980713,-12.498388290405273,4.121875286102295,0.011353367008268833,0.40140777826309204,hungry,04c3386b-e6bc-4bd0-8456-d46ae21a73fc-1435305829013-1.7-f-26-hu.wav,donate_cry
1320.4515655112014,445.96772648305233,0.22550629079341888,0.10486871749162674,0.0976123046875,750.5254839126568,26.060525349044937,2020.2451171875,-15.228608131408691,-203.18145751953125,184.28713989257812,-94.51449584960938,-10.970376014709473,28.232593536376953,-27.90294647216797,3.319138288497925,-8.560033798217773,-38.55751037597656,3.1467528343200684,-1.1164908409118652,-27.32830047607422,-4.825929641723633,0.5869219899177551,0.2579903304576874,hungry,0776b33b-c41a-4a2e-8b9c-f1c184be00c8-1437123838264-1.7-f-26-hu.wav,donate_cry
1397.8247151191913,238.7906846903702,0.07828766852617264,0.12552472949028015,0.10912115842301325,893.875633832284,25.970155798418535,2390.613358857616,-29.493356704711914,-362.37884521484375,78.28237915039062,-36.586421966552734,-11.471834182739258,3.9181442260742188,-17.156082153320312,-1.2651450634002686,4.057655334472656,-9.898844718933105,-5.925082206726074,-6.718328952789307,-11.624909400939941,-6.646345138549805,0.20282511413097382,0.35333147644996643,hungry,08E9485B-2772-444B-A636-77E14DD14A8C-1431493441-1.0-m-04-hu.wav,donate_cry
1172.2896397058548,222.79570635343467,0.012433922849595547,0.037757404148578644,0.08297870964403974,911.4192072189677,25.930262985931957,2201.306556550083,-38.54632568359375,-475.9931640625,81.3166275024414,-8.805761337280273,-11.011597633361816,1.623980164527893,-7.792771339416504,-7.037020683288574,-8.34650707244873,-15.172699928283691,-12.378012657165527,-12.08264446258545,-14.40017032623291,-11.02244758605957,0.029007824137806892,0.39295539259910583,hungry,08E9485B-2772-444B-A636-77E14DD14A8C-1431493453-1.0-m-04-hu.wav,donate_cry
1544.6878563158252,249.46229826074511,0.048529159277677536,0.062173280864953995,0.12266207057119205,917.7508407758374,24.174418756552022,2587.2286158681704,-26.730348587036133,-341.23919677734375,125.25604248046875,-73.7343978881836,-4.122528553009033,21.787446975708008,-25.596094131469727,-5.019836902618408,-9.761852264404297,-21.945236206054688,5.851742744445801,-7.101246356964111,-17.897327423095703,6.027917861938477,0.14501626789569855,0.40923628211021423,hungry,090C15A8-5406-4EA5-97A3-81F6527227C0-1430147515-1.0-m-72-hu.wav,donate_cry
1433.0098032398776,233.90896672760164,0.05963929370045662,0.11295754462480545,0.11287704366721854,892.7908052204255,24.24575739974555,2396.8522836040975,-26.90329933166504,-342.7412109375,96.51876068115234,-43.87544631958008,-12.724278450012207,13.519671440124512,-10.782829284667969,-8.929213523864746,-13.451994895935059,-13.95173454284668,4.089157581329346,-6.331817150115967,-14.00808048248291,2.926109790802002,0.16237081587314606,0.46666908264160156,hungry,090C15A8-5406-4EA5-97A3-81F6527227C0-1430147525-1.0-m-72-hu.wav,donate_cry
1140.8752921177504,235.19558387630926,0.053910937160253525,0.09245704859495163,0.07787924254966887,831.1403524374343,24.710285601121413,1985.3684583247102,-29.45049476623535,-352.71697998046875,100.42549133300781,-24.206327438354492,-16.202537536621094,0.8582482933998108,-12.90557861328125,-11.34397029876709,-21.0970458984375,-23.017635345458984,-0.5205166935920715,-2.8667516708374023,-14.323281288146973,-4.939509868621826,0.12494383752346039,0.35615119338035583,hungry,090C15A8-5406-4EA5-97A3-81F6527227C0-1430147533-1.0-m-72-hu.wav,donate_cry
1151.5915354571405,239.855946942189,0.020542191341519356,0.01592845469713211,0.0697999663700331,858.7683075963507,25.49847742088544,2024.1567447485513,-33.215572357177734,-429.236083984375,166.282470703125,-66.98800659179688,-7.199872016906738,12.298942565917969,-37.24329376220703,-8.53647518157959,-15.552831649780273,-31.8400821685791,6.144407749176025,-3.641730546951294,-21.17810821533203,4.888247013092041,0.047672826796770096,0.30136075615882874,hungry,090C15A8-5406-4EA5-97A3-81F6527227C0-1430147582-1.0-m-72-hu.wav,donate_cry
1565.4402333759829,358.3506987889034,0.10685522109270096,0.058993734419345856,0.12873576536016948,899.8732550744619,28.50702891842938,2656.3943326271187,-27.201082229614258,-321.1825256347656,136.5659942626953,-84.15011596679688,-8.778945922851562,2.98291015625,-61.86088562011719,-6.898369789123535,11.667231559753418,-32.7477912902832,-6.792337894439697,13.596000671386719,-3.22237229347229,7.207146167755127,0.25369352102279663,0.18997177481651306,hungry,0a983cd2-0078-4698-a048-99ac01eb167a-1433917038889-1.7-f-04-hu.wav,donate_cry
1534.5105305481648,501.6040601424763,0.052668921649456024,0.09773831069469452,0.11240430340719064,963.2160270688518,24.398053829193778,2709.114610550794,-28.251222610473633,-388.2768859863281,86.84268188476562,-48.194515228271484,7.159124374389648,23.79326820373535,-17.61592674255371,1.1636595726013184,3.155029773712158,-17.45789909362793,-1.7599725723266602,-1.3015930652618408,-13.100591659545898,-1.6722197532653809,0.14780202507972717,0.37581950426101685,hungry,0c8f14a9-6999-485b-97a2-913c1cbf099c-1430760379259-1.7-m-26-hu.wav,donate_cry
1493.4211802844002,561.2357234098157,0.06414701044559479,0.09001056849956512,0.11350423177083334,952.7674328965178,26.341919214046378,2639.001708984375,-25.605878829956055,-358.51702880859375,104.39463806152344,-48.297828674316406,8.874720573425293,20.301006317138672,-26.02646827697754,-1.2119317054748535,4.882566928863525,-12.958538055419922,-0.16521702706813812,-8.703261375427246,-16.832420349121094,1.383346676826477,0.18558546900749207,0.3754909634590149,hungry,0c8f14a9-6999-485b-97a2-913c1cbf099c-1430760394426-1.7-m-26-hu.wav,donate_cry
1290.5185669884333,296.8367089012108,0.07417340576648712,0.058481041342020035,0.08314200900248345,843.7892943760788,26.23680872095026,2180.0585614134934,-24.028879165649414,-306.7733459472656,143.9292449951172,-66.01765441894531,-12.901562690734863,11.433021545410156,-35.977359771728516,-17.879661560058594,-10.984058380126953,-11.513583183288574,12.355528831481934,-6.83525276184082,-18.301876068115234,7.091097831726074,0.18530981242656708,0.2531695067882538,hungry,0D1AD73E-4C5E-45F3-85C4-9A3CB71E8856-1430742197-1.0-m-04-hu.wav,donate_cry
1162.3230770117154,454.7112577681726,0.05561114475131035,0.054680053144693375,0.0859814453125,944.0606636181359,24.17412740908682,2255.567138671875,-11.718648910522461,-317.0126953125,172.86981201171875,-55.85078811645508,14.073762893676758,37.75585174560547,-20.4539852142334,10.717548370361328,17.278079986572266,-10.731952667236328,4.686516284942627,-1.4195196628570557,-11.485624313354492,7.230565547943115,0.1697988659143448,0.473787784576416,hungry,0f257dac-7d6f-4575-9192-e3b4dcd3d4ef-1430185441581-1.7-f-26-hu.wav,donate_cry
1490.8133928610014,401.40250387001856,0.1503259241580963,0.11860258877277374,0.09576618118791391,952.2957245519393,27.109536609173627,2637.6391278197434,-15.461942672729492,-221.9297332763672,144.70069885253906,-77.4060287475586,5.502459526062012,13.351181030273438,-43.314552307128906,10.28826904296875,9.719609260559082,-24.876752853393555,4.615208625793457,-3.9587814807891846,-21.457294464111328,3.760477066040039,0.4245898127555847,0.2553154528141022,hungry,0F4B1065-4012-47C8-88B7-ACE11B1A536E-1430038775-1.0-m-04-hu.wav,donate_cry
1705.2100772648082,581.9707866735093,0.008204295299947262,0.014340913854539394,0.14253092447916665,1055.8396586810122,25.775506190231845,2982.384521484375,-35.80030822753906,-520.4380493164062,115.4214096069336,-57.85845184326172,4.6134443283081055,4.829899787902832,-28.67642593383789,19.469335556030273,4.1156511306762695,-20.970521926879883,14.649056434631348,0.3256474733352661,-14.221637725830078,13.3365478515625,0.024307409301400185,0.37712863087654114,hungry,101c6709-39fb-44dc-b905-7cbeed5714a2-1434361963544-1.7-f-04-hu.wav,donate_cry
1383.8935260733529,358.52547158240475,0.10463748872280121,0.08665242046117783,0.09692221129966887,873.980001329385,25.45248015090358,2408.3319051376243,-22.668344497680664,-276.3514709472656,141.20387268066406,-73.16512298583984,-9.810458183288574,5.387693405151367,-39.59507751464844,2.1961140632629395,1.3347851037979126,-26.742267608642578,-3.4446868896484375,-9.00170612335205,-15.734038352966309,9.03388500213623,0.26879408955574036,0.2683815062046051,hungry,10A40438-09AA-4A21-83B4-8119F03F7A11-1430848034-1.0-f-26-hu.wav,donate_cry
1801.7758623049879,459.93323750830484,0.11262974888086319,0.07371510565280914,0.1575192078849338,979.6901358850608,24.660441682912086,2948.44453319019,-18.28744888305664,-242.48538208007812,158.9010467529297,-101.44189453125,11.097774505615234,12.640480041503906,-61.79589080810547,10.559880256652832,11.246135711669922,-30.383928298950195,7.892852783203125,-3.4921817779541016,-21.34309959411621,10.86737060546875,0.3547601103782654,0.32693156599998474,hungry,10A40438-09AA-4A21-83B4-8119F03F7A11-1430848060-1.0-f-26-hu.wav,donate_cry
2070.7605356372173,402.56577956776385,0.11313025653362274,0.0726187527179718,0.18912652628311258,972.5491764607526,25.186339011905172,3136.4322485513244,-16.124832153320312,-241.0481414794922,156.041259765625,-116.0994644165039,23.610727310180664,27.10904312133789,-58.409420013427734,20.692611694335938,18.612747192382812,-30.97237777709961,8.704801559448242,-5.98831033706665,-24.20720672607422,12.33092975616455,0.36856433749198914,0.33387428522109985,hungry,10A40438-09AA-4A21-83B4-8119F03F7A11-1430848070-1.0-f-26-hu.wav,donate_cry
1809.3314591248004,509.52218164103584,0.12212914973497391,0.08122289180755615,0.15584741049254966,963.9744690758932,24.42955042039298,2948.801043175704,-17.915597915649414,-247.75662231445312,161.61647033691406,-104.80693817138672,14.874958038330078,16.367692947387695,-62.93171310424805,7.622065544128418,8.311305046081543,-27.88880729675293,12.038932800292969,-4.6082940101623535,-20.213685989379883,14.471883773803711,0.3801809549331665,0.3190242648124695,hungry,10A40438-09AA-4A21-83B4-8119F03F7A11-1430848101-1.0-f-26-hu.wav,donate_cry
1433.249692366359,496.987032119735,0.12410609424114227,0.11060781031847,0.10227713679635761,913.6963130897445,23.958670536048547,2516.283128751035,-22.191455841064453,-279.2036437988281,133.27154541015625,-64.37739562988281,-0.6373412013053894,-0.17769597470760345,-50.01485061645508,1.8143763542175293,8.714439392089844,-18.748645782470703,4.047640800476074,-4.574748992919922,-19.30760383605957,0.7049590945243835,0.34715938568115234,0.3010338544845581,hungry,10A40438-09AA-4A21-83B4-8119F03F7A11-1430925172-1.0-f-26-hu.wav,donate_cry
1578.2097766572692,354.01660686214586,0.031691499054431915,0.01741478219628334,0.1324681162044702,1015.4563324835598,26.49490848179542,2798.7103392746276,-21.364377975463867,-337.6478576660156,205.39085388183594,-103.57988739013672,18.93073844909668,25.270097732543945,-59.10590744018555,16.202444076538086,12.95702838897705,-36.63821792602539,3.5556867122650146,-7.348960876464844,-23.583152770996094,7.860230445861816,0.09776783734560013,0.37895339727401733,hungry,11417AC2-DCC9-48CD-8177-CA8665E51B2F-1436881489-1.1-m-48-hu.wav,donate_cry
1501.1906278014824,446.8754131309067,0.113492451608181,0.09561793506145477,0.10700287690033784,898.055023297107,26.04996236665861,2575.7639292124154,-27.884746551513672,-323.4067687988281,130.67709350585938,-75.47575378417969,-13.039593696594238,-5.093899726867676,-58.58206558227539,3.6478114128112793,24.704408645629883,-26.300518035888672,-13.26391315460205,2.1503593921661377,-13.173129081726074,4.654302597045898,0.2886596918106079,0.27399420738220215,hungry,1259bcad-2308-46fa-9a36-b5d8f359886a-1430143617162-1.7-m-04-hu.wav,donate_cry
1080.9894811531033,338.09514822808126,0.1291375607252121,0.08469610661268234,0.08109922666807433,598.3096741752485,26.250852703051827,1502.3774018158783,-26.888458251953125,-315.9242248535156,153.82321166992188,-61.11468505859375,-45.298648834228516,-17.382034301757812,-42.77405548095703,-6.676504135131836,15.053313255310059,-13.01206111907959,-12.52780818939209,-4.591204643249512,-7.514639377593994,8.389363288879395,0.31599023938179016,0.2152150273323059,hungry,1259bcad-2308-46fa-9a36-b5d8f359886a-1430143644843-1.7-f-04-hu.wav,donate_cry
1022.5615404709852,328.5113459784525,0.06472630798816681,0.05437910184264183,0.07311186919341216,662.6162030597749,25.59434650621572,1614.4446295660896,-26.68901252746582,-344.0092468261719,156.2255096435547,-38.863685607910156,-32.873626708984375,-9.505142211914062,-31.96389389038086,-3.717737913131714,12.504375457763672,-13.26394271850586,-12.040809631347656,-6.640448093414307,-16.937734603881836,-5.870806694030762,0.17084822058677673,0.25971707701683044,hungry,1259bcad-2308-46fa-9a36-b5d8f359886a-1430143668806-1.7-f-04-hu.wav,donate_cry
1416.0268840656126,391.3338624996007,0.018933016806840897,0.019287260249257088,0.10022700227649006,966.4034991780471,25.93703595524703,2574.1446993998343,-24.398351669311523,-385.21258544921875,167.8065643310547,-76.14096069335938,4.9091572761535645,22.67411231994629,-33.36355972290039,9.486712455749512,4.133514404296875,-21.086959838867188,12.265170097351074,-5.575482368469238,-23.986848831176758,6.912574291229248,0.06959228962659836,0.3848001956939697,hungry,1309B82C-F146-46F0-A723-45345AFA6EA8-1430059849-1.0-f-04-hu.wav,donate_cry
976.4166771466848,165.19432898153903,0.03191765397787094,0.03144996985793114,0.06291136023116438,791.1407480796204,23.298036054171856,1709.1611261237158,-26.0522403717041,-346.6925354003906,154.8749237060547,-24.7037296295166,-15.203683853149414,-9.334646224975586,-35.58203125,-9.000035285949707,-6.021181583404541,-19.63307762145996,-0.4887441396713257,-4.654348850250244,-17.797279357910156,-4.442737579345703,0.08767996728420258,0.3262520432472229,hungry,1445575b-80ad-477b-8e48-36194cac728e-1430244987914-1.7-f-48-hu.wav,donate_cry
1316.44593919145,268.4262937440787,0.11439745128154755,0.16143345832824707,0.10780074205685619,768.8405080196478,24.818029944495777,2172.7290022732022,-25.552217483520508,-287.08642578125,117.41986083984375,-53.724761962890625,-32.02431869506836,0.800238847732544,-28.652225494384766,-17.49414825439453,2.340149164199829,-8.09713077545166,-8.362890243530273,-6.212440490722656,-9.092814445495605,-1.9919027090072632,0.2749444544315338,0.42134061455726624,hungry,177dc72e-d0f8-47ef-a5a7-3b46878e11a0-1430736358754-1.7-f-26-hu.wav,donate_cry
1429.8268920259625,281.19501883291537,0.11332616955041885,0.13161396980285645,0.10722917537625418,868.6168992943317,25.341382109693175,2427.922665395067,-25.99746322631836,-318.0650634765625,131.77357482910156,-66.61029815673828,-8.451700210571289,23.68461036682129,-31.692895889282227,-16.885517120361328,-1.8066459894180298,-20.766679763793945,-6.733670711517334,-2.1850826740264893,-15.178988456726074,-5.048625469207764,0.3182908892631531,0.40525326132774353,hungry,177dc72e-d0f8-47ef-a5a7-3b46878e11a0-1430736533767-1.7-f-26-hu.wav,donate_cry
1206.6110155668894,407.72325697288903,0.16259945929050446,0.12753835320472717,0.07904730902777778,831.9026729994971,25.829879514035685,2177.7536103219695,-17.586881637573242,-231.13894653320312,153.8320770263672,-58.90442657470703,-5.285269260406494,20.432767868041992,-37.07540512084961,-14.239096641540527,2.2165157794952393,-21.83573341369629,-7.336793422698975,-3.193704605102539,-19.524614334106445,-6.5768303871154785,0.4378351867198944,0.26718637347221375,hungry,177dc72e-d0f8-47ef-a5a7-3b46878e11a0-1430736549614-1.7-f-26-hu.wav,donate_cry
999.6870319788951,372.5203544413048,0.19013507664203644,0.12783709168434143,0.05555188978040541,802.9187462629135,27.429318725056245,1864.6953685863598,-25.019969940185547,-323.7108459472656,124.6657485961914,-32.55385208129883,-4.9973955154418945,4.0105695724487305,-34.2757682800293,-13.392894744873047,-2.2180798053741455,-18.623828887939453,-11.275521278381348,-8.390558242797852,-7.742227077484131,3.2450568675994873,0.34899431467056274,0.24932613968849182,hungry,189b78c6-9e78-43f2-bcb8-6cc8a462f4dc-1430807938301-1.7-m-22-hu.wav,donate_cry
1117.3618223872288,479.9860285224463,0.030361587181687355,0.05035839229822159,0.07432253103222997,815.1601115170641,22.527375696221238,2072.101872141768,-28.725706100463867,-384.636962890625,125.6150894165039,-33.34975051879883,-15.88388442993164,-3.019291400909424,-29.135765075683594,-2.287212610244751,8.048961639404297,-12.682941436767578,-4.16160249710083,-1.9898643493652344,-14.161847114562988,-5.789117813110352,0.08798373490571976,0.37107911705970764,hungry,19aae3d1-51c6-4ffb-aeb8-efb6ae7ba83e-1436861395462-1.7-m-48-hu.wav,donate_cry
1266.6958241623645,433.28505886352065,0.1732422560453415,0.08451684564352036,0.07398935612416108,940.5536310973686,29.344358716540903,2379.5634634542785,-23.981504440307617,-304.0596008300781,147.56005859375,-54.86921310424805,11.664554595947266,22.784015655517578,-53.86648178100586,-18.266359329223633,11.455233573913574,-27.20050811767578,-19.419511795043945,-2.416616916656494,-16.242321014404297,-8.882835388183594,0.39307111501693726,0.2506553530693054,hungry,1abb2260-a652-4ba7-bd98-7d463312730f-1430041727150-1.7-m-04-hu.wav,donate_cry
1691.3854842296323,607.7008451780792,0.10887061804533005,0.08403284847736359,0.13315331375838926,877.4525126701487,25.510974816098813,2722.396625288381,-21.769075393676758,-265.1274719238281,134.6026611328125,-97.57991790771484,-3.8153600692749023,12.273491859436035,-54.08804702758789,-4.847780704498291,7.296834945678711,-16.866804122924805,10.575088500976562,-0.065976083278656,-14.225520133972168,8.870792388916016,0.31483346223831177,0.3037434220314026,hungry,1b381a1e-88a6-4a48-b889-a5ccdf0aacaf-1430299568333-1.7-f-72-hu.wav,donate_cry
1309.1139295219741,443.62989885721794,0.0883103534579277,0.06417988240718842,0.0907691749366554,897.353133614916,26.028858862842814,2310.4908711201438,-18.866378784179688,-274.9369201660156,165.3155059814453,-69.35124206542969,-5.943449974060059,12.03455924987793,-44.610145568847656,-11.19680404663086,-0.1313888430595398,-14.58279037475586,4.65128755569458,-7.560667514801025,-11.383695602416992,12.432802200317383,0.24280007183551788,0.28973641991615295,hungry,1f40790f-68f2-4e7e-845e-715bd97c82d0-1429979568422-1.7-m-04-hu.wav,donate_cry
1510.6721660320527,466.33661574219974,0.012934667058289051,0.021954914554953575,0.11033640894396551,1142.4339146816587,23.25475381790602,2961.372322871767,-25.883554458618164,-390.1661682128906,120.94464111328125,-37.87674331665039,14.212549209594727,12.57293701171875,-27.0987548828125,7.932962417602539,-0.46873199939727783,-21.84836769104004,3.03971004486084,-7.541640281677246,-16.079051971435547,5.890436172485352,0.04252583906054497,0.44702839851379395,hungry,1f40790f-68f2-4e7e-845e-715bd97c82d0-1429979603276-1.7-m-72-hu.wav,donate_cry
1060.1231683418462,312.00081108057356,0.040463369339704514,0.03391169756650925,0.06313541235513245,884.160279965868,24.869794895084993,2020.62729589197,-16.569263458251953,-338.3553466796875,168.3296356201172,-48.83366775512695,13.194777488708496,33.635826110839844,-19.791738510131836,7.405216693878174,9.822707176208496,-13.391486167907715,3.09220027923584,-7.924339771270752,-19.766376495361328,-2.817857265472412,0.12201939523220062,0.41362714767456055,hungry,20E2B5A0-40A4-4FD8-8935-AFD1DB833510-1430127670-1.0-m-26-hu.wav,donate_cry
1151.971423986729,409.74372225366693,0.05585039407014847,0.07045884430408478,0.06977442691200658,915.6074425516787,25.188281283960603,2213.3866159539475,-23.620901107788086,-360.04833984375,123.18002319335938,-26.842092514038086,6.094907283782959,10.847241401672363,-31.532859802246094,-7.880133152008057,6.2528815269470215,-9.675801277160645,-2.5321719646453857,-2.4266960620880127,-8.429835319519043,-4.078855037689209,0.14682942628860474,0.3161809742450714,hungry,218e6fd7-f9c5-4490-afd7-c4fba174e7d2-1430209174300-1.7-m-72-hu.wav,donate_cry
1041.5451482007034,364.53248683805936,0.011133071966469288,0.018066106364130974,0.052060386782786884,979.5273958184562,24.606642187353,2268.0110943903687,-31.266759872436523,-506.0329284667969,121.741455078125,-13.403858184814453,16.3930606842041,20.76897430419922,-16.567773818969727,-1.1189820766448975,0.2353803813457489,-14.096248626708984,0.08454449474811554,-1.6307623386383057,-10.717037200927734,-2.1236748695373535,0.027119595557451248,0.3393900990486145,hungry,218e6fd7-f9c5-4490-afd7-c4fba174e7d2-1430209252819-1.7-m-72-hu.wav,donate_cry
1395.37627694601,309.43507171435294,0.13910670578479767,0.14086449146270752,0.11452669710726351,778.1684648532486,25.98826296428922,2164.3779032939187,-24.09442901611328,-299.0189514160156,123.08255767822266,-66.3011474609375,-23.676219940185547,3.9252359867095947,-36.069496154785156,-17.160640716552734,-4.0804219245910645,-12.412667274475098,6.146280765533447,5.633664608001709,-2.2959723472595215,9.000205039978027,0.33737754821777344,0.33781102299690247,hungry,21c07aff-0a8d-4e74-ad5e-e3c7f7bcb11b-1430031235662-1.7-m-04-hu.wav,donate_cry
1426.4499635313146,320.65350822410124,0.10464403033256531,0.1336217224597931,0.10912017308501684,810.0853552278892,25.015769441997172,2271.2816642992425,-19.93747901916504,-250.50633239746094,146.5723114013672,-79.39031982421875,-16.996402740478516,15.060935020446777,-30.367319107055664,-6.339497089385986,-4.555467128753662,-17.71802520751953,6.801751613616943,-6.46540641784668,-20.04203224182129,4.758579730987549,0.3054075539112091,0.4275246858596802,hungry,21c07aff-0a8d-4e74-ad5e-e3c7f7bcb11b-1430105653796-1.7-m-04-hu.wav,donate_cry
830.9429394311564,438.9462511858902,0.055146388709545135,0.06127706170082092,0.0509375,811.5839495541904,26.388592002726536,1549.421630859375,-15.678696632385254,-368.382080078125,163.8958282470703,-21.174531936645508,25.93273162841797,43.60313034057617,-7.604798316955566,1.0033059120178223,-1.3637803792953491,-15.127923011779785,3.1459591388702393,-6.869527339935303,-18.980806350708008,-1.9005428552627563,0.13776563107967377,0.3952634036540985,hungry,22b43570-d440-475b-b2f1-e528c81081f7-1430663490095-1.7-m-04-hu.wav,donate_cry
1232.7670908556604,315.4242365540322,0.030572345480322838,0.1007467731833458,0.08736839041804635,934.1350557266566,22.345195044510426,2326.156353476821,-26.002254486083984,-351.0029602050781,89.09696960449219,-10.209599494934082,-8.672651290893555,4.167541027069092,-12.307480812072754,-10.385632514953613,-4.5295939445495605,-9.49070930480957,-6.619457721710205,-4.407935619354248,-7.252467155456543,-6.415340423583984,0.06898235529661179,0.5772808790206909,hungry,2439388A-9CF2-4D3B-9534-E6951FC9EAD4-1436877933-1.1-m-26-hu.wav,donate_cry
1195.825949800244,216.34351384431483,0.0348750464618206,0.11112839728593826,0.0825696528352649,920.0771568060798,23.06799843940729,2273.5354796150664,-27.14203643798828,-347.8562316894531,87.7720947265625,-9.720335960388184,-8.849740982055664,1.4460608959197998,-14.613601684570312,-11.460779190063477,-6.777637958526611,-12.89922046661377,-10.485140800476074,-7.954153537750244,-7.675283908843994,-3.772493362426758,0.07743332535028458,0.4820477366447449,hungry,2439388A-9CF2-4D3B-9534-E6951FC9EAD4-1436877944-1.1-m-26-hu.wav,donate_cry
1129.5149369482583,212.9801838452031,0.05080669745802879,0.13652372360229492,0.0820377173013245,864.3307606392596,23.450508260481868,2041.7683380329056,-25.691816329956055,-335.16925048828125,89.70084381103516,-4.670663356781006,-12.530189514160156,-4.0842671394348145,-14.833961486816406,-12.24466323852539,-7.8854804039001465,-8.974287986755371,-5.403652191162109,-5.877839088439941,-7.06961727142334,-4.950613975524902,0.0982007160782814,0.5244795680046082,hungry,2439388A-9CF2-4D3B-9534-E6951FC9EAD4-1436877953-1.1-m-26-hu.wav,donate_cry
1368.5031455320452,350.7919636420851,0.003276729490607977,0.008213572204113007,0.10383456965488215,1028.1742577211567,20.460884830793745,2681.6813151041665,-43.22648620605469,-610.7182006835938,97.13227081298828,-21.694944381713867,0.5039333701133728,9.424299240112305,-14.083446502685547,0.09190003573894501,-0.6734106540679932,-10.305767059326172,2.3164119720458984,-3.974782705307007,-11.255098342895508,1.2924546003341675,0.009073668159544468,0.5641077756881714,hungry,24f2a4e1-7161-42a3-a2a2-a29a2422c0b8-1430814730789-1.7-f-26-hu.wav,donate_cry
1356.6735886826384,345.83681296624695,0.02102561853826046,0.05649418756365776,0.08823519805602006,999.822397946203,24.208896482735252,2603.068986465301,-33.6272087097168,-493.2698974609375,59.99396514892578,-15.668278694152832,-2.2550878524780273,9.234879493713379,-3.7887465953826904,3.7401649951934814,7.156693458557129,-0.04443686082959175,2.5645248889923096,0.9124425053596497,-3.7105839252471924,-2.0193428993225098,0.0558171272277832,0.5356342792510986,hungry,24f2a4e1-7161-42a3-a2a2-a29a2422c0b8-1430814741368-1.7-f-26-hu.wav,donate_cry
1137.1079415763775,403.39340259342174,0.07194959372282028,0.061281245201826096,0.07405708931587837,847.9929834503048,24.509977153828157,2102.178955078125,-12.039116859436035,-255.18316650390625,188.23854064941406,-63.307796478271484,-4.475678443908691,30.465484619140625,-25.215137481689453,2.5267422199249268,13.831504821777344,-16.99942398071289,-2.957387924194336,-2.9887287616729736,-18.49240493774414,-1.951084852218628,0.21760280430316925,0.46640604734420776,hungry,24f94b49-c8bc-4ed2-b43a-80b099f12936-1430534429690-1.7-m-04-hu.wav,donate_cry
1193.1391241094268,398.0556132868886,0.10956881195306778,0.060736775398254395,0.09350420977618243,863.1254129713193,23.996372744639462,2145.6090978673988,-6.8726935386657715,-243.293701171875,204.21343994140625,-74.12425231933594,9.32441234588623,53.52095413208008,-22.173398971557617,-2.2264161109924316,12.641331672668457,-16.50736427307129,-2.022148370742798,-0.24919509887695312,-11.027423858642578,2.5787317752838135,0.32450056076049805,0.37498340010643005,hungry,24f94b49-c8bc-4ed2-b43a-80b099f12936-1430534715095-1.7-m-04-hu.wav,donate_cry
1552.836193744733,671.4143080659934,0.15538690984249115,0.17886792123317719,0.1308074647009967,838.7085010387385,23.95427272001318,2459.7213390261627,-15.318730354309082,-260.85247802734375,126.51754760742188,-74.87749481201172,2.1153929233551025,28.55936622619629,-24.25912857055664,7.936651706695557,14.437712669372559,-13.327167510986328,3.3773624897003174,0.7170540690422058,-11.294977188110352,1.8066614866256714,0.38123735785484314,0.30703216791152954,hungry,2562ad82-485a-44c2-ad25-f70fce71480b-1430045593479-1.7-m-72-hu.wav,donate_cry
1187.6754108040857,227.3478488664511,0.013962828554213047,0.024719877168536186,0.07548762803093645,896.4800548381164,24.036801062877732,2241.2895687447744,-32.63578414916992,-451.8879699707031,152.28941345214844,-44.483707427978516,-4.690694332122803,13.169742584228516,-30.75567054748535,-3.844200611114502,2.7176568508148193,-24.24884796142578,-7.696292400360107,-3.5803256034851074,-17.095970153808594,-4.1583662033081055,0.035092610865831375,0.3762851059436798,hungry,2602b7c2-e96d-42f6-9767-f1ae74925ef8-1431376228657-1.7-f-22-hu.wav,donate_cry
1051.3175935145978,391.80325451425125,0.01722760498523712,0.01734750345349312,0.06317057291666667,907.7521763478611,25.428175867189818,1972.692626953125,-25.500837326049805,-408.1872863769531,166.3313446044922,-39.21806716918945,2.6796483993530273,13.345989227294922,-21.4147891998291,10.653231620788574,-0.7137821316719055,-24.6673583984375,-2.435582160949707,-12.77147388458252,-18.683189392089844,3.5704004764556885,0.05031326040625572,0.382628470659256,hungry,2a0e6a88-b049-4f46-a3d6-d73ffae470d5-1430770144865-1.7-m-04-hu.wav,donate_cry
1270.297238362999,442.94253163103724,0.0864153802394867,0.0873737558722496,0.08892761026337792,848.545784874066,26.644070717920297,2174.6014547188547,-21.546913146972656,-303.72747802734375,157.96600341796875,-66.0978775024414,-7.254353046417236,14.169516563415527,-35.29279327392578,-4.401875972747803,1.980718970298767,-14.344657897949219,5.624566555023193,-8.1124267578125,-20.4314022064209,-0.1878105103969574,0.232673779129982,0.33374786376953125,hungry,2a0e6a88-b049-4f46-a3d6-d73ffae470d5-1430770161530-1.7-m-04-hu.wav,donate_cry
1146.516111622897,432.5230115261184,0.03138692304491997,0.03095925599336624,0.07108701508620689,890.4364103678847,25.98903679882249,2128.482876481681,-26.896320343017578,-355.58062744140625,155.0901641845703,-35.446044921875,-5.642867088317871,-9.680480003356934,-50.4333381652832,-9.27047061920166,-2.6070258617401123,-21.663095474243164,4.111892223358154,-0.3717014789581299,-17.53652572631836,-0.6220346093177795,0.08282154053449631,0.28712198138237,hungry,2ad6d558-32f2-4bfd-99c5-cbd31ee3bb11-1430064396119-1.7-m-72-hu.wav,donate_cry
1221.3568903604003,291.42585712079057,0.0067976415157318115,0.019168129190802574,0.08762613932291667,918.8797766639101,25.1061251438174,2280.72509765625,-40.71201705932617,-525.7084350585938,96.49028778076172,-6.511733055114746,-15.398550987243652,-12.237067222595215,-17.938087463378906,0.5867888331413269,3.04484224319458,-11.989188194274902,-10.801426887512207,-10.194391250610352,-12.909871101379395,-5.689406394958496,0.0183865986764431,0.41853567957878113,hungry,2e25d0a5-0b2b-44ef-8491-e445b16ea75c-1430056314272-1.7-f-26-hu.wav,donate_cry
1407.7627778109677,229.39326277995193,0.0030849978793412447,0.004180413670837879,0.11672984266114983,953.7963643580043,26.098073226918533,2619.435380144817,-43.40920639038086,-569.0570678710938,136.0089111328125,-55.553470611572266,-7.672377109527588,8.143621444702148,-31.883024215698242,-0.7851924896240234,0.8157410025596619,-20.297922134399414,2.122690439224243,-3.6639349460601807,-20.086307525634766,-2.4113662242889404,0.008320472203195095,0.3538810610771179,hungry,2e25d0a5-0b2b-44ef-8491-e445b16ea75c-1430056332640-1.7-f-26-hu.wav,donate_cry
1156.4587082481492,158.87800731341406,0.04346269741654396,0.0351463183760643,0.06768030836092716,928.8783452162108,26.034606760229572,2280.2735183412665,-25.319726943969727,-310.5848083496094,172.79405212402344,-63.3420295715332,5.4439239501953125,17.57111167907715,-48.112831115722656,-13.646814346313477,-6.59551477432251,-29.45711898803711,-6.302189826965332,-15.020614624023438,-26.97677993774414,-4.92686653137207,0.11695480346679688,0.27995574474334717,hungry,2EE636FB-BD76-4118-A0EF-82FAFC32301F-1436586600-1.1-f-04-hu.wav,donate_cry
1287.7259947431435,366.26720647994347,0.013481147587299347,0.02580484189093113,0.08883808464403974,1003.537825626231,23.690621319692397,2499.7767164217717,-41.31650924682617,-528.0675659179688,79.26753234863281,-17.316570281982422,-0.30828168988227844,2.975982904434204,-14.502504348754883,2.0571706295013428,-2.668778657913208,-18.181455612182617,-7.605389595031738,-9.77115249633789,-16.311811447143555,-6.681828022003174,0.027336498722434044,0.4264654219150543,hungry,2F1C0515-EC8E-44C1-ABEA-E04EB475543A-1432143888-1.1-m-22-hu.wav,donate_cry
1501.7456905745976,648.4881531710174,0.14704735577106476,0.0924965962767601,0.10923069695017182,866.041830899918,26.310510603771913,2511.5410558956187,-19.4173583984375,-251.2898712158203,174.85983276367188,-92.0316162109375,-1.2286467552185059,16.243364334106445,-57.0985221862793,-4.807638168334961,8.07841682434082,-25.597620010375977,2.470094680786133,-4.504161834716797,-22.916980743408203,5.3976850509643555,0.43757838010787964,0.2780739963054657,hungry,3030d0e9-0c9b-4616-9b83-f10dc2dedbfd-1430053447333-1.7-m-26-hu.wav,donate_cry
927.9227501390653,453.5201727685209,0.03425048664212227,0.031462132930755615,0.054545363334760275,728.1682078554452,25.362598589226508,1599.6146424175943,-22.771930694580078,-357.4350280761719,167.5823974609375,-21.198863983154297,-14.313738822937012,4.294788837432861,-24.49330711364746,-7.082850456237793,4.832541465759277,-11.02109432220459,-7.088770389556885,-7.326385021209717,-14.96717357635498,-7.817570209503174,0.10031605511903763,0.3358861207962036,hungry,3030d0e9-0c9b-4616-9b83-f10dc2dedbfd-1430053456045-1.7-m-26-hu.wav,donate_cry
787.2751709301878,508.44613038039654,0.02115427888929844,0.01906050182878971,0.03654390839776632,744.6344239243656,25.249460200642574,1386.2277001449743,-24.54998016357422,-432.92449951171875,157.74794006347656,4.125688076019287,8.93880844116211,11.517862319946289,-19.694093704223633,-3.991626262664795,-0.10235024243593216,-16.13370132446289,-4.3531951904296875,-2.8076388835906982,-14.248201370239258,-7.224735260009766,0.054792940616607666,0.3154396116733551,hungry,3030d0e9-0c9b-4616-9b83-f10dc2dedbfd-1430053464739-1.7-m-26-hu.wav,donate_cry
1260.7260616148774,443.14552634439457,0.03560074791312218,0.027175480499863625,0.07690345790378007,883.5084436646353,25.96586557632606,2418.1195131282216,-25.021726608276367,-365.6148376464844,184.6436004638672,-70.72151184082031,-9.098871231079102,6.170712947845459,-48.250335693359375,10.3927001953125,23.84404182434082,-23.39951515197754,-5.105836868286133,1.8942359685897827,-20.015274047851562,-10.021613121032715,0.11076153069734573,0.2638244330883026,hungry,3030d0e9-0c9b-4616-9b83-f10dc2dedbfd-1430053594259-1.7-m-26-hu.wav,donate_cry
1701.2756357763915,484.4418068772316,0.02504611760377884,0.04325027018785477,0.13829228649400685,947.7042718296907,25.153117129686745,2729.8497030179797,-32.21723175048828,-427.8045349121094,123.97061920166016,-67.00045776367188,8.095823287963867,21.444154739379883,-46.7512092590332,-7.6476616859436035,15.313556671142578,-20.605388641357422,-9.840767860412598,3.079406261444092,-7.601522445678711,-3.476069927215576,0.08117339760065079,0.3229539096355438,hungry,3030d0e9-0c9b-4616-9b83-f10dc2dedbfd-1430326171876-1.7-m-26-hu.wav,donate_cry
1722.3348987602394,468.44204457739124,0.10150294750928879,0.1088673323392868,0.13518695129598662,890.034178231232,25.025406561804175,2806.9142421352426,-27.671409606933594,-321.2290954589844,102.36123657226562,-94.9876480102539,-11.215723991394043,10.130653381347656,-33.142398834228516,6.926466941833496,-0.06177196651697159,-20.128633499145508,13.862771987915039,-0.7369265556335449,-18.388282775878906,6.881044864654541,0.27824145555496216,0.3056829571723938,hungry,30c2cee4-b682-4dcb-86b9-7fa6f36f1b66-1430728411287-1.7-f-72-hu.wav,donate_cry
1476.4482791153566,440.9241814802222,0.10930599272251129,0.11932086944580078,0.1126140437714041,856.0757417752471,26.81650967504524,2439.1514608304797,-25.172019958496094,-342.00604248046875,102.49031066894531,-65.53192901611328,-2.11323881149292,18.53375816345215,-26.974454879760742,-3.107168436050415,0.10898621380329132,-19.21319580078125,0.5456799864768982,1.3720006942749023,-3.6952548027038574,12.35428524017334,0.27382996678352356,0.3171435594558716,hungry,31e785de-b0c9-464f-88e2-bd8f1dd5cda4-1433403682898-1.7-m-04-hu.wav,donate_cry
1718.648986933836,161.74186666274073,0.1443062424659729,0.0886053666472435,0.13293211252097314,861.3568287131241,27.280963034528682,2760.8023214660234,-21.948001861572266,-225.656982421875,131.5366973876953,-126.43598175048828,-24.249038696289062,6.1237592697143555,-45.70297622680664,11.777759552001953,11.507322311401367,-21.634185791015625,7.701119422912598,-5.618911266326904,-16.682598114013672,12.009977340698242,0.37257540225982666,0.27270540595054626,hungry,323cab80-2551-4a46-8c3d-62c7a5264afa-1430382588301-1.7-m-22-hu.wav,donate_cry
1973.581069047304,282.9197523917236,0.18930701911449432,0.1074993908405304,0.1708806524213576,848.9899494527833,24.684855114560676,2887.089164683361,-15.53387451171875,-221.5352020263672,145.80691528320312,-131.42578125,6.469934940338135,33.115264892578125,-52.76283645629883,3.6893160343170166,10.2535400390625,-22.990001678466797,16.325241088867188,7.627876281738281,-10.695844650268555,14.18117618560791,0.5431705713272095,0.32041189074516296,hungry,35D58153-7AB7-443D-BED0-2D7ABF73743F-1431855847-1.1-m-04-hu.wav,donate_cry
1438.3390754674838,398.0821096303523,0.0751958116889,0.12275893986225128,0.10794270833333333,777.4053604516869,25.312920222734736,2217.05859375,-30.402374267578125,-392.1919860839844,61.53664016723633,-45.532470703125,-8.199671745300293,26.069169998168945,-2.232682943344116,-11.211162567138672,-5.9727373123168945,-5.763448238372803,1.1729296445846558,-2.7717478275299072,-9.369376182556152,-0.7643066644668579,0.14210069179534912,0.29764488339424133,hungry,36f1b3ec-3d2a-470e-af6f-0a8cc11b2723-1430237012976-1.7-m-04-hu.wav,donate_cry
1282.8240145416619,384.43329561474695,0.007849251851439476,0.018202275037765503,0.09845257445469799,856.7820651817526,23.327014623317076,2188.654998164849,-42.264827728271484,-554.1664428710938,66.23689270019531,-16.64229393005371,-23.34511947631836,-5.276195049285889,-1.770951271057129,4.939228057861328,4.120429992675781,-7.253222942352295,-8.884384155273438,-5.017058849334717,-3.1114747524261475,0.7277688384056091,0.021178891882300377,0.41157564520835876,hungry,37105492-58b1-432e-a1ce-ea154425abab-1430744728397-1.7-f-26-hu.wav,donate_cry
1372.6993840662717,264.905453567012,0.01040004100650549,0.010696329176425934,0.10283655836092716,956.3395056926626,25.587145144935548,2540.8466667528974,-37.28322982788086,-487.5884094238281,153.28526306152344,-69.20451354980469,4.244490146636963,17.2823486328125,-41.913856506347656,-3.7490780353546143,-2.8029487133026123,-30.492639541625977,-2.551270008087158,-4.425086975097656,-16.676544189453125,-0.08975502848625183,0.030085237696766853,0.31919214129447937,hungry,375308C6-F894-49A5-B246-8C2819E9C6ED-1430416651-1.0-m-04-hu.wav,donate_cry
1454.8119107523487,317.1068013521743,0.06128273159265518,0.09497930109500885,0.09581791959850994,966.3620466635612,24.97248710240036,2644.3771665459435,-20.913787841796875,-294.4871826171875,130.0860595703125,-59.55752182006836,0.3878060579299927,12.690940856933594,-31.984773635864258,5.550182342529297,6.146419048309326,-20.5345516204834,1.9891141653060913,-3.0260887145996094,-18.034576416015625,-1.1051015853881836,0.1822841465473175,0.4198910593986511,hungry,376C006E-3664-4056-80D0-7661F631A062-1436930593-1.1-m-26-hu.wav,donate_cry
1465.417050366034,575.7516853819851,0.03712496906518936,0.04387278109788895,0.11073261982685811,945.6804880657596,26.18889797927584,2642.9096943623313,-29.73939323425293,-385.80902099609375,131.1156768798828,-64.28812408447266,2.0392181873321533,11.907093048095703,-42.43522262573242,-1.9952380657196045,5.013679504394531,-24.19156837463379,-1.803725004196167,-1.2713629007339478,-14.73575210571289,-0.15774236619472504,0.09719021618366241,0.3182395100593567,hungry,39180491-e076-4300-b5de-24e812dca6fe-1435708371348-1.7-f-04-hu.wav,donate_cry
1540.677464410176,273.2728114166419,0.18209883570671082,0.13380202651023865,0.11345748396109272,876.4001871117704,24.910295481634666,2633.7888199762006,-17.93101692199707,-238.9391632080078,131.6028594970703,-84.4344711303711,-8.359516143798828,6.975555419921875,-39.870880126953125,11.933690071105957,13.612983703613281,-17.758136749267578,9.327436447143555,0.550352156162262,-19.345718383789062,1.6018468141555786,0.40132302045822144,0.2647096812725067,hungry,3941D08C-5A97-48A4-8830-091D878137F6-1430099813-1.0-m-72-hu.wav,donate_cry
1568.4444122093457,250.10847782999193,0.20529015362262726,0.10074890404939651,0.11363533474751655,894.936573188825,25.369930123761996,2698.9588453280217,-14.309442520141602,-205.54800415039062,156.04190063476562,-100.2122573852539,-3.4315311908721924,13.370475769042969,-44.706947326660156,16.376375198364258,12.418701171875,-26.69287109375,10.785046577453613,2.2798333168029785,-21.13964080810547,4.436139106750488,0.49568963050842285,0.21292410790920258,hungry,3941D08C-5A97-48A4-8830-091D878137F6-1430099826-1.0-m-72-hu.wav,donate_cry
1382.4661308696143,405.22459278793787,0.11452686786651611,0.12301255017518997,0.10111875791807433,920.9927800870217,25.048920689413446,2471.3715424408783,-17.02299690246582,-233.8946075439453,153.8843231201172,-62.88153076171875,5.2130208015441895,20.203441619873047,-44.10456848144531,-11.436121940612793,-1.479735255241394,-25.703460693359375,1.2822377681732178,-0.7890798449516296,-21.16970443725586,-0.42314988374710083,0.356821745634079,0.3533842861652374,hungry,3bb2445a-9ae9-4dc8-9a2e-86c696ffa405-1430122005544-1.7-m-26-hu.wav,donate_cry
1276.771519366184,221.9971551911297,0.03313944861292839,0.03161466866731644,0.08854221101588629,958.6719646032525,25.985838273516972,2453.344808214883,-20.399837493896484,-306.6523132324219,158.5841827392578,-56.78697967529297,7.536409378051758,29.60165786743164,-30.55362319946289,-7.225644588470459,-4.299191474914551,-29.58796501159668,-2.988213062286377,-3.211404323577881,-21.087913513183594,1.4730384349822998,0.10251396894454956,0.36305534839630127,hungry,3bb2445a-9ae9-4dc8-9a2e-86c696ffa405-1430122381138-1.7-m-26-hu.wav,donate_cry
1109.5083521091092,237.43798952891817,0.03850162401795387,0.04022354632616043,0.07473969220317726,879.2998977815405,27.09682467918959,2108.4534712061036,-23.323137283325195,-357.223388671875,165.47238159179688,-42.66120910644531,3.2966814041137695,16.690725326538086,-35.976295471191406,-5.129146099090576,3.7118706703186035,-22.882829666137695,-1.383878469467163,-0.501974880695343,-20.710664749145508,-5.903058052062988,0.10031373798847198,0.2914184331893921,hungry,3bb2445a-9ae9-4dc8-9a2e-86c696ffa405-1430122479873-1.7-m-26-hu.wav,donate_cry
1434.8672950427426,441.05794478430704,0.07949529588222504,0.0724128782749176,0.10935703647575251,893.8181642840426,26.83851966468396,2464.4354880852843,-21.05283546447754,-292.49530029296875,169.24232482910156,-81.6526870727539,3.7179510593414307,27.107906341552734,-47.54753494262695,-6.3137640953063965,8.916794776916504,-28.5594425201416,-4.49886417388916,0.7339788675308228,-20.26445198059082,-2.0738189220428467,0.22032329440116882,0.29448315501213074,hungry,3bb2445a-9ae9-4dc8-9a2e-86c696ffa405-1430123758633-1.7-m-26-hu.wav,donate_cry
1733.3522260827947,322.4889871360241,0.10387296229600906,0.09460413455963135,0.14714249320652173,875.8707097284062,25.461349078606467,2765.8643231344063,-20.552257537841797,-254.10336303710938,151.9031219482422,-110.82786560058594,1.3730950355529785,32.443504333496094,-46.28986740112305,-5.940366744995117,1.6592971086502075,-25.858396530151367,10.078498840332031,-0.3073502480983734,-25.906173706054688,4.5965352058410645,0.2989345192909241,0.3385681211948395,hungry,3bb2445a-9ae9-4dc8-9a2e-86c696ffa405-1430124221551-1.7-m-26-hu.wav,donate_cry
1618.795172346634,306.52929395906403,0.08174476772546768,0.07669728249311447,0.1306797397575251,886.3184746173943,27.014386652190492,2681.387910874791,-24.532451629638672,-283.9903259277344,136.9158935546875,-93.76941680908203,-9.916784286499023,12.652518272399902,-48.792266845703125,-4.9279680252075195,5.2656755447387695,-22.45789909362793,8.520599365234375,3.6516175270080566,-22.117063522338867,0.04355429857969284,0.2221149504184723,0.25361472368240356,hungry,3bb2445a-9ae9-4dc8-9a2e-86c696ffa405-1430142760958-1.7-m-26-hu.wav,donate_cry
1903.8164176754717,347.6262248960107,0.1585313379764557,0.07909452170133591,0.17029429290254236,874.304652614533,26.81060223380247,2843.806193723517,-20.974323272705078,-238.01559448242188,151.8574676513672,-117.70178985595703,12.214607238769531,30.326261520385742,-70.50277709960938,-12.840791702270508,9.544918060302734,-30.60865020751953,6.591392517089844,9.969197273254395,-21.49869155883789,-2.0017428398132324,0.44418054819107056,0.2996242046356201,hungry,3bb2445a-9ae9-4dc8-9a2e-86c696ffa405-1430142784308-1.7-m-26-hu.wav,donate_cry
1740.325993962691,229.19454988145765,0.07669933140277863,0.06518872082233429,0.15151895059121623,925.4315382440396,26.213210242886475,2867.3715127480996,-23.644271850585938,-277.2579345703125,152.72320556640625,-109.47600555419922,-3.846240997314453,24.48598289489746,-47.416900634765625,0.025085655972361565,2.646519899368286,-34.251487731933594,4.430000305175781,2.3129723072052,-23.807891845703125,2.057178497314453,0.24782338738441467,0.33744117617607117,hungry,3bb2445a-9ae9-4dc8-9a2e-86c696ffa405-1430146536552-1.7-m-26-hu.wav,donate_cry
1388.7678519452938,247.0954121189195,0.00899590365588665,0.01040163915604353,0.10190526697019868,1004.5833981969197,24.62919719587026,2585.9808309188743,-33.01676940917969,-458.4914245605469,159.72552490234375,-67.37101745605469,11.343814849853516,22.456546783447266,-44.929298400878906,0.9870650172233582,13.660216331481934,-23.482677459716797,-8.116021156311035,-8.058282852172852,-19.788196563720703,-7.1542792320251465,0.02625330165028572,0.38854584097862244,hungry,3BF71DAF-2A9E-4355-89D3-41AC37E94083-1437281306-1.1-f-26-hu.wav,donate_cry
1255.656492867028,382.6367662123553,0.0719546228647232,0.05846016854047775,0.08277407786885246,914.4232130975959,26.34925665679818,2326.256643826844,-20.017545700073242,-289.5672607421875,176.4275665283203,-68.52603912353516,-2.936737060546875,9.311174392700195,-41.36431121826172,0.8688532710075378,-5.339232921600342,-27.07156753540039,8.621807098388672,-4.514307498931885,-20.905000686645508,4.766972541809082,0.2013218253850937,0.3758919835090637,hungry,3c0b4e07-33ec-4d68-a6b2-5f5dcb8cff8e-1430070829977-1.7-m-26-hu.wav,donate_cry
1233.9801402466787,397.8816505961011,0.20589369535446167,0.14625708758831024,0.09803086577868853,680.1452649176581,27.8298366140792,1877.0246061731557,-21.647554397583008,-271.42791748046875,142.84292602539062,-62.32284164428711,-25.822063446044922,8.079063415527344,-18.571062088012695,-1.9185466766357422,-9.672904014587402,-23.3280029296875,6.017470836639404,0.18523909151554108,-20.530588150024414,-4.948939323425293,0.48087647557258606,0.27489110827445984,hungry,3c51dedc-6e4c-47dd-a179-86a25e95f1ef-1430651019625-1.7-m-04-hu.wav,donate_cry
1097.2009409747463,399.21615316039373,0.19304659962654114,0.16963405907154083,0.0879578637295082,717.6794129591872,28.116665534839317,1730.4576235911886,-20.547901153564453,-303.03094482421875,139.52735900878906,-34.785701751708984,-14.500667572021484,6.3223137855529785,-15.017943382263184,1.3663386106491089,-7.484458923339844,-22.599658966064453,2.704676389694214,0.6149754524230957,-16.343746185302734,-3.8952791690826416,0.45974045991897583,0.2651158273220062,hungry,3c51dedc-6e4c-47dd-a179-86a25e95f1ef-1430651049104-1.7-m-72-hu.wav,donate_cry
593.5393958524558,284.6787059128418,0.15569302439689636,0.07352694869041443,0.03580445611933798,622.2685529312789,22.356096288284597,1077.7105564024391,-1.472524881362915,-252.8643798828125,234.96128845214844,-6.925988674163818,16.58660125732422,26.105804443359375,-18.603328704833984,8.30112361907959,5.480990886688232,-19.361902236938477,1.993332028388977,-0.7654029130935669,-13.664179801940918,-0.3867592513561249,0.5017310976982117,0.55161452293396,hungry,3d3e244d-20b1-4ec3-9732-92dcd14ff35a-1436961241219-1.7-m-72-hu.wav,donate_cry
1580.741617838567,516.6233421178807,0.05708184838294983,0.0595715194940567,0.12947860616721854,972.6296608123727,25.471262220045634,2693.183383562707,-22.685728073120117,-314.7341003417969,148.35397338867188,-67.77649688720703,15.494817733764648,28.453140258789062,-31.443912506103516,3.522226095199585,-4.37244987487793,-28.62261390686035,3.5517003536224365,-13.182942390441895,-31.903911590576172,-2.2539398670196533,0.14421851933002472,0.2929483950138092,hungry,3DF341FA-E90B-4335-A51A-A9B0769150CE-1436859277-1.1-m-04-hu.wav,donate_cry
1469.2968785622602,545.3445181357353,0.04431562125682831,0.055345188826322556,0.11208318242963576,970.292381430725,26.10169416592358,2597.923915433568,-22.153730392456055,-315.2818298339844,135.77764892578125,-51.90041732788086,14.10892105102539,26.852413177490234,-23.192407608032227,2.883216381072998,-5.948042869567871,-26.3637638092041,2.0098843574523926,-11.605344772338867,-29.53493881225586,-5.803886413574219,0.11475321650505066,0.293173611164093,hungry,3DF341FA-E90B-4335-A51A-A9B0769150CE-1436859328-1.1-m-04-hu.wav,donate_cry
1525.0701536930003,392.9775568805841,0.04728234186768532,0.06109543517231941,0.11363665471311475,1124.63560674232,25.25420998551368,3022.6263127561474,-14.698026657104492,-271.13555908203125,149.26585388183594,-63.461002349853516,15.391457557678223,17.688640594482422,-30.3985652923584,22.16872787475586,9.634458541870117,-22.606487274169922,5.628201007843018,-11.37221908569336,-19.72977066040039,7.851892948150635,0.14228691160678864,0.4363490641117096,hungry,40a4c760-facf-4911-b0a6-22eccc3ab18d-1430466164038-1.7-f-26-hu.wav,donate_cry
1342.2435379666795,377.6523746410356,0.04193020984530449,0.03877360746264458,0.08301421618852459,1099.5025495971756,25.041625074761537,2776.9006948002047,-15.91845989227295,-290.3835144042969,165.79786682128906,-61.37347412109375,20.015512466430664,25.693025588989258,-29.551130294799805,16.225730895996094,2.1699135303497314,-28.82493019104004,4.138678073883057,-10.030348777770996,-22.78917121887207,1.9718165397644043,0.1143936812877655,0.3627053201198578,hungry,40a4c760-facf-4911-b0a6-22eccc3ab18d-1430466176951-1.7-f-26-hu.wav,donate_cry
1363.6640093180574,431.9819040369093,0.20782727003097534,0.1563868522644043,0.07616547131147541,1061.971883431871,27.285211395189663,2733.0576812243853,-16.543197631835938,-216.72459411621094,141.67295837402344,-48.82940673828125,11.9491605758667,-8.149121284484863,-58.99720764160156,1.6206777095794678,-0.5248072743415833,-27.30030059814453,5.431431770324707,-7.4358062744140625,-18.520143508911133,10.745597839355469,0.4617353677749634,0.2366289496421814,hungry,40a4c760-facf-4911-b0a6-22eccc3ab18d-1430466393384-1.7-f-26-hu.wav,donate_cry
1474.805315111812,735.6969053973293,0.15349456667900085,0.12089699506759644,0.12016041239754098,946.1481982393381,24.51175138984171,2452.2082319415986,-9.604971885681152,-197.77418518066406,169.483642578125,-63.79951858520508,16.414722442626953,15.255043029785156,-39.906761169433594,18.130525588989258,6.793782711029053,-30.113908767700195,4.50588321685791,-7.473918437957764,-21.72331428527832,5.343359470367432,0.47861048579216003,0.36676380038261414,hungry,40a4c760-facf-4911-b0a6-22eccc3ab18d-1430477691332-1.7-f-26-hu.wav,donate_cry
2046.4877057685771,714.5285916212908,0.23584599792957306,0.15406237542629242,0.18523789702868854,959.6038390712024,25.53992455850682,3093.297579405738,-11.647319793701172,-186.8048095703125,152.99649047851562,-107.44491577148438,31.078876495361328,29.231468200683594,-54.22446060180664,17.50941276550293,7.490561008453369,-30.62129783630371,13.73369026184082,-10.78076457977295,-26.861103057861328,13.281704902648926,0.6689887046813965,0.3142297565937042,hungry,40a4c760-facf-4911-b0a6-22eccc3ab18d-1430477717469-1.7-f-26-hu.wav,donate_cry
2046.6353725478966,716.2016601075107,0.23628517985343933,0.12560629844665527,0.18556928790983607,967.716194146461,26.302122933851805,3159.238601434426,-13.021965980529785,-187.0843963623047,147.05545043945312,-108.5455551147461,26.01573944091797,22.40581703186035,-55.94466018676758,17.40908432006836,5.669010162353516,-29.531198501586914,16.94001007080078,-10.775009155273438,-27.709739685058594,14.809884071350098,0.6770413517951965,0.283222496509552,hungry,40a4c760-facf-4911-b0a6-22eccc3ab18d-1430477726097-1.7-f-26-hu.wav,donate_cry
2164.8816777176467,594.6074908173365,0.17400695383548737,0.1027219220995903,0.21281858350409835,1068.5141597961767,26.253057273691233,3361.5095094774592,-12.831177711486816,-214.18406677246094,174.2508087158203,-115.68094635009766,33.522789001464844,22.451919555664062,-64.1838150024414,25.40670394897461,10.36507797241211,-34.80189895629883,15.012208938598633,-12.356412887573242,-24.600753784179688,17.993074417114258,0.5257031917572021,0.32815754413604736,hungry,40a4c760-facf-4911-b0a6-22eccc3ab18d-1430477756469-1.7-f-26-hu.wav,donate_cry
1850.755423588623,584.7912613348583,0.17032058537006378,0.11761924624443054,0.16755756578947367,1044.9271885491405,24.846811149354846,3087.677162571957,-11.645485877990723,-186.4899444580078,174.4351806640625,-102.5559310913086,11.070718765258789,11.565558433532715,-50.92660140991211,22.69420051574707,1.361272931098938,-34.044647216796875,19.05328941345215,-6.5389838218688965,-25.957670211791992,14.942251205444336,0.5590898394584656,0.3501611649990082,hungry,40a4c760-facf-4911-b0a6-22eccc3ab18d-1430477780076-1.7-f-26-hu.wav,donate_cry
1355.6814517068044,402.68466081766394,0.007699181791394949,0.0029896681662648916,0.10799180327868853,919.7250766664977,24.17643147804536,2415.1428823002047,-28.111722946166992,-460.4371337890625,234.4300537109375,-102.904541015625,5.29683256149292,29.658906936645508,-46.59281921386719,11.378068923950195,3.355490207672119,-35.20670700073242,9.370662689208984,-3.0566444396972656,-21.82308006286621,11.078524589538574,0.026461614295840263,0.49310219287872314,hungry,415d69b4-6d84-4bf8-97b0-10f8f108dc1d-1430739498797-1.7-m-04-hu.wav,donate_cry
1419.496490545209,389.47680135102405,0.004694795701652765,0.002226894488558173,0.11538486168032787,888.2522489488792,24.243490703274976,2403.10546875,-32.95661163330078,-502.6533203125,222.94708251953125,-109.59491729736328,-0.8851194381713867,31.313880920410156,-43.287174224853516,8.264963150024414,4.247938632965088,-29.438217163085938,9.733261108398438,-4.8357367515563965,-22.306108474731445,8.057525634765625,0.015592494048178196,0.5050315856933594,hungry,415d69b4-6d84-4bf8-97b0-10f8f108dc1d-1430739528719-1.7-m-04-hu.wav,donate_cry
1533.9225916982841,442.7975588200204,0.0012061793822795153,0.0009793026838451624,0.14369396772540985,880.1505689261602,22.441635975004374,2510.8420850409834,-45.22911834716797,-643.7493896484375,166.29457092285156,-91.47650146484375,-0.22112807631492615,34.41164779663086,-34.2364616394043,-1.6856335401535034,6.493340015411377,-20.50128173828125,5.260563850402832,0.26189732551574707,-15.439759254455566,6.609612941741943,0.005268338602036238,0.44194093346595764,hungry,42ec6f14-6ba6-457f-8a80-101ee201195c-1431345009828-1.7-m-22-hu.wav,donate_cry
1667.011122286183,341.49208670691354,0.013932382687926292,0.026082169264554977,0.143435475020903,957.9084926206583,25.655505627749246,2819.6973309469063,-31.505529403686523,-419.4171142578125,92.90276336669922,-56.45665740966797,-2.6522228717803955,12.948149681091309,-25.19551658630371,7.7821431159973145,14.19775390625,-17.750530242919922,-6.206300258636475,1.4355980157852173,-8.629511833190918,-2.530452251434326,0.0432346872985363,0.43196818232536316,hungry,459c3f85-5710-4efa-bcc9-8012aa1af55e-1430034880215-1.7-f-48-hu.wav,donate_cry
1731.0956874597066,428.0939256346834,0.056478600949048996,0.043342120945453644,0.1455618839135906,788.6610439361367,26.392288223695267,2661.77126481229,-27.405628204345703,-325.48590087890625,153.35617065429688,-125.89794158935547,-15.356643676757812,18.270048141479492,-51.617000579833984,5.454353332519531,17.912813186645508,-23.363868713378906,-0.022667955607175827,-1.6989139318466187,-13.638263702392578,5.814668655395508,0.17033326625823975,0.30021387338638306,hungry,459c3f85-5710-4efa-bcc9-8012aa1af55e-1430034895673-1.7-f-48-hu.wav,donate_cry
1391.957175401056,277.0594819020467,0.008312704972922802,0.007936778478324413,0.1003046098923841,911.8870592092959,23.965784044558642,2515.498806782906,-36.05772018432617,-484.88153076171875,164.08096313476562,-81.3919677734375,-6.725729465484619,13.605510711669922,-37.46284866333008,10.056522369384766,7.502439975738525,-29.047443389892578,-2.702037811279297,-6.275793075561523,-18.57352066040039,3.065070867538452,0.026479575783014297,0.3938501477241516,hungry,46002244-7304-45DC-BF69-B6EC2BB25009-1436902364-1.1-f-48-hu.wav,donate_cry
1222.2357599071195,236.02244753532352,0.007839659228920937,0.015937762334942818,0.08774012735445205,911.239806075029,23.573312421642278,2272.7484716127997,-34.56114959716797,-503.1946716308594,132.86181640625,-36.83302307128906,-7.016058921813965,10.19585132598877,-18.463050842285156,4.968638896942139,4.981057167053223,-16.157825469970703,-1.8230561017990112,-3.7152199745178223,-14.249629974365234,-0.8497508764266968,0.023198414593935013,0.5064862370491028,hungry,4be720ce-a5e5-4a48-930f-a212f8a239f6-1434737668804-1.7-f-48-hu.wav,donate_cry
1289.6830317034166,287.4806453080953,0.009353365749120712,0.028247933834791183,0.09404932309503425,957.4555741414973,24.132230847414437,2473.774196677012,-35.784515380859375,-493.79461669921875,75.0526123046875,-8.200067520141602,-5.533303260803223,0.5165140628814697,-9.287127494812012,2.303720474243164,1.6616308689117432,-10.585047721862793,-3.769733190536499,-1.8572523593902588,-8.666367530822754,-3.039674997329712,0.024789510294795036,0.4687945246696472,hungry,4be720ce-a5e5-4a48-930f-a212f8a239f6-1434737694572-1.7-f-48-hu.wav,donate_cry
1596.7578236587494,192.902003561948,0.033550869673490524,0.03778678551316261,0.13239779537671234,746.5666651554423,26.101336747780568,2487.674911708048,-33.20064163208008,-387.4931640625,131.0410919189453,-111.49811553955078,-35.88978576660156,20.55255699157715,-29.119007110595703,-2.957339286804199,13.985854148864746,-17.093021392822266,-3.44474196434021,5.7967987060546875,-11.826762199401855,-3.6626954078674316,0.09836465120315552,0.3381420075893402,hungry,4be720ce-a5e5-4a48-930f-a212f8a239f6-1434774932733-1.7-f-48-hu.wav,donate_cry
1279.499698232945,254.10946481292345,0.04134199023246765,0.04485933110117912,0.08888558165667808,796.2161077105139,27.023325706878587,2230.7144792112585,-31.32538604736328,-409.2576904296875,119.4796142578125,-57.3287467956543,-25.01511573791504,4.430874347686768,-25.140331268310547,-2.402275562286377,8.980847358703613,-13.928625106811523,-3.764752149581909,5.129034519195557,-6.317543983459473,-2.09529185295105,0.10181761533021927,0.3284435272216797,hungry,4be720ce-a5e5-4a48-930f-a212f8a239f6-1434774947458-1.7-f-48-hu.wav,donate_cry
1379.2776928373346,259.1662089307365,0.014996862038969994,0.020176587626338005,0.10459728114652318,954.4136283975918,23.727661827705933,2573.431679428808,-33.31731414794922,-455.5179138183594,133.5981903076172,-57.007896423339844,-7.875319957733154,8.148054122924805,-21.382747650146484,13.287355422973633,0.5495323538780212,-26.626422882080078,-0.7662269473075867,-6.022406101226807,-16.547182083129883,3.0379445552825928,0.04014549031853676,0.45882368087768555,hungry,4CD5903D-E2CE-401E-B898-D873C763F44B-1430727644-1.0-m-26-hu.wav,donate_cry
1462.5349843550625,336.21496136528697,0.018522435799241066,0.020364366471767426,0.10859730701572848,950.474276878891,24.788736533111155,2676.8552262262006,-32.01130294799805,-434.378662109375,135.16859436035156,-70.01465606689453,-7.910459518432617,9.53055191040039,-24.238025665283203,18.70707893371582,5.552938938140869,-26.797687530517578,1.6354469060897827,-7.383556365966797,-20.93781089782715,4.919283390045166,0.05126774311065674,0.38593789935112,hungry,4CD5903D-E2CE-401E-B898-D873C763F44B-1430727653-1.0-m-26-hu.wav,donate_cry
1254.7887560783104,193.4064822899642,0.051687825471162796,0.09625866264104843,0.09245739244434932,822.5935565295096,27.42618359437802,2173.4155106217895,-31.238142013549805,-382.310546875,91.23125457763672,-27.272741317749023,-20.874338150024414,-2.212183952331543,-17.674699783325195,-8.417830467224121,-0.5026484727859497,-10.759632110595703,-7.512330055236816,-4.878239631652832,-10.44296646118164,-4.468948841094971,0.10768282413482666,0.30622759461402893,hungry,4cefc13c-e7c0-4b5a-bddb-c40c103e640a-1431583459308-1.7-f-26-hu.wav,donate_cry
1240.72431905337,246.59607152908902,0.07377038151025772,0.12022357434034348,0.08238408336900685,893.4451386577053,27.133716008520935,2335.1357655982447,-30.03677749633789,-358.8941955566406,96.23121643066406,-23.97603988647461,-6.1895623207092285,-6.245143413543701,-36.21866226196289,-9.131058692932129,3.517165184020996,-18.228904724121094,-12.16114616394043,-4.176450729370117,-11.049227714538574,-3.9561030864715576,0.15226593613624573,0.2599260210990906,hungry,4cefc13c-e7c0-4b5a-bddb-c40c103e640a-1431583470764-1.7-f-26-hu.wav,donate_cry
1408.049418778929,359.4944388636913,0.046719398349523544,0.04871011897921562,0.10742349182533113,883.7651521436849,25.846659556333794,2379.311992316846,-30.90712547302246,-384.26776123046875,125.3746109008789,-68.85572814941406,-4.344250679016113,14.904647827148438,-39.74434280395508,-7.40994119644165,10.607247352600098,-12.28156566619873,-6.557039737701416,-12.105127334594727,-16.920766830444336,-0.1926804631948471,0.12223739922046661,0.2953106462955475,hungry,4D43D6CD-C084-4081-ABF3-8B25951B2D75-1430146631-1.0-m-04-hu.wav,donate_cry
1497.4359102467959,359.05071507604083,0.04216872528195381,0.028227301314473152,0.1066393315397351,793.5105776986421,25.525370287316917,2386.3708900300085,-28.952590942382812,-366.5552062988281,154.63418579101562,-108.66960144042969,-7.946871280670166,29.0410213470459,-35.89118576049805,-0.02079126238822937,1.8483086824417114,-22.159164428710938,8.381975173950195,-5.61867618560791,-24.566600799560547,1.1389180421829224,0.12313034385442734,0.27336937189102173,hungry,50DC5FBC-AC95-44F2-B55F-E4E5FB03AC96-1430007656-1.0-m-26-hu.wav,donate_cry
1492.5690421707668,249.79661927801163,0.07107085734605789,0.09074829518795013,0.11342353062913907,858.3126218917542,25.36948006389567,2454.6069012572434,-28.008495330810547,-322.5416259765625,110.10714721679688,-71.2968978881836,-11.70520305633545,11.244685173034668,-35.204986572265625,-10.164556503295898,1.5214169025421143,-12.073811531066895,2.857996702194214,-6.536466121673584,-18.954906463623047,-1.3632234334945679,0.163086399435997,0.30661994218826294,hungry,50DC5FBC-AC95-44F2-B55F-E4E5FB03AC96-1430007668-1.0-m-26-hu.wav,donate_cry
1703.501765836053,308.6693725529768,0.06511139124631882,0.06010280176997185,0.14082710316639072,830.0703478423329,24.324597721848033,2656.3202510606375,-26.661624908447266,-324.0895690917969,136.4152069091797,-108.5362777709961,-5.324352264404297,29.79574966430664,-38.14460754394531,-4.262572765350342,3.6113781929016113,-17.5208683013916,7.766502857208252,-8.5758638381958,-25.00899314880371,7.273096561431885,0.19172509014606476,0.31552621722221375,hungry,50DC5FBC-AC95-44F2-B55F-E4E5FB03AC96-1430007691-1.0-m-26-hu.wav,donate_cry
1976.2947902726648,330.21705853860414,0.06546992063522339,0.04187246412038803,0.16678846750827814,949.835915390389,25.643801918341662,3014.220625517384,-21.94737434387207,-293.7533874511719,152.45498657226562,-117.9396743774414,20.821985244750977,32.30440139770508,-60.078243255615234,6.169538497924805,13.32282543182373,-26.396596908569336,11.908151626586914,-2.7149577140808105,-26.943864822387695,5.528975963592529,0.20693129301071167,0.3409959077835083,hungry,50DC5FBC-AC95-44F2-B55F-E4E5FB03AC96-1430108024-1.0-m-26-hu.wav,donate_cry
1250.1056774191682,283.1139153250937,0.013197788037359715,0.019500425085425377,0.09104479079278524,849.1234946102766,24.045711150926135,2259.432758100881,-37.13421630859375,-481.02276611328125,132.78683471679688,-41.34829330444336,-15.66415786743164,9.308816909790039,-26.748950958251953,-15.494363784790039,-3.3930695056915283,-15.014684677124023,-5.213575839996338,-4.728518009185791,-13.701953887939453,-2.510150194168091,0.03713768348097801,0.4441804885864258,hungry,52dfc27a-fbc4-4d9f-bbcf-6406c919324a-1430041644396-1.7-m-26-hu.wav,donate_cry
1600.9763107312626,334.3223223449345,0.12450405210256577,0.1380421668291092,0.1292442908653846,816.2346071141694,25.27406317055514,2548.4437872334865,-28.042217254638672,-308.84600830078125,100.88825988769531,-80.15950012207031,-18.243772506713867,10.490861892700195,-37.393577575683594,-10.70999813079834,7.248549938201904,-13.194337844848633,-1.2858694791793823,0.7968853116035461,-11.79867172241211,-2.3416755199432373,0.3190647065639496,0.3178609013557434,hungry,52dfc27a-fbc4-4d9f-bbcf-6406c919324a-1430041657947-1.7-m-26-hu.wav,donate_cry
1387.4134555217088,305.67982116951106,0.11195595562458038,0.0663471519947052,0.09421079521937085,985.459220461936,27.742294407405566,2538.636304842715,-17.561145782470703,-271.36505126953125,165.11679077148438,-77.63996887207031,21.193374633789062,27.62229347229004,-55.89507293701172,-4.5556535720825195,9.417821884155273,-27.522470474243164,-1.4713605642318726,0.47735586762428284,-13.858942985534668,0.1860462725162506,0.34003108739852905,0.2788344621658325,hungry,539FDD32-6326-422E-A707-FCF063D3426C-1437073534-1.1-f-26-hu.wav,donate_cry
1106.7701036343337,184.5262030270525,0.16202391684055328,0.1140953078866005,0.055746520591887415,896.7204745860565,27.891848378400088,2194.746772816639,-18.2508544921875,-273.8671875,129.88348388671875,-47.6766242980957,8.615069389343262,13.679794311523438,-39.47418975830078,-7.968695163726807,-0.40296298265457153,-21.309846878051758,-3.6071040630340576,-4.138936996459961,-4.956554412841797,13.962674140930176,0.3033747971057892,0.22366175055503845,hungry,539FDD32-6326-422E-A707-FCF063D3426C-1437073544-1.1-f-26-hu.wav,donate_cry
1450.6278466630029,440.8376937793219,0.0012713331962004304,0.002640214515849948,0.11019650021114864,1016.8255702771069,22.5979590691755,2720.5310718433275,-51.804988861083984,-693.188720703125,102.66333770751953,-34.44019317626953,2.725273847579956,10.21550178527832,-29.155075073242188,-5.8347673416137695,4.592462539672852,-14.458974838256836,-4.911837100982666,-1.9869334697723389,-8.794084548950195,-0.8908734917640686,0.0034924440551549196,0.42395177483558655,hungry,549a46d8-9c84-430e-ade8-97eae2bef787-1430130669340-1.7-m-48-hu.wav,donate_cry
1352.2905222362972,461.2768108872976,0.0023790402337908745,0.005051057320088148,0.10224149042508418,856.5431381069574,23.49486249714041,2351.034268465909,-47.26395034790039,-616.7036743164062,102.57252502441406,-37.6632080078125,-20.00920867919922,4.640236854553223,-22.93832778930664,-17.543277740478516,-0.42439255118370056,-1.9235538244247437,-0.2927968502044678,-3.247260093688965,-4.855956077575684,3.95750093460083,0.006749719846993685,0.36208686232566833,hungry,549a46d8-9c84-430e-ade8-97eae2bef787-1430130686288-1.7-m-48-hu.wav,donate_cry
1341.5449186928315,478.00543372159393,0.031050514429807663,0.02705434523522854,0.09512081661739864,764.1393301780491,27.407239811152667,2251.3473098342483,-36.548885345458984,-456.9790954589844,126.18151092529297,-65.94171905517578,-22.407045364379883,17.129512786865234,-29.573143005371094,-19.5192813873291,4.2906575202941895,-10.078862190246582,-4.660417079925537,3.1367995738983154,-9.229598045349121,-7.484776496887207,0.07523141801357269,0.2565917670726776,hungry,549a46d8-9c84-430e-ade8-97eae2bef787-1430130702316-1.7-m-48-hu.wav,donate_cry
1294.61328212674,434.8763484833548,0.007160764187574387,0.009306730702519417,0.09242207295185811,816.6643220551698,25.988552733500715,2268.9885319890204,-45.08196258544922,-585.3673095703125,112.58675384521484,-43.15269470214844,-24.28544044494629,5.7735395431518555,-21.7148380279541,-15.894585609436035,1.1430935859680176,-2.4183082580566406,0.0002965669264085591,-1.835566520690918,-7.582158088684082,-3.3182833194732666,0.01959996670484543,0.308029443025589,hungry,549a46d8-9c84-430e-ade8-97eae2bef787-1430130714659-1.7-m-48-hu.wav,donate_cry
1551.86948898542,489.56114261217056,0.013989761471748352,0.02311890199780464,0.12411911423141891,870.0873342188162,25.422396931966155,2612.2467041015625,-42.505714416503906,-520.837646484375,80.50068664550781,-54.36873245239258,-16.098840713500977,5.909276962280273,-27.908618927001953,-9.974493026733398,6.494114875793457,-8.660310745239258,-3.578477621078491,2.0193214416503906,-4.6020917892456055,-1.4684743881225586,0.039607759565114975,0.3485347330570221,hungry,549a46d8-9c84-430e-ade8-97eae2bef787-1430130760929-1.7-m-48-hu.wav,donate_cry
1216.4686966218926,143.26552497627506,0.04825408384203911,0.04390741139650345,0.08063754656456953,872.0115196603452,26.589288958821747,2237.9914340593955,-23.289602279663086,-331.5022888183594,146.16641235351562,-57.700401306152344,-2.772092342376709,16.07902717590332,-32.51087951660156,-3.7655751705169678,6.303247928619385,-10.586792945861816,2.3027894496917725,-10.7007417678833,-20.83222007751465,-3.2453036308288574,0.10918154567480087,0.27230697870254517,hungry,5728DDD6-149B-412F-A14B-C29B9B5E415F-1432635035-1.0-m-26-hu.wav,donate_cry
1330.7740007674106,406.60846060437797,0.09044133126735687,0.07109861075878143,0.09882521471440397,831.4120619740377,25.57059662302715,2291.5748848820363,-19.0002498626709,-284.45611572265625,151.7750701904297,-68.79471588134766,1.5271064043045044,21.190940856933594,-33.07756805419922,4.369208812713623,10.33810043334961,-17.578645706176758,-0.7371535301208496,-9.947023391723633,-21.66074562072754,0.048263248056173325,0.2407543808221817,0.23780636489391327,hungry,5728DDD6-149B-412F-A14B-C29B9B5E415F-1432635047-1.0-m-26-hu.wav,donate_cry
1263.568063780173,185.07609136439868,0.05832286179065704,0.05071515217423439,0.08752198882450331,879.9841438942926,25.457145859994696,2318.5270397868376,-20.544525146484375,-304.4715576171875,153.2724151611328,-63.204612731933594,-0.6576908826828003,19.17292022705078,-33.050750732421875,1.7227520942687988,10.764451026916504,-15.008910179138184,-1.2026469707489014,-9.436471939086914,-20.969717025756836,-4.008994102478027,0.1463150680065155,0.30838143825531006,hungry,5728DDD6-149B-412F-A14B-C29B9B5E415F-1432635069-1.0-m-26-hu.wav,donate_cry
1722.360368141574,449.5162128393596,0.1415177285671234,0.08496802300214767,0.1334347195095486,952.36971551653,27.501390286644085,2793.634033203125,-19.0190372467041,-260.62158203125,156.603271484375,-108.58687591552734,6.3018927574157715,16.401153564453125,-55.34514617919922,10.662007331848145,7.833088397979736,-32.76999282836914,6.509918212890625,1.6884489059448242,-10.06539535522461,14.141752243041992,0.40667635202407837,0.29453375935554504,hungry,5afc6a14-a9d8-45f8-b31d-c79dd87cc8c6-1430757081034-1.7-m-48-hu.wav,donate_cry
1432.1504751229256,386.98392066762943,0.11352325230836868,0.11454066634178162,0.10087727864583333,879.2251431805745,26.14880838267011,2440.968017578125,-14.640957832336426,-241.83937072753906,163.53431701660156,-87.50772094726562,-14.754785537719727,20.984601974487305,-31.039945602416992,4.185512065887451,10.856159210205078,-16.766307830810547,7.289516448974609,5.3892903327941895,-12.500532150268555,1.8368440866470337,0.3474135100841522,0.39962440729141235,hungry,5b49f19f-a3a7-411e-bb32-755da3cbd6f0-1430029991480-1.7-m-48-hu.wav,donate_cry
1299.7705273587835,274.2624669429106,0.032714713364839554,0.04231918975710869,0.08110965956125828,1017.7302001552758,23.66008028268262,2576.2481083143625,-33.05939865112305,-443.4851989746094,111.46559143066406,-33.518821716308594,7.113675594329834,8.318558692932129,-32.59234619140625,-2.1899938583374023,2.864626407623291,-20.75663185119629,-4.764995098114014,-2.5957257747650146,-14.494572639465332,-5.136282920837402,0.08893409371376038,0.3769114315509796,hungry,5C2F730C-9721-40B7-A2D8-C257DB518978-1429966327-1.0-m-04-hu.wav,donate_cry
1413.234727097913,299.55683875099015,0.03862832486629486,0.03648725524544716,0.08935223509933775,1061.619003170221,24.888746245985143,2763.914964688535,-26.05830955505371,-343.4197998046875,138.93704223632812,-51.99201202392578,11.342432022094727,1.6100304126739502,-56.29727554321289,-6.094283103942871,-0.4148232042789459,-25.219181060791016,6.372408866882324,2.1432695388793945,-15.752137184143066,0.02628568932414055,0.11829924583435059,0.34848591685295105,hungry,5C2F730C-9721-40B7-A2D8-C257DB518978-1429966336-1.0-m-04-hu.wav,donate_cry
1433.8035493795285,226.41052059179603,0.038800690323114395,0.06861919164657593,0.11012197330298014,939.7659179627693,23.151440190687783,2602.55854524524,-29.86079216003418,-370.70068359375,95.22233581542969,-40.757808685302734,-10.651717185974121,-0.040562912821769714,-26.918270111083984,-0.2369091659784317,5.674940586090088,-14.59381103515625,-4.900347709655762,-4.918634414672852,-13.58427906036377,-1.784533977508545,0.10266222804784775,0.38400545716285706,hungry,5E01DC60-1DE3-4AF9-A661-7F649EAE457D-1430141106-1.0-m-26-hu.wav,donate_cry
1636.3403795770012,299.2699334027554,0.006845110561698675,0.012060151435434818,0.1408708479020979,955.4543976646972,25.377990415028744,2817.988554414336,-38.16664123535156,-518.5792236328125,113.90747833251953,-65.95211791992188,-2.698484182357788,16.731184005737305,-29.723844528198242,0.06384245306253433,3.465890407562256,-18.800430297851562,5.540529251098633,3.705561399459839,-11.080667495727539,7.253863334655762,0.02017720602452755,0.4243554472923279,hungry,5f0a1ed4-ee2c-493c-bc00-6b56aad78a72-1430933240505-1.7-m-72-hu.wav,donate_cry
1096.0148344455429,430.13846668705344,0.15417692065238953,0.10235876590013504,0.05996224393812709,893.5533458582358,26.778909345300246,2142.8777892454013,-24.301292419433594,-304.5653076171875,132.939208984375,-40.43931579589844,11.971019744873047,22.73760223388672,-44.03973388671875,-27.797800064086914,-9.519730567932129,-29.26490592956543,-11.672650337219238,0.7232504487037659,-12.884681701660156,-4.103729248046875,0.3016134202480316,0.2248374968767166,hungry,5f651112-d2a3-4911-b3a5-f37bfc092494-1430734658837-1.7-m-72-hu.wav,donate_cry
986.2084352658691,151.4679498353565,0.11939436197280884,0.1338033378124237,0.05882727581521739,776.0296709198259,25.19184995870448,1856.1405041544733,-19.665088653564453,-257.1205139160156,144.34022521972656,-24.891380310058594,-15.51331901550293,3.7711119651794434,-28.817787170410156,-17.786718368530273,-4.710066318511963,-19.624221801757812,-10.96457576751709,-1.967224359512329,-12.682355880737305,-9.679344177246094,0.29931870102882385,0.29745960235595703,hungry,602b06a7-31f0-4370-b35a-9cc81d205958-1430739585531-1.7-m-04-hu.wav,donate_cry
902.3453478297578,160.07161647032635,0.3632776737213135,0.21142928302288055,0.05642287795608108,596.4295925654504,27.13316781014305,1425.4471237595017,-19.342666625976562,-241.4130096435547,140.1658477783203,-35.60807418823242,-33.741783142089844,-8.828330039978027,-29.850749969482422,-20.044498443603516,-10.419205665588379,-20.53558921813965,-12.559530258178711,-1.5095683336257935,5.30970573425293,17.580158233642578,0.6660299301147461,0.19691312313079834,hungry,602b06a7-31f0-4370-b35a-9cc81d205958-1430739609286-1.7-f-72-hu.wav,donate_cry
1230.6541099449087,240.3033056956495,0.04188147932291031,0.08040837198495865,0.08846545777591973,870.2775550191321,24.523656076369072,2219.4682960127507,-30.94864273071289,-388.26226806640625,97.90888977050781,-21.22554588317871,-11.448751449584961,4.5625901222229,-18.907419204711914,-14.077241897583008,-5.1016130447387695,-11.671650886535645,-8.193967819213867,-9.326332092285156,-12.953847885131836,-3.6351637840270996,0.10057083517313004,0.4244324266910553,hungry,602b06a7-31f0-4370-b35a-9cc81d205958-1430907796431-1.7-f-72-hu.wav,donate_cry
1326.8213293498743,324.3030331127594,0.0058214133605360985,0.009413573890924454,0.09027382553807947,963.8400424201183,22.498717616824475,2488.9744638607203,-39.25093078613281,-502.9688415527344,140.1515655517578,-55.48991012573242,-2.058227777481079,11.204479217529297,-32.98350143432617,-0.4628317058086395,0.15161536633968353,-24.614959716796875,-7.801959991455078,-14.070357322692871,-20.712696075439453,-0.6063925623893738,0.022288667038083076,0.4523508846759796,hungry,63CA92F7-973A-4DCA-A410-7B19811A2478-1430041884-1.0-f-26-hu.wav,donate_cry
1315.9546166736554,312.6649759385684,0.007246942725032568,0.016314752399921417,0.08982596492135761,987.7933131345214,21.9624818052866,2513.680605856788,-41.439083099365234,-530.87890625,114.16160583496094,-36.16130828857422,2.8568356037139893,13.79211711883545,-25.364154815673828,-5.790844440460205,-3.092820644378662,-23.13833236694336,-11.461592674255371,-11.61730670928955,-17.287921905517578,-4.725469589233398,0.024141652509570122,0.4067957103252411,hungry,63CA92F7-973A-4DCA-A410-7B19811A2478-1430041902-1.0-f-26-hu.wav,donate_cry
1032.0136540840065,300.8232935704458,0.19653069972991943,0.19231832027435303,0.0716140162238676,746.7060502148743,26.336634155664807,1767.0356564405488,-18.840829849243164,-259.067626953125,138.44647216796875,-34.710182189941406,-15.864397048950195,-1.3638094663619995,-32.01198196411133,-15.655902862548828,-10.171501159667969,-17.59958839416504,-0.5788027048110962,-2.0216050148010254,-5.317587852478027,10.985724449157715,0.381664514541626,0.2886742055416107,hungry,64acb345-a61e-4ef3-a5a6-cf83c04b83f1-1430045478300-1.7-m-72-hu.wav,donate_cry
1339.9417097503645,216.54361729986428,0.12965750694274902,0.16259050369262695,0.09897426791958042,933.9208790022991,25.19112986620547,2475.979550234921,-18.79986000061035,-252.92584228515625,133.26393127441406,-53.902523040771484,-7.003759860992432,4.705578327178955,-40.60774230957031,-8.477319717407227,0.21683144569396973,-20.34015655517578,0.3018602430820465,1.7252461910247803,-8.031721115112305,6.677434921264648,0.28746673464775085,0.3966748118400574,hungry,64acb345-a61e-4ef3-a5a6-cf83c04b83f1-1430058973897-1.7-m-72-hu.wav,donate_cry
1017.9180656081379,495.4159084086843,0.035630740225315094,0.03877225145697594,0.06332314980996621,804.3077333339355,26.40112242401392,1833.013916015625,-30.700519561767578,-407.81805419921875,112.33106994628906,-7.192560195922852,-3.4725568294525146,-2.69614839553833,-30.895587921142578,-13.527904510498047,-1.7103019952774048,-18.533329010009766,-11.592013359069824,-1.9621387720108032,-8.895211219787598,-3.142049551010132,0.07998067885637283,0.30961108207702637,hungry,653bf718-94bd-40d0-af7c-8fe44e07640c-1430759214066-1.7-m-04-hu.wav,donate_cry
1310.5522288592424,458.2662132689418,0.07277537882328033,0.06767677515745163,0.10081117161195287,837.9712946061346,23.012063602353383,2279.0756687973485,-23.386526107788086,-314.6311950683594,140.72186279296875,-56.23221969604492,-15.333816528320312,16.344436645507812,-30.21342658996582,-13.206937789916992,6.438943386077881,-14.694623947143555,-9.694544792175293,-2.8958399295806885,-10.340676307678223,-0.2868119180202484,0.1996852606534958,0.3524203598499298,hungry,653bf718-94bd-40d0-af7c-8fe44e07640c-1430759231913-1.7-m-04-hu.wav,donate_cry
1023.945877847853,222.45682392811557,0.11203446239233017,0.09271401166915894,0.05381441432119205,834.0697784393582,26.435819470601086,1944.3341589921358,-29.920757293701172,-327.4224853515625,127.38597869873047,-44.22453689575195,-5.461843013763428,10.651894569396973,-38.671104431152344,-26.966466903686523,-16.143590927124023,-23.131765365600586,-2.2371695041656494,-7.44325590133667,-26.741165161132812,-8.564338684082031,0.22421754896640778,0.20766757428646088,hungry,6639C63C-F634-489C-91B3-E3DB5930EFD5-1431370257-1.1-m-04-hu.wav,donate_cry
978.1961502434581,322.33322334015844,0.1081443652510643,0.07533321529626846,0.057542813534768214,781.6400461811459,26.530569306512717,1795.1347300548427,-28.645973205566406,-306.9439392089844,131.78439331054688,-39.965301513671875,-12.416707038879395,8.386733055114746,-29.68831443786621,-25.253894805908203,-25.31513786315918,-28.51017951965332,-0.3205288350582123,-5.8288445472717285,-28.194316864013672,-10.13165283203125,0.2174331247806549,0.23050960898399353,hungry,6639C63C-F634-489C-91B3-E3DB5930EFD5-1431370278-1.1-m-04-hu.wav,donate_cry
1258.8312429380294,272.3788129313438,0.0981757640838623,0.13323795795440674,0.08259390521523179,871.084576842976,25.866417666405408,2174.5683076365895,-23.240121841430664,-291.005859375,105.82118225097656,-43.38764572143555,-7.648684024810791,13.337835311889648,-18.778711318969727,-6.653350830078125,-2.7819085121154785,-14.44224739074707,-6.602688789367676,-12.248238563537598,-15.375656127929688,-2.3556206226348877,0.2277192920446396,0.32319992780685425,hungry,67414C5E-0EB2-48FD-8391-FCF085FDB6D9-1430050964-1.0-m-04-hu.wav,donate_cry
1375.592046013845,376.1192065845908,0.18774372339248657,0.13577596843242645,0.09100047144396552,845.7962710356713,27.703185088651306,2319.1631027747844,-19.561010360717773,-233.3112030029297,151.39056396484375,-81.65828704833984,-17.718599319458008,19.548362731933594,-31.742830276489258,-9.958788871765137,-0.06946221739053726,-20.077430725097656,-7.861998081207275,-10.800325393676758,-13.543808937072754,1.5106768608093262,0.5283178687095642,0.29789912700653076,hungry,69374818-7b73-48ac-8200-e6a225e293fb-1430746080630-1.7-m-04-hu.wav,donate_cry
1305.337789073621,426.0726284653404,0.07564763724803925,0.11079626530408859,0.08681640625,848.2433346251476,26.028438306446148,2198.3544080010774,-26.085147857666016,-317.1049499511719,132.79388427734375,-53.2849235534668,-22.412410736083984,1.3840306997299194,-29.31149673461914,-8.817221641540527,-2.7555036544799805,-15.944461822509766,-2.80958890914917,-8.112658500671387,-14.429515838623047,1.6979042291641235,0.19703267514705658,0.3013654351234436,hungry,69374818-7b73-48ac-8200-e6a225e293fb-1430746091424-1.7-m-04-hu.wav,donate_cry
893.1793700155853,387.2013390275363,0.03775523602962494,0.029604870826005936,0.047979608282342656,676.9798376244995,25.74374479257269,1526.2598851343969,-36.25328826904297,-468.0096130371094,146.0701141357422,-11.607443809509277,-20.419403076171875,-12.274117469787598,-29.37533187866211,-10.622053146362305,-5.3624467849731445,-20.279010772705078,-10.273985862731934,-6.262609004974365,-14.744436264038086,-8.132341384887695,0.09138809144496918,0.239663764834404,hungry,6bd76f21-f279-4c46-9453-58c95e7b2475-1430767927715-1.7-m-72-hu.wav,donate_cry
714.9885034456485,371.56359300973753,0.051617927849292755,0.05136505141854286,0.0401220703125,662.19482975778,26.537802563760692,1144.92041015625,-19.370773315429688,-322.97125244140625,145.53836059570312,18.08426856994629,0.39992615580558777,-4.610183238983154,-22.09488868713379,-10.1835298538208,-6.41564416885376,-11.530740737915039,-5.456298828125,-11.737523078918457,-15.5458402633667,-5.296718120574951,0.131606787443161,0.2784079313278198,hungry,6d922623-8424-4625-be4c-4964e0c9e25c-1434898452774-1.7-m-04-hu.wav,donate_cry
853.6304047338779,408.2334632160874,0.04419073462486267,0.03903944417834282,0.03528689381270903,823.8364644520061,26.760001232895636,1629.4297234270484,-19.177274703979492,-384.51934814453125,158.22935485839844,-8.274613380432129,7.3141560554504395,17.63153839111328,-12.507113456726074,4.8669514656066895,3.033198595046997,-17.01030158996582,-2.213731527328491,-1.9394086599349976,-12.7735013961792,-1.1417757272720337,0.08861926198005676,0.3412807583808899,hungry,7060a4f6-4c0c-494b-912c-ae60158b185a-1436931995150-1.7-f-04-hu.wav,donate_cry
1568.498969905241,603.4577122510242,0.04433021694421768,0.08241906017065048,0.1259194058319398,1052.9459962020367,21.290436098631176,2832.7684893655937,-27.073835372924805,-413.0315246582031,110.74822235107422,-42.62364196777344,13.99499797821045,12.499853134155273,-28.116289138793945,9.990022659301758,5.305553913116455,-16.959373474121094,6.7576518058776855,-2.7578697204589844,-13.507596969604492,5.740144729614258,0.1496778428554535,0.5438055992126465,hungry,70d30513-0ec3-49e4-9976-e85785e85c2d-1431033372810-1.7-m-04-hu.wav,donate_cry
1571.7000907271688,415.40597202920685,0.0554814338684082,0.0867740586400032,0.11543197376672241,1038.516071822764,24.306039493400547,2888.1858800167224,-31.54340171813965,-411.94049072265625,84.88665771484375,-48.62006378173828,1.1668914556503296,5.294766902923584,-29.584308624267578,4.355889320373535,5.313940525054932,-16.921945571899414,2.7928426265716553,0.9724513292312622,-11.140921592712402,3.360077142715454,0.16689841449260712,0.46219542622566223,hungry,70d30513-0ec3-49e4-9976-e85785e85c2d-1431033390358-1.7-m-04-hu.wav,donate_cry
1639.3246124948696,524.9989817399893,0.10183361917734146,0.09856794774532318,0.125830078125,925.7030294783914,25.532578152534608,2728.5439453125,-25.31737518310547,-303.6978759765625,110.54000091552734,-74.68182373046875,2.1726789474487305,9.658916473388672,-48.03142547607422,-2.682137966156006,5.627185821533203,-26.844518661499023,-2.480701208114624,3.1843221187591553,-8.249414443969727,6.358862400054932,0.2987935543060303,0.34209486842155457,hungry,70d30513-0ec3-49e4-9976-e85785e85c2d-1431033405793-1.7-m-04-hu.wav,donate_cry
1281.2255703032608,330.5703636644746,0.003602457931265235,0.011633300222456455,0.08948908625422297,946.8191752823324,22.94432049497495,2423.9402977195946,-39.65403366088867,-552.5431518554688,90.85636901855469,-16.723745346069336,-4.485965251922607,11.691709518432617,-12.830694198608398,-7.23776388168335,6.658750534057617,-2.1380317211151123,-4.7000250816345215,-4.378074645996094,-10.824514389038086,-8.847315788269043,0.010852502658963203,0.5192192196846008,hungry,719bb382-a592-46b7-82d2-8b4a625263b7-1430376267895-1.7-m-48-hu.wav,donate_cry
1316.2333629943043,345.3138956801898,0.004673820920288563,0.01321242842823267,0.09602483538879598,925.3049871627908,21.91304688318108,2405.741305654264,-41.117618560791016,-550.9091796875,83.86595916748047,-22.036203384399414,-12.960350036621094,7.55349063873291,-9.991758346557617,-7.827752590179443,2.043175458908081,-3.2497382164001465,-5.165280342102051,-5.430278301239014,-6.555674076080322,-3.865427017211914,0.02090425416827202,0.5571067929267883,hungry,719bb382-a592-46b7-82d2-8b4a625263b7-1430376483385-1.7-m-48-hu.wav,donate_cry
1427.8227761121284,390.8037689899621,0.027448341250419617,0.03525123745203018,0.1160215039715719,813.2137523236503,23.60833137384471,2370.7768571017978,-33.65070724487305,-423.6601257324219,130.2224884033203,-72.27689361572266,-32.90168380737305,9.433229446411133,-29.642398834228516,-11.801405906677246,15.667455673217773,-2.5729787349700928,-8.203065872192383,-3.3381943702697754,-5.427481174468994,-2.958141803741455,0.08379124104976654,0.4386945068836212,hungry,719bb382-a592-46b7-82d2-8b4a625263b7-1430376501744-1.7-m-48-hu.wav,donate_cry
1065.907138650819,370.0218279329586,0.011849877424538136,0.016711972653865814,0.07164417613636363,819.8608002115423,23.80347257400724,1967.3879912405303,-36.016754150390625,-511.76629638671875,129.78248596191406,-19.266584396362305,-15.00466251373291,3.532932758331299,-16.427661895751953,-8.438910484313965,-3.8459274768829346,-10.416665077209473,0.6849527359008789,-0.9360994696617126,-11.496904373168945,-4.618422985076904,0.03341270610690117,0.42477673292160034,hungry,719bb382-a592-46b7-82d2-8b4a625263b7-1430376562788-1.7-m-48-hu.wav,donate_cry
1849.5173111209524,279.0205506137806,0.18180705606937408,0.13798408210277557,0.14198475010347683,956.4401572663961,26.79250213907023,3023.4898851407283,-15.211750984191895,-219.49017333984375,142.64456176757812,-102.52572631835938,13.04611873626709,30.608901977539062,-39.533287048339844,11.743273735046387,4.237942695617676,-30.899944305419922,6.3928022384643555,-5.380389213562012,-19.9287166595459,11.331883430480957,0.4586079716682434,0.23680956661701202,hungry,743E7CCA-D32B-40B6-9541-9808122D3F6B-1436860011-1.1-f-26-hu.wav,donate_cry
1691.970341154006,598.9343683204012,0.11223816871643066,0.11497543752193451,0.14166623551324503,1021.4981391274664,26.437918634062715,2890.5473115428395,-20.448993682861328,-281.4010009765625,130.3414306640625,-70.53458404541016,14.240910530090332,16.502357482910156,-41.619789123535156,3.1968493461608887,-2.3825957775115967,-23.636281967163086,13.034607887268066,-2.2752349376678467,-21.4483642578125,0.14477942883968353,0.2906108498573303,0.28656166791915894,hungry,743E7CCA-D32B-40B6-9541-9808122D3F6B-1436860028-1.1-f-26-hu.wav,donate_cry
1725.2811448266013,475.1984265198019,0.18937397003173828,0.12099838256835938,0.1489629682326159,1058.0224718928202,26.811604119815744,3057.358333764487,-17.85373306274414,-246.27793884277344,154.21339416503906,-94.49532318115234,20.067960739135742,20.706157684326172,-54.268943786621094,7.5261359214782715,0.48237136006355286,-29.25853729248047,17.767684936523438,-3.054123640060425,-28.488187789916992,2.9808056354522705,0.5025454163551331,0.23412692546844482,hungry,743E7CCA-D32B-40B6-9541-9808122D3F6B-1436860053-1.1-f-26-hu.wav,donate_cry
1806.8393675388363,393.2971886564748,0.06060696765780449,0.04167982190847397,0.15124269194950332,974.379751472972,24.49336638678612,2961.920610642591,-18.835433959960938,-290.7095031738281,169.9316864013672,-111.85978698730469,8.54246711730957,23.790973663330078,-45.66157150268555,21.326398849487305,10.418717384338379,-31.480449676513672,12.79775333404541,-1.112411618232727,-21.477598190307617,10.63266658782959,0.17926795780658722,0.286864697933197,hungry,743E7CCA-D32B-40B6-9541-9808122D3F6B-1436860161-1.1-f-26-hu.wav,donate_cry
1707.8572406266621,413.4998764452023,0.09599298983812332,0.08296849578619003,0.14341564052152317,921.8649882280706,26.1453733073491,2734.288984892384,-15.318618774414062,-234.6004180908203,155.6964111328125,-95.68862915039062,1.3784005641937256,20.788114547729492,-39.750816345214844,9.044424057006836,6.923501491546631,-17.785005569458008,13.367940902709961,-7.640933990478516,-21.161718368530273,10.28671932220459,0.2669409513473511,0.3044767677783966,hungry,7616E8F4-B1A7-45A6-9A0C-C9BB2DE64FC3-1436868751-1.1-m-72-hu.wav,donate_cry
1376.833722454086,258.24699882297097,0.12359867990016937,0.09839340299367905,0.10809948979591837,826.7470604647361,27.909600460785803,2338.1103515625,-22.30426597595215,-280.3118591308594,150.21231079101562,-79.13873291015625,-13.554533004760742,16.318439483642578,-40.721435546875,-13.282872200012207,1.6922086477279663,-12.965400695800781,11.003034591674805,0.011446790769696236,-26.397680282592773,-2.8203582763671875,0.3203713595867157,0.2559716999530792,hungry,771fa0cc-4535-471b-9cec-d26deff8d567-1429803644891-1.7-m-04-hu.wav,donate_cry
1390.1140303930995,430.4053451410675,0.03871871531009674,0.020561978220939636,0.11133324683129371,896.3076626325402,26.039595829929425,2449.740664608829,-20.63490867614746,-356.1881408691406,192.49136352539062,-84.08642578125,8.64918327331543,38.642337799072266,-29.376455307006836,9.18117618560791,-0.5083948969841003,-35.375572204589844,14.21929931640625,6.887892246246338,-33.1016845703125,0.3116745352745056,0.11594920605421066,0.28589385747909546,hungry,789d2553-cbf2-4911-91e4-fb228d231238-1430818517787-1.7-m-26-hu.wav,donate_cry
1648.2165901145058,293.41472812184946,0.028918683528900146,0.02635733038187027,0.13769854615066227,959.3886752939222,23.731653233869107,2766.660091576987,-26.431507110595703,-365.1915588378906,174.20361328125,-111.25115203857422,3.909087896347046,27.354679107666016,-47.70522689819336,6.751858234405518,5.722262382507324,-30.010704040527344,5.702120304107666,-4.854587078094482,-18.217443466186523,9.977457046508789,0.09893706440925598,0.443136990070343,hungry,7A22229D-06C2-4AAA-9674-DE5DF1906B3A-1436891933-1.1-m-72-hu.wav,donate_cry
1458.1922476626419,272.5944358224691,0.10067028552293777,0.12011156976222992,0.10156411682533113,960.4426179604741,24.55298356760904,2696.926738410596,-22.815574645996094,-290.7953186035156,137.67030334472656,-68.41097259521484,-3.7260708808898926,9.368553161621094,-33.66926193237305,6.551797389984131,-0.882705807685852,-28.345897674560547,-1.0572937726974487,-9.896124839782715,-20.148391723632812,6.738956928253174,0.24501439929008484,0.3711453676223755,hungry,7A864194-4B6B-4850-ABBF-0C2A8170107B-1436846797-1.1-f-26-hu.wav,donate_cry
1334.2142075559345,271.19557648738777,0.03205088898539543,0.044114865362644196,0.08965458143625828,920.3677984332201,22.211480420868718,2465.908267798013,-29.050487518310547,-349.38970947265625,132.09170532226562,-55.331321716308594,-12.695781707763672,4.3754072189331055,-33.727699279785156,-4.951828479766846,-0.8031644225120544,-22.362106323242188,-5.839127540588379,-8.689190864562988,-18.571651458740234,-1.761856198310852,0.09275172650814056,0.3945668339729309,hungry,7A864194-4B6B-4850-ABBF-0C2A8170107B-1436846824-1.1-f-26-hu.wav,donate_cry
1537.8037972458017,359.50443888150545,0.11529520899057388,0.137891948223114,0.11371294236341059,878.3504690591568,24.118090261730604,2627.9064052152316,-20.94243621826172,-270.9134826660156,131.4847869873047,-73.55648040771484,-10.745406150817871,11.859404563903809,-30.212528228759766,2.1081392765045166,1.2687873840332031,-20.127363204956055,0.6970140337944031,-8.67361831665039,-15.130782127380371,9.689844131469727,0.26496416330337524,0.2970866560935974,hungry,7A864194-4B6B-4850-ABBF-0C2A8170107B-1436846870-1.1-f-26-hu.wav,donate_cry
787.987576921259,426.0139350191896,0.05667310580611229,0.04170159995555878,0.047104393875838924,737.0678778414579,24.885923347788644,1437.8832516254195,-11.47762393951416,-321.3648681640625,190.88876342773438,-6.880010604858398,11.022194862365723,17.273391723632812,-27.4588623046875,-2.4082343578338623,8.300732612609863,-13.437005996704102,3.4566166400909424,5.811559200286865,-13.296748161315918,-1.1166105270385742,0.15213465690612793,0.35675039887428284,hungry,7b0e160e-0505-459e-8ecb-304d7afae9d2-1437486941311-1.7-m-04-hu.wav,donate_cry
1386.5486016599539,520.7860401364164,0.19879032671451569,0.10063423216342926,0.09977701822916667,814.5314007989263,27.07504746300957,2316.90087890625,-19.339679718017578,-251.5784912109375,159.80555725097656,-82.84761810302734,-5.749796390533447,19.013463973999023,-43.69816207885742,-10.990584373474121,-1.4827173948287964,-21.822736740112305,-0.9242950677871704,-10.572877883911133,-15.45181655883789,14.88424015045166,0.5019953846931458,0.21583908796310425,hungry,7b23d26e-6f97-4e8b-b520-a9fdde21ee91-1432261716253-1.7-m-48-hu.wav,donate_cry
1354.5566849300076,489.7474878713767,0.19884251058101654,0.12217359989881516,0.10024463053929766,716.7306647479737,27.357359921118107,2145.7224766147574,-19.457490921020508,-246.52931213378906,156.86575317382812,-82.81932067871094,-21.48072624206543,20.376346588134766,-31.440397262573242,-12.523208618164062,-0.6930336952209473,-17.395200729370117,2.183535099029541,-0.4134715497493744,-17.43022346496582,-1.6481373310089111,0.4848468601703644,0.24375580251216888,hungry,7b23d26e-6f97-4e8b-b520-a9fdde21ee91-1432275312750-1.7-m-48-hu.wav,donate_cry
1471.4691936133581,284.1115876826929,0.04215080663561821,0.052984390407800674,0.11354479252897351,927.2117799814902,24.72471596925865,2605.7671351148592,-29.290176391601562,-365.7953186035156,129.48284912109375,-73.05020904541016,-7.429202556610107,11.305673599243164,-37.5797233581543,2.3700056076049805,7.921501636505127,-27.972745895385742,-9.410857200622559,-1.2524051666259766,-11.360857963562012,1.999048113822937,0.12331706285476685,0.364122211933136,hungry,7B924575-21FC-462A-969E-BABB46D1CBF5-1430055167-1.0-f-72-hu.wav,donate_cry
1235.0992687316286,334.27895640627844,0.005312048830091953,0.015606670640408993,0.07914845043460265,1006.8706015089973,21.817261579560608,2465.123945829884,-36.900333404541016,-502.7960510253906,120.50747680664062,-28.2393798828125,3.1532256603240967,10.562195777893066,-23.265090942382812,-1.9662081003189087,-3.0846657752990723,-22.854347229003906,-7.819393157958984,-7.971806526184082,-14.496465682983398,-1.433813452720642,0.0181827861815691,0.45951056480407715,hungry,7B924575-21FC-462A-969E-BABB46D1CBF5-1430055220-1.0-f-72-hu.wav,donate_cry
1460.4013381162404,296.7746817203023,0.024539528414607048,0.032803211361169815,0.10999586092715231,925.8051730985052,24.837289634158992,2513.0745388814157,-30.42723274230957,-392.4852294921875,119.95391082763672,-61.582767486572266,-5.187015533447266,15.734402656555176,-26.158601760864258,-1.6279206275939941,-0.9276778101921082,-22.277812957763672,-8.013578414916992,-12.028615951538086,-11.388598442077637,10.435506820678711,0.07052452862262726,0.35611680150032043,hungry,7B924575-21FC-462A-969E-BABB46D1CBF5-1430055234-1.0-f-72-hu.wav,donate_cry
1339.8196244599715,312.9772936247433,0.0627814307808876,0.053661324083805084,0.09778559602649006,850.703838307047,24.97153060357113,2341.0941218698263,-27.512269973754883,-345.21563720703125,150.5712890625,-81.74834442138672,-14.719159126281738,5.235300540924072,-43.33586502075195,4.350376129150391,7.461771011352539,-31.214021682739258,-7.624702453613281,-2.325377941131592,-11.586548805236816,12.491411209106445,0.16524194180965424,0.278151273727417,hungry,7B924575-21FC-462A-969E-BABB46D1CBF5-1430055243-1.0-f-72-hu.wav,donate_cry
1362.1743621133874,345.7639795688081,0.03082529827952385,0.03855588287115097,0.10246145488410596,918.8082706611648,24.36508115883551,2452.0756803600993,-29.38951873779297,-403.5478210449219,139.087158203125,-62.406898498535156,2.4727706909179688,15.385793685913086,-38.40447235107422,-4.212717533111572,1.8934515714645386,-18.74567413330078,4.795154094696045,-0.686151385307312,-15.682158470153809,-2.0122063159942627,0.10251937061548233,0.3622914254665375,hungry,7CF37029-1040-40B8-ACC9-7E6E5C03AF9B-1429808939-1.0-m-72-hu.wav,donate_cry
1195.109125458703,277.4993679561121,0.07104608416557312,0.08160696923732758,0.0902828640407986,790.2297375680978,24.242619626352834,1968.5684204101562,-20.939594268798828,-282.758056640625,158.3912811279297,-52.612491607666016,-22.91665267944336,-3.5258898735046387,-27.192279815673828,6.175352096557617,-2.477285146713257,-27.042856216430664,-1.3598147630691528,-3.548642158508301,-15.037534713745117,1.6901618242263794,0.21470224857330322,0.36510637402534485,hungry,7d1c2cd2-6fa1-499f-8ca8-a298198be4e7-1436850081753-1.7-m-04-hu.wav,donate_cry
1131.1016027107316,397.5027918733252,0.021382668986916542,0.02422327920794487,0.0868411593967014,756.5382383960632,27.17697676077736,2006.0646057128906,-39.83332061767578,-529.6612548828125,109.6903076171875,-13.674785614013672,-20.450328826904297,-0.46277448534965515,-11.67648696899414,-15.766878128051758,-11.936477661132812,-5.1222004890441895,1.5421929359436035,-6.363936424255371,-10.353937149047852,-3.5966203212738037,0.051992639899253845,0.3244324028491974,hungry,7e3de9b8-2be5-473f-b8c3-c2657f1317bb-1430006339251-1.7-f-04-hu.wav,donate_cry
1469.8120663850252,249.83960636660436,0.03804275393486023,0.08267596364021301,0.10799099751655629,894.0400713404862,24.15396877026778,2513.6093038596855,-32.12259292602539,-385.70849609375,88.66964721679688,-43.50802230834961,-14.571088790893555,5.744101524353027,-17.38566780090332,-5.399048328399658,-6.666850566864014,-17.95266342163086,-1.7180800437927246,-1.8905835151672363,-12.594818115234375,-4.612131595611572,0.11222837120294571,0.31230971217155457,hungry,7E4B9C14-F955-4BED-9B03-7F3096A6CBFF-1430232157-1.0-f-26-hu.wav,donate_cry
1424.9391670783732,228.30553025516633,0.040860168635845184,0.07899985462427139,0.10928769143211921,895.0834138547032,23.295572308035855,2421.594076598717,-30.19074821472168,-344.3203430175781,112.5683822631836,-54.425537109375,-18.937641143798828,-4.617431640625,-37.10304260253906,-10.034697532653809,-0.8093822598457336,-15.986234664916992,-6.047396183013916,-7.4194464683532715,-8.06909465789795,2.7221338748931885,0.12202680855989456,0.34454354643821716,hungry,7E4B9C14-F955-4BED-9B03-7F3096A6CBFF-1430232166-1.0-f-26-hu.wav,donate_cry
1379.1628152236067,255.77873770884963,0.10589469224214554,0.15429362654685974,0.10116314414321192,875.862060591841,24.19947852393858,2396.139263633071,-26.371278762817383,-322.1941223144531,94.43888854980469,-43.65937805175781,-15.28005313873291,-3.265484571456909,-26.08498764038086,-0.945095956325531,1.8203836679458618,-14.222126007080078,-1.0348056554794312,-1.0360220670700073,-8.872941970825195,-2.4908761978149414,0.2636910378932953,0.3228802978992462,hungry,7E4B9C14-F955-4BED-9B03-7F3096A6CBFF-1430232180-1.0-f-26-hu.wav,donate_cry
1461.3687517683375,224.84586662807646,0.03898365795612335,0.08793725818395615,0.12274452866307947,898.7715749723842,21.554566176444396,2518.1013296771525,-33.180423736572266,-398.12841796875,78.47382354736328,-36.041664123535156,-20.318058013916016,-7.451815605163574,-21.58415985107422,-1.9238132238388062,1.4031885862350464,-11.79931640625,-0.851591169834137,0.8408069610595703,-9.383502960205078,-4.580978870391846,0.12076851725578308,0.40657657384872437,hungry,7E4B9C14-F955-4BED-9B03-7F3096A6CBFF-1430232195-1.0-f-26-hu.wav,donate_cry
1585.3577194522925,412.04328764323407,0.03502392768859863,0.06678681820631027,0.1418000768442623,989.4089019620066,23.016694560922375,2754.5908843493853,-37.63304138183594,-493.4128112792969,52.73611831665039,-25.44425392150879,-7.769676208496094,8.945680618286133,-4.5340752601623535,-3.1394386291503906,-2.6824591159820557,-5.088687896728516,0.23196235299110413,-3.1444344520568848,-5.486181735992432,-0.441243052482605,0.09490050375461578,0.5690329670906067,hungry,7fd72d70-07c4-40a0-85e9-c91df9bdefb2-1430994916704-1.7-f-04-hu.wav,donate_cry
1067.5880978087164,517.7895820469084,0.08123701065778732,0.0739518329501152,0.07181803385416667,808.3816216399927,23.651323139240173,1999.5597839355469,-13.614357948303223,-275.6689453125,170.74234008789062,-52.86712646484375,0.026976056396961212,19.2484130859375,-30.389596939086914,6.346891403198242,14.571002960205078,-16.748180389404297,1.496968150138855,2.973097324371338,-14.35214614868164,-2.3663127422332764,0.2543334364891052,0.39549770951271057,hungry,80130d3a-ceb9-4460-8464-e956bac5c40d-1436850034856-1.7-m-72-hu.wav,donate_cry
1190.6397824835346,464.01543660848995,0.014401454478502274,0.02810327149927616,0.08119466145833333,1008.944535345375,20.759919339049446,2369.0830078125,-32.33447265625,-492.7704162597656,101.36437225341797,-12.137930870056152,14.9264497756958,14.423171043395996,-15.855195045471191,1.960224986076355,0.6504719257354736,-12.383272171020508,-0.30276504158973694,-6.3583221435546875,-12.59989070892334,-1.2650662660598755,0.04820545017719269,0.5032172203063965,hungry,8057932d-a6af-4d63-903b-37049686e176-1430919675907-1.7-f-72-hu.wav,donate_cry
1372.9828814276118,491.433385523871,0.03969353437423706,0.050962503999471664,0.10285693687080537,813.7255113397276,24.127746595444908,2290.6125471895975,-31.466751098632812,-393.8670349121094,142.04478454589844,-68.64885711669922,-12.351716995239258,23.418087005615234,-32.94425964355469,-16.072525024414062,3.069803237915039,-21.779273986816406,-13.246326446533203,-2.925353527069092,-11.928359031677246,-3.8367326259613037,0.14686979353427887,0.35398513078689575,hungry,80f5ab0a-16c1-4738-9209-fbdae52ff769-1430140636917-1.7-f-04-hu.wav,donate_cry
2012.0431747903262,409.96818244878426,0.1400168240070343,0.10997356474399567,0.16724204379180602,877.6686731293454,26.710990221821223,3042.7352241847825,-25.74027442932129,-289.01873779296875,123.38521575927734,-124.10344696044922,7.337564945220947,30.00458526611328,-56.98240280151367,-3.5052425861358643,7.989006519317627,-27.664148330688477,6.732809543609619,-0.4206770956516266,-20.207202911376953,11.82909870147705,0.408513605594635,0.31345134973526,hungry,815af07e-4c31-4032-8bd1-dab6e60c879e-1433156413683-1.7-m-04-hu.wav,donate_cry
2010.2226503650693,344.88887669447746,0.13046936690807343,0.11280810832977295,0.165712890625,953.1491321283581,27.008498499294262,3107.60009765625,-23.9741268157959,-274.6400451660156,126.69519805908203,-113.0093002319336,9.739660263061523,20.65814781188965,-61.695167541503906,0.6308197975158691,11.490822792053223,-27.99007225036621,3.9513111114501953,-1.534775733947754,-17.432823181152344,11.472564697265625,0.39956286549568176,0.3354071080684662,hungry,815af07e-4c31-4032-8bd1-dab6e60c879e-1433156423585-1.7-m-04-hu.wav,donate_cry
912.7104770901934,219.0583686409191,0.006616625003516674,0.006055310368537903,0.07135111831103678,698.1326520607147,27.197845013248227,1505.6318098087374,-41.058311462402344,-588.1390991210938,154.9616241455078,-11.186338424682617,-15.806716918945312,-8.240679740905762,-17.48994255065918,7.149580478668213,-1.700696587562561,-17.898136138916016,1.722006916999817,-6.95106840133667,-23.90863037109375,-6.269903659820557,0.015170039609074593,0.24126765131950378,hungry,81724071-bc5e-4e38-8f35-85a691af5721-1430737552979-1.7-m-04-hu.wav,donate_cry
1413.5782837997883,296.9165496992411,0.14641563594341278,0.11429756879806519,0.1028333247102649,899.2006367457335,25.93721893841141,2484.3041830504967,-16.015623092651367,-246.47320556640625,150.56813049316406,-74.4209213256836,3.4250800609588623,14.702239036560059,-40.65492630004883,12.548979759216309,15.30838394165039,-23.983240127563477,0.7839628458023071,-0.8831853866577148,-18.202312469482422,-0.9220939874649048,0.3703297972679138,0.30701765418052673,hungry,818A32F4-D5D8-426C-B88C-81A8154AC81A-1430093571-1.0-m-26-hu.wav,donate_cry
1662.0005210260147,252.50250566775574,0.0823880285024643,0.053112853318452835,0.13399439931705298,925.91791484413,25.885285692858176,2751.7936251810843,-25.22347640991211,-344.59136962890625,139.79319763183594,-104.32510375976562,4.074733734130859,25.93111228942871,-44.8424072265625,7.550131320953369,10.510986328125,-31.315488815307617,1.8986412286758423,5.307467460632324,-11.251262664794922,13.354192733764648,0.2647145390510559,0.31774815917015076,hungry,85FAB169-4DCC-406D-AC93-2F6A8D797DAB-1437632141-1.1-m-04-hu.wav,donate_cry
1158.225951550347,453.4014179634783,0.04300590604543686,0.031187977641820908,0.07535432514391448,926.7098347912125,24.44916177939193,2219.4428293328538,-13.288079261779785,-276.169921875,189.5623016357422,-53.79175567626953,13.6128511428833,25.339197158813477,-38.547157287597656,-2.422480344772339,1.1289207935333252,-22.589391708374023,5.11486291885376,-2.2505998611450195,-15.995033264160156,4.2631940841674805,0.1425081491470337,0.5210197567939758,hungry,86c2b87a-ae7c-46a3-b6fb-7ebe748812cf-1430036547966-1.7-m-04-hu.wav,donate_cry
1151.882600498731,353.18105563752533,0.073651522397995,0.080818772315979,0.07461737961065573,859.1147503464288,23.559542836784445,2129.8808913934427,-14.679671287536621,-255.4095001220703,179.39776611328125,-57.73334884643555,-5.6208648681640625,23.47869873046875,-30.665180206298828,-12.564282417297363,-3.177441358566284,-15.226149559020996,4.284480094909668,-3.492154598236084,-15.028992652893066,0.9212446212768555,0.22331950068473816,0.4995338022708893,hungry,86c2b87a-ae7c-46a3-b6fb-7ebe748812cf-1430036562389-1.7-m-04-hu.wav,donate_cry
979.7566669069998,375.09437424827735,0.05298357084393501,0.061378974467515945,0.058409038342927634,836.8237908814046,23.53476043279211,1878.8782220137746,-14.011519432067871,-280.6483459472656,188.5877685546875,-34.55693054199219,2.394028902053833,12.00832462310791,-34.39158248901367,-2.572033643722534,1.4286210536956787,-18.93183708190918,2.1300244331359863,-3.7791635990142822,-15.354307174682617,1.5356467962265015,0.16055506467819214,0.4998888671398163,hungry,86c2b87a-ae7c-46a3-b6fb-7ebe748812cf-1430036593222-1.7-f-26-hu.wav,donate_cry
1295.3992896982631,275.7628242664989,0.0028086781967431307,0.0025640586391091347,0.08791570794092465,878.177926895165,25.915260635954215,2353.829830639983,-48.07755661010742,-617.3411865234375,162.24229431152344,-70.02055358886719,-17.672895431518555,-2.606703281402588,-42.58440399169922,3.156750202178955,4.928858280181885,-19.77374839782715,2.914783000946045,-10.310430526733398,-22.17056655883789,4.2295145988464355,0.007435981649905443,0.32859084010124207,hungry,88da3fbd-926b-4ee7-ae8f-85f92f2783b0-1430114329442-1.7-m-04-hu.wav,donate_cry
1448.844657941103,436.7098492591122,0.09423743933439255,0.08732003718614578,0.11442438336120402,911.8756899227054,26.491277385967454,2534.2923677884614,-18.905853271484375,-279.33966064453125,162.70518493652344,-71.6717529296875,7.495135307312012,22.897104263305664,-47.67810821533203,2.3256990909576416,20.385740280151367,-27.573509216308594,-11.7510986328125,0.8526496887207031,-16.969083786010742,-7.454416751861572,0.2861519753932953,0.31844115257263184,hungry,89964233-cbdb-4f34-a819-5f4b5ce3f5f5-1430049852345-1.7-f-04-hu.wav,donate_cry
1540.842857398659,399.97381648247034,0.09401301294565201,0.07126976549625397,0.13331221258361203,877.99275297891,26.408365711719,2521.869365985577,-19.02090072631836,-257.6458740234375,171.76185607910156,-87.15713500976562,-6.526808261871338,15.643267631530762,-49.749507904052734,6.246981143951416,19.86311149597168,-31.880552291870117,-9.243881225585938,3.9206762313842773,-18.142532348632812,-4.361303806304932,0.2873217463493347,0.29155421257019043,hungry,89964233-cbdb-4f34-a819-5f4b5ce3f5f5-1430049868816-1.7-f-04-hu.wav,donate_cry
1514.3447325174297,393.35709145196324,0.02143067680299282,0.062048595398664474,0.1121301814862543,1072.1536057042308,23.78596517866829,2828.6563204735826,-31.256711959838867,-439.93157958984375,49.4340705871582,-6.55062198638916,-2.128394842147827,0.23074392974376678,-6.7723565101623535,7.744850158691406,10.021531105041504,-4.7788519859313965,-4.923656463623047,-2.1004936695098877,-5.11506986618042,-1.4674046039581299,0.05023129656910896,0.5735889077186584,hungry,8b1faa77-e3ac-48af-bf2a-58aadebefcba-1436798541805-1.7-m-04-hu.wav,donate_cry
1251.9747432195516,327.8368636924857,0.011992097832262516,0.03642003983259201,0.08710484788907284,941.1594954514718,20.459787836833215,2368.4740887572434,-38.457401275634766,-484.9090576171875,79.11702728271484,-16.340036392211914,-7.515777111053467,1.2678545713424683,-14.338194847106934,-6.573545932769775,-5.039510250091553,-10.610081672668457,-5.556900978088379,-11.537742614746094,-14.324695587158203,-3.5854685306549072,0.03352736681699753,0.39204514026641846,hungry,8C13A1F9-62CC-46AA-9192-BECE5CDD5CB0-1430249362-1.0-f-72-hu.wav,donate_cry
1931.415455439745,343.50884835323393,0.10291602462530136,0.07888835668563843,0.16981260926573427,904.1980296973117,26.648994176460246,3007.232281878278,-27.09990692138672,-306.7525634765625,119.55845642089844,-118.34290313720703,-8.839159965515137,14.273354530334473,-42.565975189208984,13.497777938842773,7.85983419418335,-25.20013999938965,11.13705062866211,-4.765667915344238,-23.218542098999023,11.059657096862793,0.3008047342300415,0.28455716371536255,hungry,8c2a1f03-07f4-4aee-a73f-bc57beb2b600-1430761324670-1.7-f-26-hu.wav,donate_cry
1494.0618940337963,385.743749060691,0.015980703756213188,0.02115464210510254,0.133310546875,859.3086786453335,24.20780039080332,2501.4404296875,-39.766475677490234,-500.9543762207031,87.3232421875,-44.36963653564453,-21.811664581298828,1.162695050239563,-22.30553436279297,-12.805737495422363,0.08552144467830658,-0.7632839679718018,5.401334762573242,-1.3647934198379517,-7.278470039367676,0.7165957689285278,0.03999859467148781,0.41790154576301575,hungry,8c66887c-8251-49fa-903b-c02d56405f58-1436856065644-1.7-m-26-hu.wav,donate_cry
1298.7550374793564,348.1684681420011,0.04913772642612457,0.03880411759018898,0.10009112405936454,815.6761055870653,27.787835392096017,2191.3094919262126,-33.04825210571289,-407.2718811035156,119.84569549560547,-53.28358840942383,-22.484573364257812,-6.857624530792236,-31.194580078125,-1.8145273923873901,-0.21093373000621796,-13.041279792785645,5.84041166305542,-4.381551742553711,-15.862781524658203,1.0899159908294678,0.12004714459180832,0.29703769087791443,hungry,8c66887c-8251-49fa-903b-c02d56405f58-1436856137837-1.7-m-26-hu.wav,donate_cry
1239.5424193100082,397.3084130490802,0.01145221758633852,0.017650477588176727,0.08505961454703832,963.9251255403997,23.959429468155985,2388.234803734756,-32.71091842651367,-485.1763916015625,129.24703979492188,-33.04899597167969,5.683952331542969,8.672987937927246,-24.110774993896484,8.507716178894043,1.0224766731262207,-22.44173240661621,1.9526931047439575,-1.866943120956421,-14.860174179077148,1.1761984825134277,0.032255664467811584,0.3871506154537201,hungry,8c920fd0-fa9f-4926-bcac-074767dcbfcd-1436850948195-1.7-m-04-hu.wav,donate_cry
1280.3509587460435,410.5306357337187,0.023542918264865875,0.0252120029181242,0.09399244520399305,930.8586243423649,25.701416107879943,2344.091033935547,-31.387605667114258,-440.9788818359375,153.89048767089844,-50.08485794067383,2.442197322845459,6.86386251449585,-38.93844223022461,3.2566349506378174,1.0154026746749878,-26.23166275024414,3.8648436069488525,-1.224343180656433,-21.182146072387695,-0.7319533824920654,0.07665374875068665,0.37476927042007446,hungry,8c920fd0-fa9f-4926-bcac-074767dcbfcd-1436856363348-1.7-f-04-hu.wav,donate_cry
1018.0956877693642,206.06980188479483,0.027767810970544815,0.0210861936211586,0.07613954976045297,661.9903598792073,25.792356348372824,1649.3158107850609,-33.65925979614258,-448.3882751464844,170.0513153076172,-42.09232711791992,-34.80664825439453,4.436670780181885,-21.07806396484375,-13.72461986541748,0.22227080166339874,-13.625929832458496,-13.118276596069336,-7.443411350250244,-10.259541511535645,-7.743560314178467,0.07417140156030655,0.3165628910064697,hungry,8c920fd0-fa9f-4926-bcac-074767dcbfcd-1436856382717-1.7-m-04-hu.wav,donate_cry
1146.2755105454617,433.5791554075085,0.00693156011402607,0.008013834245502949,0.06801153584866221,948.473335192069,24.291716961586562,2200.20364104306,-31.634239196777344,-471.21221923828125,141.141357421875,-24.93404769897461,2.70015549659729,10.229297637939453,-21.986549377441406,0.496333509683609,-6.043886184692383,-24.449108123779297,1.2420527935028076,-0.46862247586250305,-16.20650291442871,-1.7533560991287231,0.020854143425822258,0.31342437863349915,hungry,8f4dbf5a-b504-4452-b6ac-94e646a6a052-1430727792958-1.7-f-72-hu.wav,donate_cry
1117.7979827908312,436.7367590558723,0.01155171263962984,0.012598102912306786,0.07529166231187291,848.2023484339389,26.205599542876524,2070.788370087793,-34.259700775146484,-484.4958190917969,125.58028411865234,-16.569936752319336,-10.590376853942871,1.2218482494354248,-18.406070709228516,-8.104986190795898,-8.458473205566406,-12.45522689819336,4.917734622955322,-0.6914409399032593,-13.328115463256836,-3.9954988956451416,0.027742624282836914,0.352830708026886,hungry,8f4dbf5a-b504-4452-b6ac-94e646a6a052-1430727806162-1.7-f-72-hu.wav,donate_cry
1470.4372494770166,325.1662984783654,0.0006774974172003567,0.0007949660066515207,0.10599132525083613,1126.7009868980304,23.99624276926434,2911.6275442882525,-42.833412170410156,-660.2218627929688,166.99627685546875,-64.71818542480469,20.130943298339844,29.721349716186523,-33.07421112060547,10.12475299835205,4.680556297302246,-24.28777503967285,8.15847396850586,-3.220475196838379,-18.107694625854492,6.983457088470459,0.002218657173216343,0.6009703278541565,hungry,8f4dbf5a-b504-4452-b6ac-94e646a6a052-1430729451597-1.7-f-72-hu.wav,donate_cry
1326.459398366614,397.40871477617236,0.004617622587829828,0.008678136393427849,0.0907059991638796,1049.9952063030823,22.908548075140857,2635.6208520589466,-34.971988677978516,-537.459228515625,133.08334350585938,-35.86949157714844,8.300108909606934,16.56514549255371,-23.360671997070312,5.413680553436279,5.483597278594971,-15.681939125061035,3.043581247329712,-2.8009228706359863,-14.239601135253906,2.88655424118042,0.0130015779286623,0.6012409925460815,hungry,8f4dbf5a-b504-4452-b6ac-94e646a6a052-1430734962301-1.7-f-72-hu.wav,donate_cry
1287.4774196129954,604.734467234718,0.04007275402545929,0.04524631053209305,0.08796247909698997,951.48562104494,25.55250712745322,2313.9551271164296,-30.403383255004883,-393.6357727050781,94.59342956542969,-17.88556480407715,8.952764511108398,-1.192177653312683,-38.161136627197266,-15.384048461914062,-8.39587688446045,-12.2713623046875,5.881837844848633,-5.450266361236572,-15.551656723022461,3.255857229232788,0.09355761855840683,0.3069222867488861,hungry,8f4dbf5a-b504-4452-b6ac-94e646a6a052-1430735028906-1.7-f-72-hu.wav,donate_cry
1460.0126940444395,393.19512648358,0.015755528584122658,0.027792081236839294,0.1081494140625,1054.2873570515944,23.179489810460932,2736.22412109375,-31.970584869384766,-462.0758972167969,122.49653625488281,-42.6463623046875,8.646410942077637,12.94611644744873,-35.442386627197266,-5.814377307891846,1.2805352210998535,-13.413973808288574,6.53908109664917,-3.155945301055908,-13.446617126464844,8.469239234924316,0.04279014840722084,0.521643877029419,hungry,8f4dbf5a-b504-4452-b6ac-94e646a6a052-1430735040980-1.7-f-72-hu.wav,donate_cry
1170.4361056053417,466.42157327519413,0.02228531800210476,0.026398813351988792,0.07708638168896322,917.5412447998922,25.781512160461624,2161.8183659071906,-32.364418029785156,-436.8091125488281,121.08157348632812,-21.192296981811523,2.451327323913574,1.0021919012069702,-38.60499954223633,-19.020692825317383,-7.480440139770508,-10.295571327209473,3.8587911128997803,-7.279636383056641,-13.585551261901855,5.136958122253418,0.052582018077373505,0.30823633074760437,hungry,8f4dbf5a-b504-4452-b6ac-94e646a6a052-1430735057816-1.7-f-72-hu.wav,donate_cry
1618.913970185195,458.9597482687472,0.01552310399711132,0.01882818713784218,0.12592593802257526,1048.1614514128332,25.67784931671694,2905.7941347460282,-31.671417236328125,-445.4638977050781,133.46749877929688,-63.199501037597656,6.035472869873047,9.823143005371094,-41.46868896484375,10.00006103515625,14.765920639038086,-18.699411392211914,3.8799824714660645,-3.1085376739501953,-19.80727767944336,2.0468153953552246,0.0422590970993042,0.3428906798362732,hungry,8f4dbf5a-b504-4452-b6ac-94e646a6a052-1430735157938-1.7-f-72-hu.wav,donate_cry
1785.4127839061935,642.4281626959904,0.09150213748216629,0.13011440634727478,0.1436167433110368,797.5478698702805,26.71175616727668,2615.347953464674,-28.210119247436523,-334.0577697753906,87.13160705566406,-80.18077087402344,-11.225286483764648,10.375337600708008,-24.796003341674805,3.274203062057495,-5.449965476989746,-18.379281997680664,12.124113082885742,-2.7665157318115234,-14.587592124938965,11.806402206420898,0.20315328240394592,0.25154390931129456,hungry,8f5c01dc-6826-4076-a831-027ad61afdaf-1435873509176-1.7-f-26-hu.wav,donate_cry
1492.2554666749154,178.9246468403569,0.034543152898550034,0.06797419488430023,0.12224816328642384,829.5943449905558,24.728467041972845,2359.204829133899,-29.8695125579834,-360.1947937011719,84.28417205810547,-52.63547134399414,-23.06363868713379,7.951005458831787,-10.347660064697266,-6.760488986968994,-8.386972427368164,-7.618073463439941,9.25694465637207,-1.3517451286315918,-14.279869079589844,-5.157019138336182,0.08905589580535889,0.37270310521125793,hungry,8FDA58A7-FDC6-4421-855F-738E6E853E43-1429895742-1.0-m-26-hu.wav,donate_cry
1448.8693925220975,192.9409930205572,0.07263273745775223,0.10229165107011795,0.11791183774834436,768.7237469826105,25.63811361393905,2225.2283765780217,-27.71173095703125,-332.41864013671875,94.9643783569336,-63.84709548950195,-27.62138557434082,10.352227210998535,-10.112438201904297,-3.345669984817505,-3.8879892826080322,-8.587494850158691,6.049513339996338,-3.8098301887512207,-15.238713264465332,-2.749368906021118,0.16817569732666016,0.3636907637119293,hungry,8FDA58A7-FDC6-4421-855F-738E6E853E43-1429895751-1.0-m-26-hu.wav,donate_cry
1832.930477524716,304.02060644552165,0.2125423550605774,0.16215772926807404,0.14516504552980133,881.3137414051804,26.264789776666433,3017.714423375414,-18.03249168395996,-243.7351837158203,114.08720397949219,-92.56654357910156,1.2458983659744263,23.98683738708496,-23.555164337158203,12.188838958740234,-5.941958427429199,-24.454833984375,21.82966423034668,3.0018224716186523,-23.988401412963867,3.4794352054595947,0.44599631428718567,0.23856402933597565,hungry,8FDA58A7-FDC6-4421-855F-738E6E853E43-1429895780-1.0-m-26-hu.wav,donate_cry
1339.9491534552442,274.0629331160071,0.0612524040043354,0.0976715013384819,0.1019364679138796,911.2824418042896,25.485327918619607,2418.0562813545152,-20.927753448486328,-337.00628662109375,134.92991638183594,-53.280391693115234,-5.772724628448486,19.151371002197266,-21.129825592041016,2.657287359237671,10.4612398147583,-10.460201263427734,0.9478557705879211,-2.534203290939331,-12.112866401672363,2.0880343914031982,0.17973510921001434,0.46924853324890137,hungry,9090c7a3-bebc-4485-aafc-64e4298da3ac-1430088396663-1.7-f-26-hu.wav,donate_cry
1233.8357892572733,295.22518103945015,0.26217278838157654,0.1267218142747879,0.08467086943069307,771.508082285038,27.984148942257804,2074.43630105198,-16.144433975219727,-198.16049194335938,165.4279022216797,-77.6120834350586,-20.528162002563477,-0.48105794191360474,-53.263153076171875,-5.880064964294434,13.255739212036133,-18.54485511779785,-4.061463356018066,-3.585442066192627,-13.921610832214355,7.477111339569092,0.6038729548454285,0.19187818467617035,hungry,9090c7a3-bebc-4485-aafc-64e4298da3ac-1430109146143-1.7-f-26-hu.wav,donate_cry
1219.6882692246622,399.81123571640313,0.14377595484256744,0.12898458540439606,0.0870093776755137,773.5410665868002,25.303724945993277,2041.0453064800943,-15.517313003540039,-253.31004333496094,152.0513458251953,-64.3016357421875,-13.996970176696777,22.339439392089844,-24.64162826538086,-7.026707649230957,7.165259838104248,-12.023195266723633,-3.7316410541534424,-1.8380173444747925,-6.482090473175049,4.070815563201904,0.4026254713535309,0.3690553307533264,hungry,92d08bbe-553f-4844-85b1-15d572f06ea2-1436873183951-1.7-m-04-hu.wav,donate_cry
878.6795227807766,307.3581175202102,0.05558650195598602,0.056113146245479584,0.05221599422089041,790.4128130342352,25.299016812018778,1651.751541764769,-14.446198463439941,-314.424560546875,147.21014404296875,-15.933528900146484,6.539700508117676,21.26144790649414,-15.058098793029785,-2.458819627761841,4.354757785797119,-9.081709861755371,1.7026901245117188,0.9367510676383972,-9.48045825958252,-3.368899345397949,0.14466750621795654,0.39170369505882263,hungry,92d08bbe-553f-4844-85b1-15d572f06ea2-1436873211119-1.7-m-04-hu.wav,donate_cry
1030.6077584693396,251.2145202704503,0.05392526835203171,0.03912884742021561,0.057119205298013245,853.4158328902673,25.128348017660766,2039.4153721285181,-28.742279052734375,-341.7041015625,145.73606872558594,-50.29730987548828,-3.384493589401245,11.293205261230469,-41.2793083190918,-19.377660751342773,-9.008901596069336,-24.550487518310547,-8.652226448059082,-12.027373313903809,-18.747426986694336,-1.649652123451233,0.09510989487171173,0.2307189553976059,hungry,9641D2D5-7D9F-41B2-8345-229AE9555FEC-1430022546-1.0-m-72-hu.wav,donate_cry
1181.094416171609,394.0669040905292,0.08280176669359207,0.07180453091859818,0.07723430765086207,725.1482850111618,27.484299209176857,1871.3467301993535,-23.35011100769043,-313.9815368652344,139.9930419921875,-43.43966293334961,-34.91712188720703,-9.70262336730957,-21.076969146728516,0.18705254793167114,-0.0731879398226738,-11.373353958129883,5.4444403648376465,-0.15592066943645477,-13.158373832702637,-1.2972383499145508,0.20127622783184052,0.2795117497444153,hungry,96986c8b-9988-4c37-a0f8-e7c4269cc3ac-1431719845836-1.7-m-26-hu.wav,donate_cry
1286.4560475651165,132.40781961130278,0.014002654701471329,0.007819443941116333,0.09164327659354304,921.1193040341177,24.426240126614562,2356.5310042425494,-28.385072708129883,-407.4705810546875,223.35565185546875,-104.93791961669922,-3.028841018676758,21.25640106201172,-46.09975051879883,12.45651912689209,1.41107976436615,-37.236793518066406,4.408959865570068,-9.85818862915039,-27.094018936157227,3.8314998149871826,0.04004647210240364,0.39682701230049133,hungry,990DE219-FCD1-4634-91CE-19AB93E5D2B0-1430214575-1.0-m-04-hu.wav,donate_cry
841.9891932087332,478.52913876074035,0.020525263622403145,0.027304930612444878,0.045246303481543626,731.5668721706473,23.28396383178818,1597.2145029362416,-27.644397735595703,-487.5963134765625,150.9240264892578,1.5873818397521973,-8.179840087890625,19.232927322387695,-1.9140841960906982,-16.02388572692871,-7.181293487548828,-1.2428046464920044,0.579960286617279,-1.9956579208374023,-4.72316312789917,-2.844435214996338,0.05160144716501236,0.42065927386283875,hungry,999bf14b-e417-4b44-b746-9253f81efe38-1430844940177-1.7-m-04-hu.wav,donate_cry
1050.677649285472,448.6890331961921,0.002759275957942009,0.009020877070724964,0.057581139890939596,982.6756452422959,21.048384405078203,2197.1093094588928,-37.80180740356445,-592.6904296875,67.0928955078125,16.713834762573242,7.124030113220215,12.531142234802246,7.349514484405518,2.933675765991211,0.8735254406929016,-2.2857351303100586,-1.867260217666626,-1.3082066774368286,-3.619265556335449,-4.271237850189209,0.007851348258554935,0.5726674199104309,hungry,999bf14b-e417-4b44-b746-9253f81efe38-1430972705879-1.7-m-26-hu.wav,donate_cry
1012.232548412929,432.7390606208408,0.06436625868082047,0.05732664838433266,0.065185546875,667.4332696172771,26.2064850318576,1699.5694768508808,-26.422128677368164,-360.3631896972656,155.10989379882812,-26.921154022216797,-30.9644775390625,0.07152644544839859,-24.878400802612305,-21.24917984008789,0.39561575651168823,-6.877143383026123,-9.574627876281738,-1.0557587146759033,-5.484035968780518,-11.696687698364258,0.154279887676239,0.25360068678855896,hungry,999bf14b-e417-4b44-b746-9253f81efe38-1431013054417-1.7-m-26-hu.wav,donate_cry
1258.4432283109054,438.3502463560421,0.06575924903154373,0.036706700921058655,0.09509523122902684,731.6568403041919,26.99234357957688,2074.124370805369,-25.56449317932129,-341.64984130859375,187.50701904296875,-81.2673568725586,-29.94353675842285,22.85196304321289,-34.370609283447266,-22.182239532470703,4.112961769104004,-13.044347763061523,-6.106554985046387,0.028575001284480095,-11.12634563446045,-7.148113250732422,0.1768592745065689,0.26598918437957764,hungry,999bf14b-e417-4b44-b746-9253f81efe38-1431013068243-1.7-m-26-hu.wav,donate_cry
1476.1361098778982,618.2514660171811,0.004895949270576239,0.005997256841510534,0.11033424756205673,1091.987648850622,22.842225074544057,2787.9007542386967,-33.99536895751953,-538.54541015625,129.77352905273438,-37.16201400756836,16.24912452697754,11.711383819580078,-26.278461456298828,14.445985794067383,2.9869117736816406,-19.505630493164062,9.770540237426758,-1.3890480995178223,-12.510787963867188,8.514130592346191,0.015369199216365814,0.3487836718559265,hungry,9aa8bac5-eeb9-4f19-a4bf-7c439e87364b-1430745312460-1.7-m-04-hu.wav,donate_cry
1313.1439399040755,372.484187426821,0.0398811511695385,0.03390126675367355,0.09492914727393617,848.344384603494,27.288787791621207,2319.706304022606,-28.762510299682617,-371.5171813964844,151.67799377441406,-68.10481262207031,-11.374051094055176,8.947142601013184,-48.49460983276367,-12.16680908203125,16.789810180664062,-5.349889755249023,-6.348114013671875,-11.637924194335938,-14.16910457611084,-2.1650898456573486,0.10105433315038681,0.2509244382381439,hungry,9aa8bac5-eeb9-4f19-a4bf-7c439e87364b-1430745385374-1.7-m-04-hu.wav,donate_cry
1071.1660903673803,364.4383998657582,0.06727270781993866,0.046389997005462646,0.07068436982615894,883.9585145262571,26.289758278723433,1989.3257191639073,-15.673169136047363,-313.2838439941406,179.4318084716797,-49.4554557800293,20.370092391967773,24.812824249267578,-39.116981506347656,4.441296100616455,12.714203834533691,-14.072823524475098,2.1316840648651123,-12.577583312988281,-20.927366256713867,1.7809373140335083,0.1836257129907608,0.30149540305137634,hungry,9CFD61B9-BF13-406D-8B2F-F73CFAAF25CB-1430927693-1.0-f-04-hu.wav,donate_cry
939.3836181461617,332.1369422156054,0.05747915804386139,0.06238362938165665,0.05927928394039735,860.8237217696559,23.765802836172927,1834.3151774627484,-19.644254684448242,-334.5946960449219,149.69210815429688,-18.92839813232422,11.63455867767334,10.657962799072266,-31.841144561767578,-2.9637961387634277,2.5417609214782715,-17.246810913085938,-2.6290805339813232,-6.53639554977417,-15.176117897033691,0.014714525081217289,0.15401330590248108,0.4336104989051819,hungry,9CFD61B9-BF13-406D-8B2F-F73CFAAF25CB-1430927704-1.0-f-04-hu.wav,donate_cry
1118.1009931700228,265.3335308330994,0.04570963978767395,0.04681795835494995,0.07012979873758278,919.2002318515692,24.945535063464117,2167.3668059292218,-20.725379943847656,-355.5018310546875,159.09217834472656,-49.57612228393555,9.341216087341309,21.220787048339844,-30.7822322845459,3.4164886474609375,7.972438812255859,-15.499534606933594,2.046165943145752,-6.161671161651611,-15.63339900970459,0.635572612285614,0.11399659514427185,0.39661499857902527,hungry,9CFD61B9-BF13-406D-8B2F-F73CFAAF25CB-1430927716-1.0-f-04-hu.wav,donate_cry
797.5133996305889,290.7135817941198,0.06857263296842575,0.04908878728747368,0.051828952814569534,756.7815428903853,23.239548302992244,1493.59858430774,-13.61779499053955,-316.6587219238281,200.5516357421875,-27.80451011657715,17.264657974243164,29.794841766357422,-25.09787368774414,-1.6180346012115479,-1.0760754346847534,-21.588415145874023,-0.8177158832550049,-8.415057182312012,-19.705949783325195,-1.8601053953170776,0.22399640083312988,0.4570196866989136,hungry,9CFD61B9-BF13-406D-8B2F-F73CFAAF25CB-1430927728-1.0-f-04-hu.wav,donate_cry
1151.5403272717217,324.7076868087363,0.10088574141263962,0.05114031210541725,0.08512262003311258,816.7865626068907,26.628458154498784,2001.6609646626655,-13.74949836730957,-253.31365966796875,178.76840209960938,-58.97345733642578,5.105411529541016,23.424999237060547,-34.918182373046875,-2.1594011783599854,4.563907146453857,-16.782299041748047,4.994564056396484,-4.311577796936035,-19.85373306274414,-5.288424491882324,0.3196342885494232,0.2798231542110443,hungry,9CFD61B9-BF13-406D-8B2F-F73CFAAF25CB-1430927741-1.0-f-04-hu.wav,donate_cry
1130.157412250417,323.81118075418283,0.06420310586690903,0.06064396724104881,0.07559214308110368,778.6240559535921,23.91686724004517,2004.136264762751,-29.07132911682129,-379.4623107910156,137.42539978027344,-46.31126403808594,-18.184938430786133,3.6909797191619873,-38.24036407470703,-24.148937225341797,-1.9110840559005737,-3.341790199279785,4.442930221557617,-3.3457932472229004,-10.749456405639648,2.209306478500366,0.15669339895248413,0.29905879497528076,hungry,9fe37482-6a64-401d-b8b9-3e47d6ed9ac0-1430047362195-1.7-f-26-hu.wav,donate_cry
1278.3632233376973,341.8488197559711,0.0738876536488533,0.0706448182463646,0.09937095004180602,768.0102020060325,26.40853351452349,2119.1840640677256,-29.494348526000977,-352.6357421875,122.6279525756836,-54.543331146240234,-30.235485076904297,2.2311720848083496,-24.368507385253906,-13.416131973266602,-4.246265888214111,-10.866991996765137,2.743450164794922,-2.67045259475708,-16.659507751464844,-1.386672854423523,0.18869154155254364,0.2959617078304291,hungry,9fe37482-6a64-401d-b8b9-3e47d6ed9ac0-1430047373513-1.7-f-26-hu.wav,donate_cry
1351.3647834419555,352.9562877449865,0.023566313087940216,0.05095014348626137,0.09891369669732442,931.1789593425789,24.923372572771854,2454.749147549122,-33.05092239379883,-421.3450927734375,72.0069351196289,-23.838327407836914,-11.131369590759277,2.1224122047424316,-16.50438117980957,-5.274419784545898,6.878671169281006,-3.620629072189331,-7.401808738708496,-7.949123859405518,-9.6326904296875,-3.97214674949646,0.06407622247934341,0.4189969599246979,hungry,9fe37482-6a64-401d-b8b9-3e47d6ed9ac0-1430047399844-1.7-f-26-hu.wav,donate_cry
1179.508403007266,339.703907021588,0.11124975234270096,0.11470656096935272,0.07878965039715718,803.8589435530824,26.575276868773667,2095.0582344795152,-27.04343605041504,-320.9733581542969,106.03013610839844,-40.20222091674805,-22.575401306152344,-6.983452320098877,-34.62361526489258,-11.72022533416748,7.175559043884277,-7.323007106781006,-2.030921459197998,1.315919041633606,-11.247782707214355,-8.406380653381348,0.23597148060798645,0.2909616529941559,hungry,9fe37482-6a64-401d-b8b9-3e47d6ed9ac0-1430047590938-1.7-f-26-hu.wav,donate_cry
1182.6538614349263,220.76160956160516,0.011105133220553398,0.008775158785283566,0.07404089921357616,1012.0269311460098,24.06733730642703,2428.296464326366,-26.426212310791016,-422.10980224609375,193.54678344726562,-68.4522705078125,19.00838851928711,31.812519073486328,-38.276222229003906,4.723238468170166,0.46008700132369995,-31.12665557861328,0.871697723865509,-10.30999755859375,-24.845321655273438,1.1567749977111816,0.033466875553131104,0.4240773618221283,hungry,A123AD65-38D3-4A65-AB37-330034765840-1430093687-1.0-m-04-hu.wav,donate_cry
990.4711789932462,281.5342687091542,0.021609198302030563,0.020747436210513115,0.058370628104304635,891.960651739835,23.01127685866682,1977.739144634727,-22.100021362304688,-380.62640380859375,171.71942138671875,-41.80926513671875,11.88569450378418,33.211910247802734,-20.8409423828125,-1.5934325456619263,2.014406681060791,-19.2921199798584,-5.7656402587890625,-12.43592643737793,-20.114038467407227,-3.6539742946624756,0.06512229144573212,0.47172555327415466,hungry,A123AD65-38D3-4A65-AB37-330034765840-1430093699-1.0-m-04-hu.wav,donate_cry
1119.6022124772028,336.1584130003728,0.013931501656770706,0.011542885564267635,0.07115001552152318,962.8094613745038,24.132286092513468,2264.2662199917218,-23.1181583404541,-388.1993408203125,167.85720825195312,-43.363773345947266,17.559303283691406,28.757143020629883,-28.508007049560547,0.8396238684654236,-0.8404918909072876,-27.000497817993164,-1.4471877813339233,-5.338838577270508,-19.781246185302734,-1.0699236392974854,0.0426461286842823,0.408905953168869,hungry,A123AD65-38D3-4A65-AB37-330034765840-1430093710-1.0-m-04-hu.wav,donate_cry
974.5287529913819,320.5766636505958,0.025013720616698265,0.021007349714636803,0.056108689466059604,871.215381428463,24.819505981462772,1883.0857434809602,-20.67727279663086,-378.16168212890625,187.13124084472656,-46.18280029296875,11.231273651123047,26.83100700378418,-23.613142013549805,8.35871696472168,1.1938824653625488,-26.96118927001953,-1.397908091545105,-7.622964382171631,-19.564449310302734,-0.04655366763472557,0.0752507746219635,0.36223670840263367,hungry,A123AD65-38D3-4A65-AB37-330034765840-1430093726-1.0-m-04-hu.wav,donate_cry
1232.4757109515667,531.2109354233592,0.1601201891899109,0.16797861456871033,0.10091420766469594,798.519613971793,23.890975188135965,2093.4492781355575,-14.051493644714355,-236.86654663085938,147.38719177246094,-48.9609260559082,-3.970367431640625,25.09665298461914,-21.35198211669922,0.415252685546875,14.009937286376953,-17.4820613861084,-12.22787857055664,-2.9796302318573,-15.301424980163574,-10.437612533569336,0.434849351644516,0.43772050738334656,hungry,a40b9b8d-e4bc-457a-badf-f38bdbc0c358-1430016745385-1.7-m-04-hu.wav,donate_cry
1092.8536737470492,382.86427731695085,0.09145237505435944,0.10496301203966141,0.07919301316889632,793.6273125890801,24.133150873268022,1929.3461930392978,-16.77382469177246,-288.27008056640625,156.73272705078125,-44.839385986328125,-7.495405197143555,17.14446258544922,-21.73975372314453,4.887239456176758,13.936869621276855,-14.46858024597168,-6.343750953674316,-4.894906520843506,-16.530925750732422,-6.178290367126465,0.25782424211502075,0.4453909397125244,hungry,a40b9b8d-e4bc-457a-badf-f38bdbc0c358-1430016779981-1.7-m-26-hu.wav,donate_cry
1483.7172503137826,301.00940196245483,0.2179739773273468,0.24650122225284576,0.11641670150501672,800.9725874200548,24.303525247227185,2381.363415159908,-19.0234375,-218.94039916992188,128.53392028808594,-84.02042388916016,-32.49422073364258,-4.243339538574219,-35.234676361083984,10.190194129943848,17.351381301879883,-17.608287811279297,-1.8350307941436768,1.4955674409866333,-12.067017555236816,1.5676350593566895,0.46657896041870117,0.3649701178073883,hungry,a40b9b8d-e4bc-457a-badf-f38bdbc0c358-1430017191818-1.7-m-26-hu.wav,donate_cry
1571.7618769229723,372.97718234177955,0.04053603857755661,0.0626005232334137,0.12226888020833333,981.0923359718034,24.17017719048651,2727.646728515625,-27.527494430541992,-346.5590515136719,119.8237533569336,-63.620567321777344,-1.6388055086135864,8.567607879638672,-42.71310043334961,-2.587515115737915,9.193897247314453,-19.38020133972168,-2.5498998165130615,-0.8077550530433655,-13.742929458618164,-1.8428869247436523,0.12413706630468369,0.4365595281124115,hungry,a56e2494-d2b2-480e-af0b-de9ea8f33572-1436897427825-1.7-f-26-hu.wav,donate_cry
1287.362161282337,516.4837268572365,0.18010202050209045,0.11935949325561523,0.09493232650501672,830.8728949371143,26.781227390971655,2165.563270798495,-14.161408424377441,-227.22894287109375,168.08480834960938,-68.63981628417969,0.054504189640283585,21.611452102661133,-34.19811248779297,-2.5184309482574463,-2.980599880218506,-24.189355850219727,6.949864387512207,-1.5447863340377808,-19.932859420776367,0.43395403027534485,0.43560534715652466,0.23661264777183533,hungry,a7b13b65-da2c-48ec-8aed-46adcaba705f-1430823489236-1.7-f-26-hu.wav,donate_cry
1987.430387876715,257.8403127703136,0.11315380036830902,0.06206139922142029,0.19476601303807947,822.7625103645415,25.920707909716505,2822.8460652938743,-19.715028762817383,-288.26800537109375,163.03456115722656,-132.36099243164062,8.890852928161621,36.52067947387695,-54.94984436035156,13.070178031921387,24.089786529541016,-32.381996154785156,2.394243001937866,10.846227645874023,-12.935330390930176,5.754248142242432,0.2963883876800537,0.2489618957042694,hungry,AA2CA7F6-4547-4CC0-AA4C-5D7B64727FB5-1437123487-1.1-f-26-hu.wav,donate_cry
1345.2162439210194,481.9052738253285,0.013047583401203156,0.04792283475399017,0.0839795564350329,1040.5847880931287,24.008248661744172,2675.854652806332,-35.088008880615234,-489.5384521484375,40.27444839477539,-5.991505146026611,5.750243186950684,9.834620475769043,-1.8231706619262695,2.86592435836792,0.981142520904541,-7.608354091644287,-3.8969085216522217,-2.578827142715454,-4.1924848556518555,-0.22078558802604675,0.03681740537285805,0.540178120136261,hungry,aaa57dbd-7b88-454a-963e-6faa2f4ed4e7-1436910225455-1.7-f-04-hu.wav,donate_cry
1208.7207313852753,420.7377282703668,0.012802128680050373,0.02788424864411354,0.07656480166245791,988.4131833578257,23.40302323002964,2465.1529947916665,-33.12117004394531,-472.7948303222656,78.4226303100586,-4.4614644050598145,5.190681457519531,6.74037504196167,-16.199935913085938,-3.010714054107666,7.171154022216797,-8.686396598815918,-11.604386329650879,-4.9353156089782715,-4.000792503356934,-2.406304359436035,0.03445037454366684,0.4986320734024048,hungry,aaa57dbd-7b88-454a-963e-6faa2f4ed4e7-1436910235521-1.7-f-04-hu.wav,donate_cry
1212.7441218382824,439.9830406101792,0.0061974311247467995,0.013010888360440731,0.08458860263377926,859.651714103168,24.084643730795065,2128.5823349968646,-38.44578552246094,-520.2640991210938,94.00098419189453,-14.080364227294922,-15.51077938079834,-0.577465295791626,-16.082796096801758,-14.383225440979004,-4.686731338500977,-3.535919666290283,-0.5113108158111572,-1.9421484470367432,-3.2174878120422363,0.9960861802101135,0.01683828979730606,0.4519335627555847,hungry,aaa57dbd-7b88-454a-963e-6faa2f4ed4e7-1436982066128-1.7-f-04-hu.wav,donate_cry
1242.236617973194,413.9098916332337,0.010874777100980282,0.014002015814185143,0.08745313810822147,826.1895423307568,23.77846738397191,2109.7119632183303,-37.01850891113281,-507.5118408203125,123.1955337524414,-40.280487060546875,-20.644004821777344,4.306245803833008,-19.380111694335938,-3.9918830394744873,2.4871695041656494,-13.244107246398926,-3.9646778106689453,0.8872676491737366,-4.644891262054443,1.5451459884643555,0.03242728114128113,0.3959311246871948,hungry,aaa57dbd-7b88-454a-963e-6faa2f4ed4e7-1436982075169-1.7-f-04-hu.wav,donate_cry
1241.8629346135872,422.2041817443836,0.008090891875326633,0.016734996810555458,0.08465617135067115,895.5103305072079,23.772703686715506,2229.662020894505,-39.386009216308594,-545.5733642578125,97.12661743164062,-18.179983139038086,-13.233845710754395,0.48583412170410156,-13.17536449432373,-5.149806499481201,-3.9043312072753906,-8.647050857543945,2.466344118118286,1.4485262632369995,-5.566171646118164,-0.11558809131383896,0.0220453180372715,0.4393008053302765,hungry,aaa57dbd-7b88-454a-963e-6faa2f4ed4e7-1436982098411-1.7-f-04-hu.wav,donate_cry
1753.058558685578,545.7209200325716,0.1114867627620697,0.09918930381536484,0.13502691262541805,815.6276964664726,25.048397346861346,2701.6248007681857,-25.119876861572266,-310.6612854003906,112.65845489501953,-105.90438842773438,-6.18566370010376,26.043411254882812,-31.7269287109375,4.890918731689453,5.90300178527832,-21.343402862548828,5.508764743804932,-1.867859959602356,-14.304781913757324,10.431375503540039,0.29502925276756287,0.31122779846191406,hungry,aaa57dbd-7b88-454a-963e-6faa2f4ed4e7-1436988612387-1.7-f-04-hu.wav,donate_cry
1554.0496390181945,602.8947889408345,0.0540427640080452,0.06474805623292923,0.11668954981435643,864.0769380278051,26.275258927559534,2604.096244585396,-31.823110580444336,-379.025390625,101.75348663330078,-67.50444793701172,-6.551635265350342,7.702190399169922,-32.85871887207031,-0.6819965839385986,-2.3762693405151367,-21.163049697875977,6.805680274963379,-1.5560332536697388,-19.83077049255371,1.5865429639816284,0.14113076031208038,0.2842731177806854,hungry,aaa57dbd-7b88-454a-963e-6faa2f4ed4e7-1437166513710-1.7-f-04-hu.wav,donate_cry
1355.2666307588784,204.56728947539366,0.07701748609542847,0.08172926306724548,0.10934365762246621,813.6984595911297,25.55128126348744,2293.868111275338,-23.61458969116211,-300.5250244140625,164.52369689941406,-79.72466278076172,-22.516447067260742,20.687175750732422,-36.456634521484375,-17.62711524963379,6.260429382324219,-14.128632545471191,-7.703534126281738,-4.535475254058838,-12.1375093460083,-3.105940103530884,0.2234715074300766,0.37594500184059143,hungry,ad7fd28b-3e85-4e9b-9e18-af4bda64c60f-1430756389867-1.7-m-72-hu.wav,donate_cry
1309.2349829954633,388.56480582660936,0.01406185608357191,0.014695793390274048,0.09323232389214046,968.2584614687328,24.788737848190816,2438.185145145276,-20.96709632873535,-380.2646179199219,169.89544677734375,-58.79225158691406,8.003617286682129,36.817806243896484,-24.974943161010742,-2.3791112899780273,6.223021030426025,-21.541717529296875,-4.06541109085083,1.2629305124282837,-7.85169792175293,5.094705581665039,0.044117361307144165,0.4818495213985443,hungry,adb53808-8b13-4c08-b055-6653c75298be-1430133962749-1.7-m-72-hu.wav,donate_cry
1346.8872014528388,447.31560458023745,0.04587975889444351,0.03877522796392441,0.1040169706312709,896.3801842296518,25.26334767506401,2354.75298521112,-17.235809326171875,-334.9439697265625,174.257568359375,-71.99818420410156,-1.038403034210205,32.150115966796875,-30.83203125,0.4134482741355896,20.775117874145508,-9.358259201049805,-2.8455452919006348,-0.31691861152648926,-5.7239274978637695,5.395469665527344,0.12423533946275711,0.4132029712200165,hungry,adb53808-8b13-4c08-b055-6653c75298be-1430133982281-1.7-m-72-hu.wav,donate_cry
1700.6494427880923,668.4033680591461,0.14482316374778748,0.10158776491880417,0.13112882786371238,975.3652575416621,26.740030058864615,2823.0461401285534,-21.651992797851562,-275.8351135253906,130.53517150878906,-80.82633209228516,17.481321334838867,15.243216514587402,-57.58079147338867,-4.94503927230835,-0.11252371966838837,-26.514589309692383,2.991183280944824,-10.577646255493164,-14.413308143615723,23.078580856323242,0.3770490884780884,0.24911463260650635,hungry,adcefe56-90b1-4120-83b1-93008cb6f7f0-1430731683554-1.7-m-04-hu.wav,donate_cry
1684.5241217058717,373.6819953484622,0.048761386424303055,0.07565277814865112,0.13662174048013245,972.1245988974686,24.391953747034524,2877.3920930774007,-28.384723663330078,-343.0531311035156,106.80078125,-68.52784729003906,-5.4672698974609375,0.14330372214317322,-39.869537353515625,12.993175506591797,16.84615135192871,-21.551013946533203,-9.058387756347656,-12.29240608215332,-15.936409950256348,9.971207618713379,0.15242639183998108,0.36059698462486267,hungry,AE02C934-F4E5-4C73-818D-56AA6887EC18-1430279441-1.0-m-26-hu.wav,donate_cry
1561.7028573302703,247.36188408809613,0.0029053720645606518,0.0028699946124106646,0.12805418305049668,992.7298074028677,24.750361922340662,2807.088323934189,-40.44218826293945,-551.740234375,164.37554931640625,-91.23165130615234,-0.04834919050335884,20.4611759185791,-35.34760665893555,13.93868350982666,4.622167587280273,-27.878040313720703,6.610111236572266,-8.646621704101562,-25.171306610107422,4.307643413543701,0.008817158639431,0.40783557295799255,hungry,AE02C934-F4E5-4C73-818D-56AA6887EC18-1430279454-1.0-m-26-hu.wav,donate_cry
1156.950856287634,490.49187213608144,0.004607699811458588,0.005127089098095894,0.07228535353535354,928.681214717999,26.718746707219356,2232.239139441288,-34.4000244140625,-574.5545654296875,148.56626892089844,-40.94453811645508,15.914340019226074,24.08258628845215,-21.662151336669922,16.120967864990234,11.604328155517578,-22.004091262817383,2.3659579753875732,3.443795680999756,-11.660587310791016,1.5273573398590088,0.013121004216372967,0.30207359790802,hungry,ae5a462b-5424-4b5b-82d5-07ccb61654ab-1430405436291-1.7-f-04-hu.wav,donate_cry
2016.5518026563632,380.81517873335065,0.03650094196200371,0.03170710802078247,0.19039200136325504,1024.49549374285,26.703186503263485,3093.157918021183,-30.97062873840332,-406.5721435546875,154.54421997070312,-99.73412322998047,22.661840438842773,12.858635902404785,-68.81290435791016,22.358951568603516,23.05780029296875,-44.762908935546875,-6.124268531799316,0.6626749038696289,-19.246444702148438,6.490477085113525,0.12287892401218414,0.38709816336631775,hungry,ae5a462b-5424-4b5b-82d5-07ccb61654ab-1431155960186-1.7-f-48-hu.wav,donate_cry
1464.192417866254,526.0463601771665,0.054209090769290924,0.058777131140232086,0.109892578125,921.5652912964625,23.76086150582191,2513.2119140625,-20.573408126831055,-329.0306396484375,145.76788330078125,-69.79159545898438,0.1443965584039688,18.288354873657227,-34.58768081665039,8.555805206298828,18.93238639831543,-12.713865280151367,2.244487762451172,-1.1470458507537842,-14.106337547302246,-0.010459340177476406,0.1634424775838852,0.36143189668655396,hungry,ae5f103b-5fee-442f-bb1b-d9d0570c46ab-1431533809819-1.7-m-26-hu.wav,donate_cry
1422.4485030540345,562.2058108462411,0.19897834956645966,0.12794750928878784,0.10324976367882563,857.5733306126118,25.802714428564506,2390.568699955516,-17.771127700805664,-223.0480194091797,155.8418731689453,-80.2841796875,2.2316248416900635,22.079910278320312,-54.28631591796875,-22.74013328552246,-5.981314182281494,-26.29228401184082,1.9888863563537598,3.113438606262207,-10.730262756347656,7.0821213722229,0.5209622383117676,0.2697816789150238,hungry,af30880e-5f98-4dc0-b37a-be6b21fa0ba3-1431240037389-1.7-m-26-hu.wav,donate_cry
1382.816171906483,379.76272194256006,0.011155477724969387,0.00916003342717886,0.10992533706103678,1025.3162239588619,26.079123803855346,2641.706322507316,-25.452404022216797,-439.4972839355469,177.6765594482422,-66.018798828125,22.366748809814453,35.967830657958984,-35.41987228393555,7.138338088989258,7.618394374847412,-25.9603328704834,6.46255350112915,-1.240228295326233,-23.125141143798828,3.150012254714966,0.034767959266901016,0.3708922863006592,hungry,afa44e7f-4187-4f1c-9437-b49ba75f542e-1430629785235-1.7-f-04-hu.wav,donate_cry
1213.2425439265858,342.211384705668,0.06264230608940125,0.05005247890949249,0.07228179325331126,979.9533290587896,26.45548223274446,2362.5203719991723,-29.025846481323242,-365.84716796875,112.72237396240234,-41.09946060180664,13.450571060180664,12.732898712158203,-40.12275695800781,-16.188573837280273,-9.652571678161621,-16.64740562438965,1.2437748908996582,-14.585972785949707,-18.308326721191406,4.966580867767334,0.14471423625946045,0.29508981108665466,hungry,B0D9116D-8FA4-41AF-B626-BE508FD5CA04-1430832542-1.0-m-04-hu.wav,donate_cry
1903.3133438307632,305.5413516318165,0.15503057837486267,0.12274811416864395,0.15970677255794702,880.1914929801534,26.036904979223454,2914.540433567881,-14.580876350402832,-205.7125701904297,132.5763702392578,-104.49098205566406,7.441863059997559,28.040912628173828,-45.88687515258789,7.902573108673096,17.58074188232422,-22.741411209106445,2.097154378890991,-0.8149063587188721,-14.53349781036377,8.98924446105957,0.4558088183403015,0.3077795207500458,hungry,B2A105BB-347B-4878-A735-AA4ECF32CD16-1436864116-1.1-m-26-hu.wav,donate_cry
1207.2691501155275,364.8584708994481,0.014616282656788826,0.01610971800982952,0.07527292011589404,934.3736568815457,24.260504046202172,2320.880005691225,-24.67985725402832,-397.30975341796875,176.1401824951172,-60.592567443847656,4.114549160003662,24.7853946685791,-28.04632568359375,7.104710578918457,5.8298187255859375,-24.19999122619629,-0.5225387215614319,-6.2999267578125,-20.70370101928711,-1.1380112171173096,0.045252274721860886,0.46226727962493896,hungry,B327333E-2DE2-4833-A75A-4C576208BED3-1430087429-1.0-f-48-hu.wav,donate_cry
1194.566124656923,108.24112124175105,0.00633587408810854,0.0017824285896494985,0.07957044184602649,978.6324914409347,22.99917699328292,2387.190862996689,-28.36566734313965,-461.7550048828125,242.84271240234375,-97.5665283203125,17.012224197387695,37.90254211425781,-48.999149322509766,6.489872932434082,2.0690319538116455,-35.40837097167969,5.8484907150268555,-10.638385772705078,-29.73229217529297,3.1812398433685303,0.01982586644589901,0.5717051029205322,hungry,B327333E-2DE2-4833-A75A-4C576208BED3-1430087443-1.0-f-48-hu.wav,donate_cry
1466.488966109122,327.49913876589113,0.03464609384536743,0.04316055774688721,0.10541054428807947,992.7232075443516,24.855790896055055,2667.799872594164,-22.672765731811523,-340.7915344238281,157.63478088378906,-71.31065368652344,5.616952896118164,20.27482032775879,-32.18867111206055,11.68901252746582,3.795520067214966,-28.60786247253418,2.4441213607788086,-5.739101886749268,-20.68271827697754,3.1193487644195557,0.10081728547811508,0.44214117527008057,hungry,B327333E-2DE2-4833-A75A-4C576208BED3-1430087456-1.0-f-48-hu.wav,donate_cry
1245.9149018501812,290.2698363258621,0.0060455272905528545,0.003987913951277733,0.08122607098509933,987.4556467860231,23.726919726303272,2434.6066910699506,-30.687788009643555,-472.0449523925781,190.43150329589844,-70.78888702392578,13.040445327758789,27.182374954223633,-41.32313537597656,1.0888681411743164,1.3777751922607422,-25.887969970703125,4.429858207702637,-8.143048286437988,-22.14545249938965,3.8414113521575928,0.019264081493020058,0.4552186131477356,hungry,B400D2D0-9FCE-472E-A152-1FF349B9B407-1436845915-1.1-m-04-hu.wav,donate_cry
1316.6550162774677,225.6066003564534,0.03157643601298332,0.03219602629542351,0.10573552617963576,758.6329653611454,25.43374815676723,2091.038018030836,-33.70253372192383,-417.4871826171875,143.24061584472656,-75.27142333984375,-27.55112075805664,6.737770080566406,-27.910375595092773,-4.165525913238525,-0.44370588660240173,-15.824846267700195,1.2248200178146362,-6.849331378936768,-15.393949508666992,1.5613493919372559,0.0816173404455185,0.3346332907676697,hungry,B456CE9D-CBD4-43E5-899B-8B8B0483F17D-1431015486-1.0-m-72-hu.wav,donate_cry
1442.805015963465,374.39405379364115,0.297988623380661,0.14106985926628113,0.1034013116638796,814.9939165230845,26.870704376375414,2388.0610335232022,-16.864662170410156,-183.04034423828125,153.7306365966797,-98.80755615234375,-19.543874740600586,-2.3177707195281982,-52.649593353271484,6.686033725738525,8.4987154006958,-24.534671783447266,9.656176567077637,-0.12014906108379364,-21.935321807861328,5.1371026039123535,0.68857342004776,0.23318544030189514,hungry,b4c460d8-bd6b-4017-9bb8-2ae4ff0c5af1-1432751065608-1.7-f-26-hu.wav,donate_cry
729.463295029129,483.41839479222955,0.013266830705106258,0.01688711903989315,0.039142787856543626,799.3573774289977,24.290983587485123,1378.5585544253356,-20.98233413696289,-473.79052734375,145.90341186523438,18.526687622070312,24.506521224975586,11.046298027038574,-13.65273666381836,12.940587043762207,7.4933319091796875,-10.395367622375488,6.113070011138916,1.1558436155319214,-8.121356964111328,5.503872394561768,0.037035614252090454,0.4738670289516449,hungry,b5044f9a-6f2e-44fc-8e04-9076a988acf2-1435544527174-1.7-m-04-hu.wav,donate_cry
964.422645348298,553.1391779394872,0.06378057599067688,0.07540535926818848,0.05739905498281787,807.7038353245605,25.52531418890668,1785.7389155122423,-35.11759567260742,-464.87237548828125,71.45565795898438,11.809428215026855,9.603925704956055,0.24527156352996826,-24.272329330444336,-15.62697982788086,-0.6201562881469727,-7.905599594116211,-12.336813926696777,-7.978446960449219,-7.673012733459473,-8.35726261138916,0.11186299473047256,0.30125927925109863,hungry,b8fe4527-5e46-437f-897d-be32112bc1c8-1430166086647-1.7-f-48-hu.wav,donate_cry
926.7088774534485,378.44307258837995,0.10649752616882324,0.12199573218822479,0.06696978007277397,603.5706447527527,27.0030631788531,1277.3909059289383,-23.77046012878418,-348.98052978515625,95.11636352539062,-8.254314422607422,-13.3453950881958,-6.133790969848633,-20.75881004333496,-15.620749473571777,-7.128655433654785,-0.9966619610786438,9.863363265991211,4.757601737976074,-1.619536280632019,4.085151672363281,0.2042112946510315,0.23547039926052094,hungry,b9d0daab-43c8-41f1-86af-3bcdea9af63c-1429979961789-1.7-f-22-hu.wav,donate_cry
1251.2913970261968,406.8277922010724,0.0976739451289177,0.07921312749385834,0.09008874128919861,762.4302009707479,26.749561436552227,2059.572098894817,-20.133647918701172,-261.4433288574219,163.5369110107422,-69.69090270996094,-32.367530822753906,7.2246270179748535,-23.53705406188965,-4.619750499725342,-0.7653757929801941,-13.520173072814941,0.16307495534420013,-10.324135780334473,-17.1873779296875,0.793586254119873,0.27576491236686707,0.298126757144928,hungry,bb2bdafb-0477-4be4-8c41-1a6192e8c6d4-1430637640279-1.7-m-72-hu.wav,donate_cry
1271.8742757396037,435.43739878784135,0.0659763291478157,0.0665256604552269,0.0817199069033101,978.2023484886282,26.785695227782693,2336.3900533536585,-20.87944984436035,-290.8447570800781,144.49453735351562,-44.96233367919922,4.996817588806152,12.977826118469238,-33.608665466308594,-10.757262229919434,-14.711629867553711,-22.378829956054688,6.556990146636963,-8.932771682739258,-19.528762817382812,5.266006946563721,0.17679178714752197,0.2985652685165405,hungry,bb2bdafb-0477-4be4-8c41-1a6192e8c6d4-1430637663087-1.7-m-72-hu.wav,donate_cry
1487.7907139516324,391.1702404601533,0.09936918318271637,0.08344924449920654,0.13156882894163763,931.867679387183,27.858788609466675,2519.684879954268,-21.64870262145996,-279.68359375,148.1197967529297,-78.80809783935547,-8.192708969116211,13.670184135437012,-38.25771713256836,-2.807591199874878,-0.4251730144023895,-21.716110229492188,4.705143928527832,-4.161798000335693,-17.49456214904785,3.6191210746765137,0.27488502860069275,0.28545376658439636,hungry,bb2bdafb-0477-4be4-8c41-1a6192e8c6d4-1430637736064-1.7-m-72-hu.wav,donate_cry
1512.0412474803577,472.1125877517675,0.07668502628803253,0.08321013301610947,0.11989095052083333,850.2493873466741,25.450866881629384,2511.381591796875,-26.7216739654541,-330.80743408203125,122.15955352783203,-75.93760681152344,-13.580497741699219,15.775270462036133,-33.52528381347656,-3.9512743949890137,14.090645790100098,-12.315773963928223,-8.04449462890625,-5.885882377624512,-11.527104377746582,-3.831916570663452,0.21917320787906647,0.3854542076587677,hungry,be21ef2a-a415-4e8b-bfe6-731bf9956e2c-1431320909516-1.7-f-26-hu.wav,donate_cry
1200.7369667849136,237.43326294263574,0.02559695579111576,0.03591359034180641,0.07847281678082192,1006.5807114495258,26.26528784471324,2465.404270119863,-21.313472747802734,-355.9659729003906,139.75396728515625,-33.59915542602539,14.060041427612305,18.85706329345703,-30.641996383666992,-0.5577325820922852,5.993238925933838,-15.549881935119629,2.611234426498413,-3.0841214656829834,-17.98695182800293,-0.9649113416671753,0.07174253463745117,0.3526044189929962,hungry,bfbc4d23-39b2-4b33-b686-2f048f062b60-1430077722675-1.7-f-72-hu.wav,donate_cry
1246.8081282904475,392.33301467887185,0.0047638691030442715,0.006568672601133585,0.09599576494107744,850.3696970161503,23.08005914680286,2187.2876716382575,-42.88071823120117,-583.989501953125,120.35987854003906,-32.212425231933594,-11.47021198272705,19.612316131591797,-10.002636909484863,-12.15656566619873,-4.100245475769043,-11.36119270324707,-8.25560188293457,-7.867498397827148,-11.000993728637695,-5.004634380340576,0.013925645500421524,0.43099531531333923,hungry,c10e2b0f-0cb8-4485-b82f-d453edf97db7-1430738986076-1.7-f-26-hu.wav,donate_cry
1047.992904399939,427.08580808943844,0.0005821732920594513,0.0012665347894653678,0.06666688661317567,1020.8873724385784,21.661235276078614,2241.635544235642,-44.57707977294922,-729.2941284179688,104.16509246826172,3.8411571979522705,22.660757064819336,20.723587036132812,-6.898519992828369,6.854633331298828,6.129703998565674,-6.199461936950684,2.9361979961395264,-1.168574571609497,-6.122340202331543,2.869804620742798,0.0015618766192346811,0.5180200934410095,hungry,c10e2b0f-0cb8-4485-b82f-d453edf97db7-1430739158854-1.7-f-26-hu.wav,donate_cry
1943.2864535211136,417.46209007140953,0.09910512715578079,0.07891684770584106,0.16682613899410775,891.6293426807732,26.973842263236595,2814.215642755682,-27.34520149230957,-342.29730224609375,134.58599853515625,-96.15343475341797,19.474491119384766,27.60024642944336,-68.48629760742188,-5.761167526245117,27.526750564575195,-23.53797149658203,-10.155030250549316,0.4164887070655823,-16.33321189880371,-2.3672192096710205,0.3019326627254486,0.33942151069641113,hungry,c10e2b0f-0cb8-4485-b82f-d453edf97db7-1430739179429-1.7-f-26-hu.wav,donate_cry
1486.1499877624526,353.1218778629705,0.024763289839029312,0.03822235390543938,0.12069277731788079,1020.9973824942413,23.349748989021766,2709.5828428963164,-25.76834487915039,-352.4679870605469,143.42616271972656,-64.5590591430664,9.8750581741333,20.884267807006836,-39.032264709472656,-5.469773292541504,-3.3458869457244873,-21.867265701293945,4.4652252197265625,-8.979240417480469,-20.920299530029297,3.0026073455810547,0.07513536512851715,0.47044873237609863,hungry,C249BCDD-0F65-4D6A-82BE-43C4006E3DDB-1436891733-1.1-m-72-hu.wav,donate_cry
1483.2986736394305,357.3142210013064,0.036413900554180145,0.04693736881017685,0.11344616618377483,944.2419968124636,23.830210861887373,2576.533316302773,-28.2631778717041,-361.08392333984375,125.49972534179688,-59.5476188659668,3.3051164150238037,16.9516544342041,-38.8939094543457,-13.202102661132812,-4.935586452484131,-21.370906829833984,-1.3308274745941162,-5.048030853271484,-11.72130012512207,3.9563698768615723,0.11453348398208618,0.4241713583469391,hungry,C249BCDD-0F65-4D6A-82BE-43C4006E3DDB-1436891742-1.1-m-72-hu.wav,donate_cry
1275.015868173437,288.9252234596133,0.055233512073755264,0.04358425363898277,0.08299002742135761,917.2538557081145,24.761343686086242,2336.6377470509105,-24.869848251342773,-298.0680847167969,146.16912841796875,-65.55131530761719,-9.634270668029785,5.493597030639648,-38.39518356323242,-2.4828715324401855,-3.7445738315582275,-27.058683395385742,-2.0375378131866455,-8.20926570892334,-19.59747314453125,-0.1914844661951065,0.15576045215129852,0.3357311487197876,hungry,C421C6FE-DFEE-4080-8AEA-848E7CE4756B-1430548250-1.0-f-48-hu.wav,donate_cry
1285.3165287485062,365.2049291838236,0.040580276399850845,0.03951958194375038,0.0841783940397351,918.92301436408,25.340625847460103,2361.66474803394,-28.849042892456055,-356.562255859375,148.1544189453125,-61.02208709716797,0.606269896030426,10.422021865844727,-41.13700866699219,-4.0212016105651855,-3.5179636478424072,-26.656463623046875,-0.600184977054596,-10.616270065307617,-26.283950805664062,-3.8029065132141113,0.11318573355674744,0.33710208535194397,hungry,C421C6FE-DFEE-4080-8AEA-848E7CE4756B-1430548277-1.0-f-26-hu.wav,donate_cry
1704.0724511221479,501.6089776895737,0.09556570649147034,0.13469338417053223,0.15433443509615385,889.7694262587129,25.98495123078738,2691.7256815450173,-31.730363845825195,-387.4229736328125,58.23591995239258,-44.06885528564453,-10.497212409973145,0.07646510004997253,-21.95633888244629,-4.4257988929748535,-4.055247783660889,-11.135876655578613,6.773919582366943,3.5079538822174072,-4.325742721557617,6.799042224884033,0.21771784126758575,0.3110978901386261,hungry,c42e76b9-a4c1-48f6-a91d-27ab83015874-1430737177322-1.7-f-72-hu.wav,donate_cry
1109.3742564713564,492.18689078080894,0.05576317757368088,0.0745423287153244,0.06280266748715753,871.202030495109,25.908648408057587,2094.9151862157532,-22.91802406311035,-334.2759094238281,156.2816162109375,-45.88365173339844,0.7027780413627625,13.276328086853027,-31.54191780090332,-4.965260982513428,-6.745421409606934,-23.94409942626953,0.9318280220031738,-6.4969658851623535,-17.55208396911621,2.278414011001587,0.14115822315216064,0.31394684314727783,hungry,c6fd9d60-0fa7-44c0-b3ce-0192527d7b81-1429978271017-1.7-m-04-hu.wav,donate_cry
1406.0018639272312,580.036395709318,0.11406877636909485,0.12308520078659058,0.1078415962114726,804.0733100174432,26.197947028581115,2287.349753183861,-27.243871688842773,-321.5911560058594,136.76211547851562,-79.62246704101562,-15.443075180053711,14.593581199645996,-38.664154052734375,-7.598518371582031,8.833253860473633,-20.386964797973633,-9.971271514892578,-3.537686586380005,-12.385615348815918,-5.158340930938721,0.3031081557273865,0.31447821855545044,hungry,c6fd9d60-0fa7-44c0-b3ce-0192527d7b81-1430038968282-1.7-m-04-hu.wav,donate_cry
1136.690404551678,565.0882683109803,0.033565718680620193,0.04781540110707283,0.06960014447773973,898.2015418002863,24.22764639255859,2189.5285410423803,-29.838279724121094,-410.83343505859375,103.19634246826172,-19.08316421508789,11.367834091186523,16.315292358398438,-26.963268280029297,-15.243328094482422,-1.8231761455535889,-12.690229415893555,-7.836864948272705,-7.661046028137207,-11.647531509399414,-4.995057106018066,0.08663079887628555,0.3298629820346832,hungry,c6fd9d60-0fa7-44c0-b3ce-0192527d7b81-1430066825817-1.7-m-72-hu.wav,donate_cry
1365.0353954634988,520.1212740804673,0.04995052143931389,0.072081558406353,0.09615963452482877,852.8472272775316,25.15416775786173,2406.003601910317,-29.20709228515625,-353.0193786621094,126.82276153564453,-65.41546630859375,-14.91628360748291,8.817995071411133,-31.331560134887695,-4.249618053436279,0.35919898748397827,-22.02704429626465,-3.573885202407837,-2.733055353164673,-15.299480438232422,-3.1264138221740723,0.13015413284301758,0.31972649693489075,hungry,c6fd9d60-0fa7-44c0-b3ce-0192527d7b81-1430068155237-1.7-m-72-hu.wav,donate_cry
1286.6537325584811,539.2620228031221,0.07501398772001266,0.08741873502731323,0.08128043396832192,865.7753334086548,24.296279204121163,2263.0511558219177,-26.28403663635254,-330.7611389160156,143.88934326171875,-63.71018981933594,-1.7063288688659668,12.355293273925781,-44.87398147583008,-15.2842378616333,-5.477684497833252,-20.703432083129883,2.6166152954101562,-3.10007643699646,-15.261332511901855,0.32466092705726624,0.21547171473503113,0.325845867395401,hungry,c6fd9d60-0fa7-44c0-b3ce-0192527d7b81-1430068167526-1.7-m-72-hu.wav,donate_cry
1350.2017205106356,456.0517547003437,0.08157984167337418,0.09108594805002213,0.08979155441810345,915.7760282836855,26.783631857304545,2396.348498114224,-23.35371208190918,-311.14581298828125,112.19513702392578,-45.60087203979492,-3.230275869369507,12.756659507751465,-26.854476928710938,-9.898823738098145,-3.3499085903167725,-10.833667755126953,4.411561965942383,-7.9447221755981445,-17.271160125732422,3.168081045150757,0.2340681403875351,0.32888340950012207,hungry,c7fef089-4a65-4b75-bfd4-bae0e3518adf-1430754388848-1.7-m-04-hu.wav,donate_cry
1288.2046942029006,477.6808206221124,0.07203855365514755,0.08018944412469864,0.0847468964041096,896.3559345887176,25.939982375573386,2379.4926891588184,-30.460121154785156,-391.2039489746094,95.34873962402344,-36.1541748046875,-6.769780158996582,3.418215274810791,-32.5902099609375,-11.11302375793457,6.893758773803711,-9.315024375915527,-8.741004943847656,-6.76371955871582,-6.398622512817383,7.407259941101074,0.14383669197559357,0.3516005277633667,hungry,ca7d8d54-13cb-4060-8db4-90651b60c078-1434674769219-1.7-f-26-hu.wav,donate_cry
1482.3228306197943,250.01457950085,0.016480816528201103,0.016385026276111603,0.11780189362582781,923.1318898475183,24.37411938359009,2520.382993584437,-33.24565124511719,-421.5151672363281,152.46217346191406,-83.81694793701172,-6.827931880950928,15.256166458129883,-40.62713623046875,-4.8745622634887695,-2.784632682800293,-20.59819984436035,7.744741916656494,-7.2161970138549805,-21.346786499023438,1.9510388374328613,0.049591001123189926,0.36996665596961975,hungry,CC8771B1-C84E-4223-A010-029A7629A975-1434107299-1.1-f-04-hu.wav,donate_cry
1038.8338926750473,177.26955891721306,0.032435618340969086,0.016906002536416054,0.07870473191889632,625.8563071294726,28.16303161759038,1579.6296901128762,-26.881637573242188,-402.40972900390625,185.44422912597656,-61.08945083618164,-32.5621223449707,3.8909196853637695,-20.161243438720703,7.635998725891113,6.80457878112793,-14.135189056396484,1.1585437059402466,-9.766178131103516,-19.23876190185547,4.9671244621276855,0.08365515619516373,0.2306458055973053,hungry,cda99fcf-d010-47b4-8987-f54be313ddbd-1429973787766-1.7-f-26-hu.wav,donate_cry
1590.4399744210634,263.3573273980632,0.06213996559381485,0.08785736560821533,0.13288435409698995,975.0282818696359,25.574879916060144,2685.420885373119,-16.882509231567383,-257.8179931640625,154.9716033935547,-79.22997283935547,17.52937126159668,42.73741149902344,-38.92539978027344,-5.1999192237854,10.325112342834473,-27.7152099609375,-10.576231956481934,-4.658563137054443,-18.138202667236328,-2.7746284008026123,0.19380484521389008,0.3700881600379944,hungry,cde108d0-62c3-47f8-82c4-233c9fba5cdd-1436884406827-1.7-m-48-hu.wav,donate_cry
1871.333027945598,334.4551934590081,0.21375857293605804,0.14748497307300568,0.16627296241554054,910.9260144663513,28.118050362301435,2875.0463537267738,-17.894039154052734,-223.76573181152344,159.78700256347656,-116.40406036376953,10.82160758972168,30.047224044799805,-60.623661041259766,4.196104526519775,17.676471710205078,-35.25560760498047,-3.3947227001190186,2.554631471633911,-19.85647201538086,1.5946651697158813,0.6285772919654846,0.3191657066345215,hungry,cde108d0-62c3-47f8-82c4-233c9fba5cdd-1436884444242-1.7-m-48-hu.wav,donate_cry
1156.331225711695,323.7442413404821,0.019528711214661598,0.02480720914900303,0.0730576531145485,1004.1203148305758,25.776289143288402,2484.456325773411,-16.727354049682617,-359.88934326171875,156.62547302246094,-35.548011779785156,16.552597045898438,25.446435928344727,-30.054079055786133,5.003693103790283,18.07246208190918,-13.573897361755371,0.4308634102344513,6.4358344078063965,-7.465612888336182,0.5080273747444153,0.05705004930496216,0.45218396186828613,hungry,cecd525b-18fd-49e3-b2b9-dfb08b93ad95-1430109958636-1.7-m-26-hu.wav,donate_cry
1463.5177151310784,219.65833028715016,0.051837947219610214,0.06574558466672897,0.10696916390728477,953.1754213609702,24.469205646138644,2696.8554364134934,-25.21273422241211,-310.6438293457031,118.45005798339844,-58.95283889770508,-12.116145133972168,4.8176188468933105,-24.654705047607422,9.592694282531738,1.6527814865112305,-28.33559226989746,-4.276623725891113,-3.0535452365875244,-17.558496475219727,-2.6868889331817627,0.1468513309955597,0.41622236371040344,hungry,D18A30C6-4370-4BE0-83F8-031892F96603-1432989796-1.1-f-04-hu.wav,donate_cry
990.3653931842532,253.95337084237917,0.018321052193641663,0.03389880061149597,0.05324529180463576,910.9836366154857,24.6761327614062,2046.9020818242964,-28.463367462158203,-417.24566650390625,139.09812927246094,-18.46953010559082,5.663538932800293,9.814857482910156,-23.470266342163086,1.4406859874725342,4.37113618850708,-15.249493598937988,-5.8746209144592285,-14.217615127563477,-25.199554443359375,-10.685335159301758,0.044252943247556686,0.40490907430648804,hungry,D1CB71F9-EF76-49B3-A703-41D557444D21-1436863366-1.1-m-04-hu.wav,donate_cry
1753.4277412054114,410.40713851375904,0.09630011022090912,0.07197584956884384,0.13417225010347683,914.1862640097878,27.163873851923032,2892.5437674617137,-20.965160369873047,-286.8797912597656,128.40597534179688,-93.15420532226562,8.998748779296875,27.869670867919922,-31.162569046020508,14.170833587646484,4.867801666259766,-25.16095733642578,11.614876747131348,-5.401756286621094,-28.579742431640625,1.8640096187591553,0.25290125608444214,0.25471144914627075,hungry,D1CB71F9-EF76-49B3-A703-41D557444D21-1436863375-1.1-m-04-hu.wav,donate_cry
1028.267473896811,267.1449605498312,0.1041131243109703,0.10571975260972977,0.08280135801174497,605.8281360379905,26.64019582624923,1496.3047104393877,-28.98140525817871,-336.074462890625,122.2325668334961,-22.1813907623291,-38.37714767456055,-29.698503494262695,-32.17786407470703,-2.3205156326293945,5.373562812805176,-15.543853759765625,-10.552168846130371,-2.5866904258728027,-9.18939208984375,-5.6623663902282715,0.24624747037887573,0.2529493272304535,hungry,d1e236a0-e030-4137-9030-5625026cd098-1430477951092-1.2-m-04-hu.wav,donate_cry
1071.0416566664858,178.94471577898514,0.20587919652462006,0.15410824120044708,0.0820704431438127,612.6589269841094,25.66974482511031,1529.5415871916805,-23.782596588134766,-254.97251892089844,140.11422729492188,-46.28859329223633,-48.46636962890625,-32.20347213745117,-38.79380416870117,4.054272651672363,11.438974380493164,-22.768705368041992,-11.40542221069336,4.8510661125183105,-8.427475929260254,-6.305937767028809,0.4861961603164673,0.23734602332115173,hungry,d1e236a0-e030-4137-9030-5625026cd098-1430477960643-1.2-m-04-hu.wav,donate_cry
1516.2536678243266,429.1235307180061,0.03244882449507713,0.038841407746076584,0.11471214041804635,919.6242162853044,25.048196472312096,2603.5211222061257,-30.867475509643555,-396.350830078125,144.9412384033203,-85.17949676513672,-0.5276188254356384,18.495250701904297,-39.98676300048828,1.960256576538086,3.475332021713257,-26.71697425842285,-4.153636455535889,-10.346464157104492,-15.95075798034668,9.063253402709961,0.0991012379527092,0.31321895122528076,hungry,D54D9C2A-56ED-4338-9D1F-2ADB4E081DAD-1429807587-1.0-m-48-hu.wav,donate_cry
1536.9933418725889,287.0506170883851,0.01979854330420494,0.030139833688735962,0.11964022402731789,979.6293620376263,23.763766454378455,2760.385515831954,-34.705322265625,-437.2087097167969,95.05782318115234,-48.522098541259766,-6.259537696838379,2.496711492538452,-30.572046279907227,-0.8286775350570679,5.1358513832092285,-13.517657279968262,-2.0525851249694824,-5.103994369506836,-10.707663536071777,0.9133713245391846,0.05818847566843033,0.37160083651542664,hungry,D54D9C2A-56ED-4338-9D1F-2ADB4E081DAD-1429807598-1.0-m-48-hu.wav,donate_cry
1689.138147722007,210.41707774355393,0.06958235055208206,0.0880996361374855,0.1425716576986755,800.3634879250434,23.984133556139614,2527.976656275869,-25.76129913330078,-324.86474609375,125.85438537597656,-106.8135757446289,-18.298168182373047,23.170988082885742,-38.18449401855469,-8.018439292907715,13.986763000488281,-3.427304267883301,8.985308647155762,-0.44441840052604675,-11.343680381774902,4.500503063201904,0.2035892754793167,0.39529696106910706,hungry,D54D9C2A-56ED-4338-9D1F-2ADB4E081DAD-1430036283-1.0-m-48-hu.wav,donate_cry
1487.1608978144072,299.4188172035806,0.056369662284851074,0.08443858474493027,0.11300153921771523,808.7393713839457,23.816869472724637,2387.0482590024835,-27.960798263549805,-357.27069091796875,128.3577117919922,-82.7998275756836,-22.664716720581055,14.255199432373047,-31.85799789428711,-8.157771110534668,9.49030876159668,-5.599477767944336,3.340256929397583,-2.4957058429718018,-10.185321807861328,2.09761381149292,0.16191157698631287,0.3931727111339569,hungry,D54D9C2A-56ED-4338-9D1F-2ADB4E081DAD-1430036301-1.0-m-48-hu.wav,donate_cry
1071.5037121260655,385.40746873257706,0.062017712742090225,0.08825505524873734,0.07957821800595238,860.3345446811405,24.32231799551812,2019.98291015625,-22.369375228881836,-376.8124694824219,123.36458587646484,-21.450754165649414,1.6358572244644165,15.200879096984863,-14.456303596496582,-0.383096307516098,0.8998340368270874,-14.280379295349121,0.5108347535133362,3.099372625350952,-7.440982818603516,-0.6892558932304382,0.16155649721622467,0.436515748500824,hungry,d6cda191-4962-4308-9a36-46d5648a95ed-1428333797380-1.5-f-26-hu.wav,donate_cry
1762.8640421122332,270.5228355108177,0.053762324154376984,0.04404987022280693,0.15127118644067797,863.073701255175,25.787387731401267,2758.0748477224574,-29.95812225341797,-341.7767028808594,128.5912322998047,-113.9287109375,-21.310894012451172,8.791131019592285,-37.31714630126953,17.888235092163086,12.150774955749512,-30.016254425048828,2.1164684295654297,0.39808234572410583,-18.307512283325195,3.2656588554382324,0.15279962122440338,0.30978021025657654,hungry,d6cda191-4962-4308-9a36-46d5648a95ed-1430640304482-1.7-m-04-hu.wav,donate_cry
1797.8490508876062,224.65073652650844,0.11399172991514206,0.08333519846200943,0.16642584768282312,797.3217544821485,24.851489820493587,2669.49462890625,-22.386066436767578,-268.425048828125,159.9689483642578,-135.6388702392578,-14.892385482788086,28.973772048950195,-44.93473815917969,7.808193683624268,14.511969566345215,-32.716739654541016,-0.5516587495803833,7.696069717407227,-12.769070625305176,-0.049326684325933456,0.35383176803588867,0.34427550435066223,hungry,d6cda191-4962-4308-9a36-46d5648a95ed-1431882032820-1.7-m-04-hu.wav,donate_cry
2037.273767468621,235.4733611605635,0.05284363031387329,0.07276970893144608,0.20030124470338984,758.8432609582097,23.861805164210583,2778.22116657839,-32.36140441894531,-392.1321716308594,91.39480590820312,-105.71226501464844,-1.547291874885559,35.00301742553711,-32.637451171875,-2.3980820178985596,13.108245849609375,-17.91227149963379,-2.108133316040039,2.519909143447876,-10.206032752990723,1.9294551610946655,0.17095023393630981,0.29512733221054077,hungry,d6cda191-4962-4308-9a36-46d5648a95ed-1431882043380-1.7-m-04-hu.wav,donate_cry
1161.837767697504,374.20352817464345,0.008929259143769741,0.009476692415773869,0.0819902868078859,843.7866523874187,23.94649374206125,2100.932486105285,-32.90607833862305,-480.14617919921875,154.37384033203125,-44.234153747558594,-4.001615524291992,19.859291076660156,-34.211612701416016,-14.435948371887207,9.545056343078613,-12.065404891967773,-6.024035453796387,1.8866982460021973,-11.039981842041016,-7.285049915313721,0.024806711822748184,0.3187849521636963,hungry,d79affbc-f7b4-4ef0-ae57-be5da4b827bf-1430761514476-1.7-m-72-hu.wav,donate_cry
1092.6541839520478,358.8488442493542,0.00801124982535839,0.006538729649037123,0.06722277382943144,856.3354665058091,26.303703456172723,2112.594471807065,-31.923595428466797,-475.2560729980469,163.25778198242188,-46.622589111328125,-2.4422929286956787,25.356952667236328,-26.919004440307617,-9.338898658752441,5.913092613220215,-15.900250434875488,-5.909418106079102,-3.724428176879883,-17.274005889892578,-6.147630214691162,0.022382132709026337,0.2853538393974304,hungry,d79affbc-f7b4-4ef0-ae57-be5da4b827bf-1430761528998-1.7-m-72-hu.wav,donate_cry
1033.5720313667744,222.2886318089654,0.046969812363386154,0.03649984300136566,0.07417994619205298,692.3144588952802,26.469785375892865,1682.2636686413493,-29.32669448852539,-347.8918151855469,155.58409118652344,-44.60022735595703,-22.522207260131836,-7.867965221405029,-49.39606857299805,-22.320430755615234,2.8111629486083984,-8.640057563781738,-6.044395446777344,-12.378594398498535,-16.92258644104004,-1.0579473972320557,0.11914093047380447,0.21111056208610535,hungry,D833237F-1F7C-4338-BEDE-84C0CF5F4145-1430083995-1.0-f-26-hu.wav,donate_cry
957.4845249708013,149.4992246226876,0.03955358266830444,0.03187393397092819,0.06532621067880795,714.2141352367164,25.889471778264575,1613.9563554170115,-31.14158058166504,-390.3030700683594,166.49122619628906,-37.68857192993164,-13.159283638000488,-7.3168134689331055,-56.72275924682617,-24.52448272705078,2.6429994106292725,-9.639408111572266,-1.4243313074111938,-7.436463832855225,-19.518360137939453,-6.241230010986328,0.09930450469255447,0.28381824493408203,hungry,D833237F-1F7C-4338-BEDE-84C0CF5F4145-1430084007-1.0-f-26-hu.wav,donate_cry
1402.0429949190213,361.74866440678187,0.008877504616975784,0.009535850025713444,0.11777764124586093,834.3267889986494,23.014914500169933,2355.2832192932533,-36.909915924072266,-463.773681640625,148.34918212890625,-74.78180694580078,-13.469831466674805,13.816664695739746,-30.799158096313477,-5.882080078125,-11.262894630432129,-24.27634048461914,12.135873794555664,-0.1655871719121933,-25.644441604614258,-4.074775218963623,0.02652362734079361,0.2755317687988281,hungry,DB95BF4A-E3E5-4429-A660-DBBCF486E6DF-1430664611-1.0-f-72-hu.wav,donate_cry
1233.573176512747,229.71513918171468,0.010444939136505127,0.014612037688493729,0.09241450227649006,856.805725603495,23.317833081748194,2117.9901729356375,-37.267478942871094,-456.59857177734375,123.64966583251953,-41.41798782348633,-16.515642166137695,3.6325929164886475,-20.801448822021484,-9.538938522338867,-17.244060516357422,-24.76030158996582,0.1277875006198883,-5.434178829193115,-17.81863021850586,-1.757491946220398,0.02949352376163006,0.3048627972602844,hungry,DB95BF4A-E3E5-4429-A660-DBBCF486E6DF-1430664633-1.0-f-72-hu.wav,donate_cry
1146.7020019217657,151.24415219607062,0.021535664796829224,0.021273816004395485,0.07490266711506623,927.0040443797241,24.774574244268596,2234.8897971854303,-21.95860481262207,-335.9383239746094,176.1588592529297,-60.9487419128418,-1.9686639308929443,20.10029411315918,-27.58817481994629,7.236403465270996,6.06778621673584,-21.741025924682617,-1.6852507591247559,-13.32726001739502,-27.73857879638672,-4.0891852378845215,0.0585249699652195,0.40939611196517944,hungry,DBA77EDC-D457-4B3A-83B8-B7AFBF272D4E-1436860486-1.1-m-72-hu.wav,donate_cry
1632.2673322442563,318.0075537565554,0.018723243847489357,0.019339030608534813,0.1331195129598662,746.2100289171087,25.77848307262293,2382.1556065792224,-36.93447494506836,-455.2100830078125,111.97476196289062,-96.83979034423828,-28.662805557250977,26.151721954345703,-12.583084106445312,-7.340161323547363,-5.695965766906738,-12.433065414428711,6.362537860870361,-0.45157870650291443,-8.060322761535645,2.639725923538208,0.05158274993300438,0.2574198842048645,hungry,dc5429de-26b4-48e2-bc47-bc607b9bba06-1430741828918-1.7-f-72-hu.wav,donate_cry
1376.128042422494,183.90122338277195,0.0639672726392746,0.12479346990585327,0.10975172030215231,955.2042315366862,24.168177747850816,2448.154070519454,-14.818535804748535,-248.12391662597656,130.6380615234375,-52.64689254760742,-0.5743120908737183,24.18106460571289,-19.883087158203125,-0.3663524091243744,7.373536586761475,-9.602534294128418,0.5508951544761658,-6.5074052810668945,-14.531078338623047,-3.1489734649658203,0.16224567592144012,0.5152783393859863,hungry,DCB33551-F9BA-4B4A-8DA1-A3107E1AD859-1430406483-1.0-m-04-hu.wav,donate_cry
1689.8477149738624,459.4916848635559,0.1294548362493515,0.13256306946277618,0.14809634985513245,959.6294562755621,24.197962245322913,2734.8594008692053,-12.307171821594238,-248.5762176513672,163.51821899414062,-98.0496826171875,17.924028396606445,40.64785385131836,-32.68934631347656,17.45968246459961,12.567471504211426,-25.556941986083984,11.36829948425293,1.8803426027297974,-21.647865295410156,1.160919189453125,0.39618822932243347,0.43275538086891174,hungry,DCB33551-F9BA-4B4A-8DA1-A3107E1AD859-1430406495-1.0-m-04-hu.wav,donate_cry
1466.6385434347158,607.2507693886113,0.017624376341700554,0.016470976173877716,0.128962393837108,849.1977693148883,21.399491400645896,2456.3232421875,-28.666826248168945,-401.8867492675781,174.677490234375,-95.67582702636719,-0.42228928208351135,22.56791877746582,-47.5289192199707,3.34028959274292,10.595297813415527,-26.120546340942383,2.6760079860687256,-1.5143318176269531,-18.424957275390625,5.047886371612549,0.07338346540927887,0.5410111546516418,hungry,e0717ce2-da25-417c-89a5-58d7175f4a6d-1436966513203-1.7-m-26-hu.wav,donate_cry
1678.5383657193886,334.9199081819885,0.014469102956354618,0.00716047827154398,0.1425047120847902,870.6321546054634,26.725330901030752,2697.1466277862764,-33.37197494506836,-440.6206359863281,172.80224609375,-114.86481475830078,-5.07121467590332,20.894546508789062,-53.794986724853516,6.964241981506348,13.97416877746582,-29.80670928955078,6.573521614074707,3.822476863861084,-21.250286102294922,6.541787624359131,0.04172889515757561,0.2506004571914673,hungry,e0cc5beb-50e5-46ef-852e-c92106216e62-1430143334661-1.7-m-04-hu.wav,donate_cry
1499.4026246279843,306.9102465319813,0.04505911469459534,0.05950840562582016,0.12104639161789298,945.8194694762797,24.53535268707542,2578.006930654264,-26.721303939819336,-318.3623046875,119.5854263305664,-59.73387145996094,-1.2784720659255981,12.55918025970459,-42.51789093017578,-18.81776237487793,-5.532384872436523,-19.279766082763672,-3.1067919731140137,-3.9255435466766357,-9.300638198852539,2.3338472843170166,0.13312673568725586,0.4016767144203186,hungry,e1e640e2-78cb-4cb7-9ccc-93813bfc251c-1430738640598-1.7-m-72-hu.wav,donate_cry
1143.280621029919,261.9277539367318,0.04029817879199982,0.09743303805589676,0.08035247700668896,854.0852734458911,23.406116901805028,2143.3459023568143,-28.280010223388672,-361.0771179199219,87.17403411865234,-5.745507717132568,-13.07149600982666,-1.972665786743164,-15.561043739318848,-17.616668701171875,-9.97879695892334,-8.351862907409668,-6.803774833679199,-6.164971351623535,-5.416989326477051,-3.0532474517822266,0.08831806480884552,0.41869470477104187,hungry,e1e640e2-78cb-4cb7-9ccc-93813bfc251c-1430738652322-1.7-m-72-hu.wav,donate_cry
1363.1402896514328,317.0557807787586,0.01489324402064085,0.02245524525642395,0.09907258899006623,1005.7041287186867,24.168352125656305,2582.736590050704,-28.67983055114746,-373.2610168457031,143.2781524658203,-50.3145637512207,6.769872188568115,9.856411933898926,-42.82175064086914,-1.806289553642273,3.557356119155884,-26.621000289916992,-7.880458354949951,-10.222419738769531,-20.610719680786133,-2.761359691619873,0.05016980692744255,0.4855461120605469,hungry,E2C4BCE0-99FD-49EC-8AB1-5EA5DF7DD8C5-1430042952-1.0-m-04-hu.wav,donate_cry
1390.8949036002725,437.23038937637364,0.030887942761182785,0.06346636265516281,0.10052573844178082,830.2128282630696,25.938567177528153,2392.4716061108734,-35.34874725341797,-408.86138916015625,77.11128234863281,-39.64168167114258,-30.140745162963867,-4.1442060470581055,-19.360288619995117,-12.348387718200684,2.148684501647949,-4.116640567779541,-3.469618320465088,-0.8953487277030945,-8.422640800476074,-7.392724514007568,0.06706615537405014,0.34592413902282715,hungry,e36730a9-d62b-4752-856f-b42feb1585df-1429975817524-1.7-m-04-hu.wav,donate_cry
1334.2715753381497,468.5233422436867,0.015267398208379745,0.01998640038073063,0.09776804503367004,930.2382718128719,26.338071343448416,2424.007901278409,-31.349445343017578,-451.7417907714844,125.45601654052734,-34.71295166015625,1.1689095497131348,11.689957618713379,-32.8912467956543,-8.408474922180176,8.625849723815918,-9.922080039978027,-2.0307223796844482,-1.0618116855621338,-11.076231956481934,-2.638206720352173,0.03779275715351105,0.3577621281147003,hungry,e37c323c-0edb-4942-be47-3cc0b2de00a1-1434392919844-1.7-f-26-hu.wav,donate_cry
1441.5796232258785,374.3095823674877,0.03305693715810776,0.04366672411561012,0.10236595944816053,911.9334570949727,24.680250696732166,2569.0407641356605,-29.797266006469727,-387.35491943359375,115.36614227294922,-57.2948112487793,-16.680789947509766,4.133636474609375,-36.199275970458984,-7.332482814788818,14.955268859863281,-5.279321193695068,-1.7112222909927368,1.2597126960754395,-7.357528209686279,-3.8689000606536865,0.09060733765363693,0.3317018449306488,hungry,e37c323c-0edb-4942-be47-3cc0b2de00a1-1434392936735-1.7-f-26-hu.wav,donate_cry
1094.5091462351695,379.9304456581517,0.12277617305517197,0.09552127867937088,0.06602411684782608,842.579812081724,28.50181076129372,2014.830848923495,-25.39114761352539,-335.8627624511719,119.8018798828125,-29.827314376831055,1.8873637914657593,5.130096912384033,-40.21108627319336,-15.138031959533691,5.183737277984619,-9.063359260559082,-6.624146938323975,-12.015442848205566,-14.620352745056152,1.2744977474212646,0.30328482389450073,0.23183812201023102,hungry,e4051e62-d21d-4bb8-a235-fd7e859ad787-1430739655763-1.7-m-04-hu.wav,donate_cry
1220.7840625601496,412.15084926052555,0.10619967430830002,0.11820659786462784,0.07355794270833334,939.4919303047242,25.899349410925613,2329.7490234375,-21.17865562438965,-289.1185302734375,137.40911865234375,-43.009552001953125,3.944713592529297,8.596552848815918,-36.39337158203125,-2.0318455696105957,2.1949336528778076,-22.50065803527832,-7.494300365447998,-10.662278175354004,-15.955257415771484,-0.30199798941612244,0.26581695675849915,0.3128513693809509,hungry,e4051e62-d21d-4bb8-a235-fd7e859ad787-1430740613780-1.7-f-72-hu.wav,donate_cry
1611.0580964496062,260.7923457119271,0.11277318745851517,0.09304705262184143,0.12036294495033113,928.4807469744919,26.514363449762644,2794.7530784354303,-17.47305679321289,-238.7421875,141.84095764160156,-90.93558502197266,-3.064406156539917,18.306228637695312,-33.12699890136719,16.240407943725586,7.728829383850098,-32.08235549926758,2.1658823490142822,0.6515392065048218,-18.498231887817383,2.36616849899292,0.3128405809402466,0.2627454400062561,hungry,EC2E1160-BC33-450A-A62D-DE2A4C0D42BB-1430039051-1.0-f-48-hu.wav,donate_cry
1225.0731032477315,247.33580673179222,0.022580556571483612,0.031545162200927734,0.0815839319421141,917.8042588280385,25.850791563841607,2368.5800846791108,-30.450349807739258,-387.55987548828125,137.7075653076172,-41.91557312011719,-5.435828685760498,4.9733147621154785,-37.8355712890625,-4.582869529724121,5.486655235290527,-25.275157928466797,-9.274863243103027,-1.5351427793502808,-19.930831909179688,-10.676395416259766,0.0630745217204094,0.3110628128051758,hungry,eccb4617-8373-4c4f-b49e-bb2d72bce8d8-1430035348191-1.7-m-26-hu.wav,donate_cry
1521.1209868863662,511.52585123391844,0.06433388590812683,0.08348815888166428,0.12568803267045456,870.3433204133339,25.01779786090121,2488.139033817745,-22.96360969543457,-329.6222839355469,140.74134826660156,-69.0813217163086,4.345877170562744,22.528240203857422,-35.90034866333008,5.094437122344971,14.035337448120117,-26.795461654663086,-10.377229690551758,0.5742900967597961,-10.728056907653809,-3.341709852218628,0.18909123539924622,0.3923647999763489,hungry,ed31b187-34af-4ff1-979c-3b8a5905fb7b-1430044808480-1.7-m-04-hu.wav,donate_cry
1287.785562496007,362.3919664256449,0.04020408168435097,0.053795889019966125,0.0968470006555944,879.4841633556492,25.330429065760125,2287.7898956512236,-25.477108001708984,-371.0898742675781,146.1740264892578,-56.04328536987305,-3.448392391204834,18.68252182006836,-25.005239486694336,1.505906343460083,-0.07122546434402466,-24.587051391601562,1.7832976579666138,2.138807535171509,-17.330856323242188,-3.91103458404541,0.11349745839834213,0.3746751546859741,hungry,ed31b187-34af-4ff1-979c-3b8a5905fb7b-1430044853892-1.7-f-04-hu.wav,donate_cry
1641.103348523296,577.0952226588212,0.09803742170333862,0.11334088444709778,0.13569267646416083,853.0145565174088,26.238193702568008,2627.65310861014,-23.81473159790039,-318.97357177734375,141.6327667236328,-89.86103057861328,3.964116096496582,27.334386825561523,-39.86131286621094,0.6384763717651367,9.582167625427246,-20.53028678894043,-0.5960701704025269,-8.44019603729248,-18.397056579589844,3.91607666015625,0.30718880891799927,0.3358599841594696,hungry,ed31b187-34af-4ff1-979c-3b8a5905fb7b-1430044897699-1.7-f-48-hu.wav,donate_cry
1330.7657132827715,411.58793100021603,0.017004454508423805,0.011865259148180485,0.10423609593531469,835.5113543683449,25.75299946064834,2174.9664520050264,-26.921709060668945,-399.8750305175781,178.47381591796875,-75.21102142333984,-8.372082710266113,11.456829071044922,-37.061790466308594,11.343292236328125,10.083634376525879,-25.14604377746582,1.5901305675506592,-1.976381778717041,-16.813920974731445,1.5263104438781738,0.05279456824064255,0.32744693756103516,hungry,ed31b187-34af-4ff1-979c-3b8a5905fb7b-1430045366784-1.7-f-04-hu.wav,donate_cry
1461.365990804159,571.6361821198266,0.06548016518354416,0.10003018379211426,0.11538298233695653,907.670793883004,22.941420098189557,2499.76002364653,-22.895788192749023,-304.8680114746094,119.04460144042969,-46.83147048950195,-4.647453784942627,6.731231212615967,-33.38534927368164,-1.8980531692504883,10.089319229125977,-13.942054748535156,-6.9294328689575195,-8.07093334197998,-13.610330581665039,0.6727152466773987,0.1984734684228897,0.4733724296092987,hungry,edb5924c-07ba-4eaa-838b-aaf9511a219b-1431894189631-1.7-m-48-hu.wav,donate_cry
1130.553789774357,343.1629631994553,0.09795363247394562,0.11461059004068375,0.0757861328125,770.518579659534,24.559296473146727,1915.880859375,-21.461795806884766,-317.82769775390625,149.31655883789062,-51.02667236328125,-26.471586227416992,5.249403953552246,-15.341702461242676,5.912607192993164,5.289185523986816,-12.91516399383545,1.9765468835830688,-3.314356803894043,-17.100284576416016,-2.750161647796631,0.28340113162994385,0.43460705876350403,hungry,edb5924c-07ba-4eaa-838b-aaf9511a219b-1431899400326-1.7-m-48-hu.wav,donate_cry
1154.2838853719295,559.5470991897073,0.09274215996265411,0.09520361572504044,0.07186090866191275,793.0818482609661,25.72170731010498,1980.1875786493288,-26.83974838256836,-360.9469909667969,116.13910675048828,-34.6625862121582,-4.297231197357178,19.110496520996094,-20.422582626342773,-15.554217338562012,-5.875412940979004,-19.00128173828125,-7.83574104309082,0.5906584858894348,-9.24746322631836,-6.913471698760986,0.2230307012796402,0.2712961435317993,hungry,efd13da0-d40e-48bc-b14e-dee28af4d3c6-1430728179252-1.7-m-22-hu.wav,donate_cry
1461.712577301303,243.2915581663623,0.013060701079666615,0.020936034619808197,0.12210588265728477,1006.7182525875329,22.296009103291045,2705.37602506726,-29.34506607055664,-398.7518615722656,131.43771362304688,-59.551273345947266,-1.0129446983337402,12.976539611816406,-31.682552337646484,0.8074066638946533,1.4416849613189697,-18.072101593017578,4.981327056884766,-4.8607869148254395,-18.675355911254883,-0.5236231088638306,0.041802044957876205,0.5601569414138794,hungry,F1AF5794-AD3B-4181-B010-AB835E5BDA64-1430441342-1.0-m-72-hu.wav,donate_cry
999.0916096269607,261.9110736970184,0.0747317522764206,0.06952886283397675,0.05715477545529801,790.0053955619628,27.562407931082223,1803.191855727442,-30.522611618041992,-356.3006896972656,106.52677154541016,-26.27348518371582,-9.12983226776123,3.3401601314544678,-23.261423110961914,-19.162179946899414,-21.880918502807617,-22.350570678710938,-1.0290731191635132,-7.597335338592529,-18.27129364013672,-1.4041073322296143,0.16171181201934814,0.24810484051704407,hungry,F24DE44B-762C-4149-AC92-96A5E57ED118-1430816918-1.0-m-04-hu.wav,donate_cry
938.6877425863416,279.85770197058923,0.1173325628042221,0.05940258502960205,0.04333253569950331,825.9810362222623,30.38424695392866,1752.4961357874586,-27.276412963867188,-309.3634033203125,118.15636444091797,-37.82743453979492,-1.007285237312317,0.6868565082550049,-39.72568893432617,-17.87424659729004,-16.21504783630371,-21.4028377532959,-0.2653796374797821,-16.096036911010742,-21.219707489013672,7.560460567474365,0.25061115622520447,0.1591033637523651,hungry,F24DE44B-762C-4149-AC92-96A5E57ED118-1430816936-1.0-m-04-hu.wav,donate_cry
1177.713144473792,316.53589905771446,0.04162269085645676,0.043102312833070755,0.08232874586092716,859.3047414082168,26.00001169144798,2169.042402861134,-20.352231979370117,-321.4547119140625,188.69337463378906,-62.939208984375,-2.8452022075653076,20.376806259155273,-33.191650390625,-0.11603793501853943,2.4574785232543945,-21.586544036865234,1.2763177156448364,-9.018837928771973,-24.079971313476562,-2.1508591175079346,0.11961793899536133,0.3375130891799927,hungry,F2F97740-D638-4B6F-9E09-3AC65F06B448-1436849313-1.1-f-48-hu.wav,donate_cry
1059.5473095580126,165.81536974595906,0.02361164428293705,0.018444346264004707,0.0784127949089404,860.9625317155278,25.35812133967961,2035.6007152835266,-20.952924728393555,-340.1474914550781,191.7494354248047,-51.99787902832031,1.3303197622299194,21.552692413330078,-31.5213623046875,-2.2149899005889893,-0.7762861847877502,-24.833480834960938,-3.0232245922088623,-9.359384536743164,-21.032546997070312,-2.113818407058716,0.07252674549818039,0.36494165658950806,hungry,F2F97740-D638-4B6F-9E09-3AC65F06B448-1436849335-1.1-f-48-hu.wav,donate_cry
1493.2124120593444,424.43806713888824,0.07749942690134048,0.07188195735216141,0.12293046357615894,846.7286962733141,26.058876197020005,2346.0496106684604,-18.353050231933594,-287.571044921875,154.08291625976562,-70.78904724121094,8.806684494018555,26.050308227539062,-37.195308685302734,-4.237282752990723,2.435755491256714,-14.992276191711426,7.442096710205078,-7.5626373291015625,-18.71333122253418,3.653529405593872,0.1918189376592636,0.30529502034187317,hungry,F3BAEDDA-CDC0-4A65-90EE-5C372CEE4F3B-1437012044-1.1-m-26-hu.wav,donate_cry
1537.294525621918,439.5635878029781,0.08081582933664322,0.06986210495233536,0.11635968543046357,906.3836591478305,25.885223935586932,2611.221737893212,-18.38165283203125,-298.5330505371094,167.9665985107422,-87.81029510498047,13.66975212097168,33.323143005371094,-39.4554557800293,3.573455572128296,4.889822959899902,-22.778522491455078,8.159016609191895,-7.140692710876465,-22.827861785888672,8.002608299255371,0.20714372396469116,0.2958982586860657,hungry,F3BAEDDA-CDC0-4A65-90EE-5C372CEE4F3B-1437012059-1.1-m-26-hu.wav,donate_cry
1215.6726073734558,262.5722419545769,0.02261701412498951,0.028203124180436134,0.07857771109271523,941.1010796414139,25.04249728432026,2365.907216861548,-22.587600708007812,-347.7739562988281,169.9610595703125,-59.32474899291992,4.101531505584717,22.6954288482666,-33.19636535644531,-0.8872600793838501,2.1555845737457275,-22.621578216552734,0.20679372549057007,-7.192722320556641,-21.2048397064209,-0.5577636957168579,0.06273771077394485,0.3944295048713684,hungry,F3BAEDDA-CDC0-4A65-90EE-5C372CEE4F3B-1437012076-1.1-f-26-hu.wav,donate_cry
1273.6364897361314,220.3037794532235,0.062385194003582,0.054165132343769073,0.08004255484271523,854.7232421903165,26.101998480827124,2291.6105358805876,-26.99241065979004,-337.0395202636719,145.64117431640625,-72.63978576660156,-11.366765975952148,6.836055755615234,-40.60771179199219,0.7688503861427307,9.940693855285645,-17.09381866455078,-1.666762113571167,-8.321069717407227,-20.290573120117188,-5.0620927810668945,0.1559009701013565,0.27994704246520996,hungry,F4A0C710-AC2D-42E0-8EA9-3E4CAC31EE20-1430318390-1.0-m-04-hu.wav,donate_cry
1277.1481659840726,216.70741083875748,0.07164110988378525,0.0658334270119667,0.09088336868791391,829.4819515490689,25.042554819405872,2220.7363507605546,-27.23097038269043,-318.2110290527344,141.59527587890625,-71.08103942871094,-22.518524169921875,-3.641951084136963,-41.33076858520508,-1.7918119430541992,7.508247375488281,-12.697548866271973,1.7493277788162231,-8.986176490783691,-20.300336837768555,-4.296245574951172,0.18313653767108917,0.3105679750442505,hungry,F4A0C710-AC2D-42E0-8EA9-3E4CAC31EE20-1430318400-1.0-m-04-hu.wav,donate_cry
1519.1501397556053,388.16930934377115,0.11189156025648117,0.08600504696369171,0.11766769712334436,846.6835177008526,26.256121692691323,2470.4359446140315,-22.61806869506836,-281.1210632324219,146.5040283203125,-92.57020568847656,-10.72542953491211,12.283533096313477,-41.48188018798828,4.371303558349609,9.223299026489258,-19.07460594177246,2.309676170349121,-8.91477108001709,-19.056991577148438,4.2182111740112305,0.31697773933410645,0.28103888034820557,hungry,F4A0C710-AC2D-42E0-8EA9-3E4CAC31EE20-1430318416-1.0-m-04-hu.wav,donate_cry
1627.8961225920475,364.3275105423563,0.037784069776535034,0.07430006563663483,0.13375025869205298,1001.8293028674665,25.530999572128227,2811.9012087386177,-31.043424606323242,-390.1475830078125,64.44029235839844,-32.99178695678711,3.0254569053649902,2.9642117023468018,-26.402027130126953,-1.8543951511383057,3.0803561210632324,-10.989846229553223,-0.40432658791542053,-3.7224433422088623,-10.286727905273438,-0.27567195892333984,0.09516633301973343,0.370826780796051,hungry,F4A65A98-ADEE-49C4-9B45-65A8429DF170-1430232330-1.0-m-72-hu.wav,donate_cry
1283.5244066723385,379.02394017655377,0.04689960554242134,0.07548743486404419,0.09823258196721311,817.8092977147492,24.619017934659002,2183.466796875,-29.44239044189453,-376.7110900878906,105.59939575195312,-26.314239501953125,-17.63001823425293,-3.3123795986175537,-24.200342178344727,-6.227229118347168,8.017443656921387,-8.236671447753906,-11.248160362243652,-7.452447891235352,-9.076457023620605,-5.958863735198975,0.11783245950937271,0.35689687728881836,hungry,f5b29377-7cd6-4688-942c-5a07add39dc5-1437178455960-1.7-f-26-hu.wav,donate_cry
1783.694082754098,332.1724653486132,0.20599916577339172,0.17576126754283905,0.1483631260347682,817.3238544959619,25.193481901752154,2687.87138477856,-17.381885528564453,-240.78280639648438,123.57965087890625,-100.45773315429688,-1.7986493110656738,25.767133712768555,-36.677528381347656,6.550870895385742,18.22259521484375,-11.230645179748535,2.8123257160186768,-8.47104549407959,-14.53335189819336,11.054659843444824,0.5000664591789246,0.28784602880477905,hungry,F6C6D3EE-F139-48A4-9EAC-0A50EB011CDC-1430103957-1.0-m-04-hu.wav,donate_cry
1655.7772842148886,381.9353401914651,0.14992113411426544,0.14394454658031464,0.12990544805463577,851.5144480154141,24.811427356418076,2669.118959540563,-18.696884155273438,-251.674560546875,137.3961944580078,-91.13482666015625,-7.0024027824401855,20.888633728027344,-32.43239212036133,3.7240419387817383,5.823023319244385,-15.476734161376953,6.689262866973877,-10.197152137756348,-19.62362289428711,9.961026191711426,0.39907190203666687,0.2812308371067047,hungry,F6C6D3EE-F139-48A4-9EAC-0A50EB011CDC-1430103974-1.0-m-04-hu.wav,donate_cry
1140.6453730875362,492.6605973094999,0.08741307258605957,0.06856413930654526,0.06832508099916387,823.7836388296175,25.883735620104847,2070.068196070234,-19.85163116455078,-327.5110778808594,157.59881591796875,-45.269805908203125,-2.556190013885498,15.578076362609863,-35.49312973022461,-10.188834190368652,2.8042657375335693,-22.610393524169922,-6.112111568450928,8.111069679260254,1.0517586469650269,6.526345729827881,0.2287236601114273,0.2684626281261444,hungry,f896b69d-6241-4b51-9c45-0d628bc827c1-1430090255303-1.7-m-04-hu.wav,donate_cry
666.5196322334547,492.25725533929125,0.05351465567946434,0.08746213465929031,0.031774328859060404,639.2435273917317,24.742440737277864,1093.496519767198,-23.016712188720703,-399.7497253417969,107.02192687988281,29.9707088470459,15.32330322265625,11.696402549743652,-8.586153984069824,-11.990483283996582,-5.5731072425842285,-8.103517532348633,-9.975902557373047,-8.61229133605957,-7.007936000823975,-3.630502223968506,0.10896433144807816,0.3149317800998688,hungry,f896b69d-6241-4b51-9c45-0d628bc827c1-1430090274181-1.7-m-04-hu.wav,donate_cry
1225.6161890063431,526.081097920468,0.06556712090969086,0.07545511424541473,0.08000766830956375,766.7426624869781,25.476056975876336,2039.5122758494128,-27.37030601501465,-385.71136474609375,103.26028442382812,-35.786163330078125,-8.680192947387695,19.25493049621582,-7.518276214599609,-5.1209540367126465,-6.5290961265563965,-20.24989128112793,-3.910461902618408,4.864951133728027,-6.692209243774414,-2.995511054992676,0.15417799353599548,0.27221164107322693,hungry,f896b69d-6241-4b51-9c45-0d628bc827c1-1430090400166-1.7-m-72-hu.wav,donate_cry
1114.8623440139604,292.66265331677005,0.031432490795850754,0.035086020827293396,0.07277492497930464,885.8939260710566,25.690118510529658,2108.2574503311257,-22.56499481201172,-351.8294677734375,157.6707305908203,-46.79733657836914,-1.699615716934204,14.426371574401855,-29.055644989013672,0.4128842353820801,4.7553510665893555,-17.424434661865234,-0.9479981660842896,-4.9350056648254395,-15.036449432373047,-2.884326457977295,0.08669071644544601,0.34945765137672424,hungry,F950E7E3-A1A5-4A01-99F4-9B155C3C6606-1430305696-1.0-m-72-hu.wav,donate_cry
1306.105957461347,458.611643048823,0.10017011314630508,0.12681186199188232,0.0910207988410596,921.9140815339132,25.02073418356734,2405.4085232564157,-14.767294883728027,-260.0752868652344,136.43235778808594,-51.50522994995117,12.80945110321045,29.815866470336914,-18.48483657836914,7.5788798332214355,2.4111788272857666,-20.999834060668945,2.502506971359253,-6.3558454513549805,-22.460866928100586,-3.643173933029175,0.2634774446487427,0.3964466154575348,hungry,F95D4BCE-2FB0-4A0C-A058-BFB0674539AF-1430055800-1.0-m-26-hu.wav,donate_cry
1280.7364898210433,420.8102507102555,0.05535884201526642,0.09135086834430695,0.09897234581953643,863.1912076013855,23.69280215017108,2232.2872742911836,-21.520660400390625,-297.2371826171875,139.5642547607422,-53.353782653808594,-7.742288589477539,12.903483390808105,-25.29350471496582,2.0916473865509033,3.397144079208374,-20.385515213012695,-3.091583728790283,-5.606594085693359,-18.59800148010254,-6.4166693687438965,0.15682968497276306,0.4491290748119354,hungry,F95D4BCE-2FB0-4A0C-A058-BFB0674539AF-1430055809-1.0-m-26-hu.wav,donate_cry
1771.523842018295,356.0296163616887,0.21040992438793182,0.1422979235649109,0.133814931705298,961.4112919793824,25.956324045500835,3016.2170814362585,-13.856658935546875,-216.59056091308594,142.48365783691406,-98.8936538696289,11.123558044433594,26.58183479309082,-36.761898040771484,14.297699928283691,3.0537381172180176,-24.272127151489258,17.577831268310547,-4.0796732902526855,-23.99518394470215,9.33822250366211,0.5658032894134521,0.2870202362537384,hungry,F95D4BCE-2FB0-4A0C-A058-BFB0674539AF-1430055950-1.0-m-26-hu.wav,donate_cry
1219.6957346690615,435.8010762501469,0.10699847340583801,0.11748182028532028,0.08959541451890034,670.9226447376551,25.14996293320573,1835.058090367268,-31.92924690246582,-361.6867370605469,104.14112091064453,-52.00978088378906,-44.71366882324219,-16.531848907470703,-23.276622772216797,-3.259474754333496,4.974042892456055,-6.8382568359375,-4.7198486328125,-7.835190773010254,-8.373847007751465,5.049886226654053,0.2306700050830841,0.25831133127212524,hungry,fa8620d3-e7db-4101-aff0-28dbf0d96a5f-1434296505682-1.7-f-04-hu.wav,donate_cry
1353.1783314869172,453.1405108628784,0.06119232997298241,0.09133947640657425,0.08822840860445205,844.7782401728399,25.400395441567458,2385.060349555865,-32.070308685302734,-380.5910339355469,88.69538116455078,-48.05174255371094,-25.222900390625,0.7079887986183167,-24.61933708190918,-6.66253137588501,13.550724029541016,-6.374144077301025,-11.32915210723877,-2.968082904815674,-7.805396556854248,-6.243765830993652,0.14338171482086182,0.3171170949935913,hungry,fa8620d3-e7db-4101-aff0-28dbf0d96a5f-1434465485354-1.7-f-04-hu.wav,donate_cry
1151.9425003641372,348.7154749006123,0.05561772361397743,0.06389359384775162,0.07855992601407284,862.5725705965154,25.954272305300197,2007.8285874120447,-30.787029266357422,-375.9075012207031,89.07728576660156,-29.987592697143555,-5.273544788360596,7.590440273284912,-16.817842483520508,-13.625743865966797,-21.135128021240234,-22.678529739379883,-2.8529815673828125,-7.226418495178223,-8.71201229095459,7.318150043487549,0.12232015281915665,0.2915012836456299,hungry,FAE74A94-9968-43ED-958C-50D7C4C1F13C-1430770858-1.0-f-22-hu.wav,donate_cry
941.5428103265494,365.2166635695613,0.0760669857263565,0.08606798946857452,0.06133750258692053,799.9000267192632,26.1661713769463,1680.695024705091,-34.128395080566406,-389.4256896972656,87.00714874267578,-21.04967498779297,-0.34892499446868896,6.8284687995910645,-21.142620086669922,-15.12353515625,-18.64826011657715,-29.044578552246094,-13.788253784179688,-11.528609275817871,-15.972960472106934,-1.4315848350524902,0.15727636218070984,0.2771768271923065,hungry,FAE74A94-9968-43ED-958C-50D7C4C1F13C-1430770871-1.0-f-22-hu.wav,donate_cry
988.4276920363507,247.02919298139722,0.0521828755736351,0.06323929131031036,0.05920652680049669,786.228698880641,24.855934613684262,1784.617685482202,-28.453857421875,-344.539794921875,137.37380981445312,-26.869503021240234,-15.16016960144043,-1.5299568176269531,-31.293848037719727,-22.518781661987305,-16.17584991455078,-17.164440155029297,-3.928990125656128,-9.750460624694824,-13.872374534606934,-4.469796657562256,0.12383664399385452,0.26650649309158325,hungry,FF2CD2F6-404D-4626-8718-6E6C751F63B8-1431104337-1.0-m-04-hu.wav,donate_cry
1086.316075572994,185.25857386354653,0.04989992082118988,0.04078611359000206,0.06751862582781457,822.1206929742783,24.84023945500937,1981.2329424927566,-27.114322662353516,-348.6972351074219,175.62643432617188,-59.883548736572266,-10.467996597290039,5.153982639312744,-43.59868240356445,-15.418389320373535,-12.41268539428711,-20.26334571838379,4.559882164001465,-12.508720397949219,-19.012060165405273,4.436155319213867,0.1237867996096611,0.24848206341266632,hungry,FF2CD2F6-404D-4626-8718-6E6C751F63B8-1431104346-1.0-m-04-hu.wav,donate_cry
1187.6842278700567,245.1062600043048,0.06937669962644577,0.05348098650574684,0.07344752431705298,820.7512257343736,25.769239864175578,2064.2997691173427,-25.49344253540039,-310.9896545410156,153.08810424804688,-63.54572296142578,-12.47818660736084,6.20861291885376,-39.107154846191406,-11.525269508361816,-7.08021879196167,-17.95102882385254,4.682164192199707,-8.937272071838379,-21.006309509277344,-2.772820234298706,0.17187358438968658,0.2543778121471405,hungry,FF2CD2F6-404D-4626-8718-6E6C751F63B8-1431104360-1.0-m-04-hu.wav,donate_cry
1109.7010956089093,330.71526509092735,0.048385605216026306,0.04333433508872986,0.07656314673013245,826.8184088393562,25.14582455181677,1971.0011059085266,-28.349376678466797,-359.190673828125,159.76724243164062,-52.290260314941406,-5.649213790893555,9.808802604675293,-39.944580078125,-16.824403762817383,-9.766501426696777,-18.3157958984375,1.5338256359100342,-13.622451782226562,-23.017953872680664,-1.029907464981079,0.1120862290263176,0.267315149307251,hungry,FF2CD2F6-404D-4626-8718-6E6C751F63B8-1431104396-1.0-m-04-hu.wav,donate_cry
1225.7843118764442,274.20120413628666,0.0885259136557579,0.10146867483854294,0.08158338938327815,878.1508510865141,24.98549281856921,2244.30166080298,-22.516952514648438,-297.6664123535156,146.00462341308594,-56.195098876953125,-9.717366218566895,-1.0358799695968628,-46.70289611816406,-7.386173725128174,6.33737325668335,-12.334479331970215,3.491020917892456,-3.0684726238250732,-13.843645095825195,-0.6029837131500244,0.20615461468696594,0.2833108603954315,hungry,FF482278-24C9-4FB0-A7BE-FD92D1FE17B4-1430028319-1.0-m-26-hu.wav,donate_cry
1586.6949952169753,298.17438095050255,0.09453489631414413,0.06279146671295166,0.11672023747930464,880.7488884077928,25.049400759567572,2676.5700182377896,-23.908241271972656,-279.6741943359375,162.2752227783203,-112.11674499511719,-7.680762767791748,17.254638671875,-54.90668869018555,-3.3924765586853027,2.624121904373169,-29.13936996459961,8.320791244506836,2.9587337970733643,-19.590866088867188,2.260514736175537,0.27261433005332947,0.31326448917388916,tired,03ADDCFB-354E-416D-BF32-260CF47F7060-1433658024-1.1-f-04-ti.wav,donate_cry
1570.8041167213935,440.8242201789091,0.02139761671423912,0.04324226453900337,0.1254916720920139,835.1342443741617,25.749233421476212,2537.590789794922,-39.03922653198242,-462.8600769042969,90.40740203857422,-57.04780960083008,-17.589704513549805,5.109107494354248,-28.97343635559082,-11.541090965270996,1.3902782201766968,-10.224933624267578,-0.2851193845272064,-1.135547399520874,-11.58402156829834,-3.1749448776245117,0.06276632100343704,0.31398215889930725,tired,06c4cfa2-7fa6-4fda-91a1-ea186a4acc64-1430029221058-1.7-f-26-ti.wav,donate_cry
1338.7728485300297,251.0744019542469,0.006956970319151878,0.005552103742957115,0.10054170296167247,859.6964649904036,25.76424091720953,2356.4977134146343,-37.84697341918945,-528.1904296875,175.03640747070312,-79.41411590576172,-11.804944038391113,21.06246566772461,-38.45698547363281,-5.5320048332214355,10.656867980957031,-15.69190788269043,-0.47254639863967896,-2.9811103343963623,-16.126789093017578,-0.09559838473796844,0.020430896431207657,0.30140748620033264,tired,06c4cfa2-7fa6-4fda-91a1-ea186a4acc64-1430029237378-1.7-f-26-ti.wav,donate_cry
1270.1554809985014,484.947192767151,0.024637648835778236,0.04109445586800575,0.09396894461743772,828.5120380889792,25.85882375672539,2201.5209700289147,-31.867643356323242,-433.07891845703125,124.73902130126953,-41.795440673828125,-1.2835410833358765,18.879487991333008,-22.776611328125,-5.581900119781494,3.240490198135376,-15.555839538574219,-5.47602653503418,-6.403491497039795,-19.30815887451172,-9.878423690795898,0.0641481801867485,0.3121383488178253,tired,06c4cfa2-7fa6-4fda-91a1-ea186a4acc64-1430029246453-1.7-f-26-ti.wav,donate_cry
1570.5928177372768,387.5049040839882,0.02104838564991951,0.016104334965348244,0.11169837800082781,1021.784097558826,25.8691977525951,2823.059971285182,-23.070981979370117,-373.4831848144531,174.15509033203125,-89.7806625366211,13.069294929504395,23.626516342163086,-43.22697830200195,16.78301429748535,10.220210075378418,-24.85338020324707,15.905593872070312,-2.3212294578552246,-26.592060089111328,6.575035095214844,0.08008929342031479,0.3768805265426636,tired,1309B82C-F146-46F0-A723-45345AFA6EA8-1430059864-1.0-f-04-ti.wav,donate_cry
1088.163003611349,284.2080083811734,0.031746793538331985,0.06798235327005386,0.0636705815397351,897.0726334590099,23.028226662374355,2093.676191923634,-31.270774841308594,-417.62200927734375,103.83062744140625,-12.192099571228027,-6.981070041656494,-0.4612075686454773,-15.797256469726562,-0.3830897808074951,1.1495497226715088,-11.39522933959961,-7.883657932281494,-12.758487701416016,-17.199499130249023,-8.82662582397461,0.08343645185232162,0.4356467127799988,tired,1309B82C-F146-46F0-A723-45345AFA6EA8-1431172241-1.0-f-48-ti.wav,donate_cry
1026.8145897067975,119.49220290611272,0.018262691795825958,0.020568836480379105,0.06975631208609272,796.3020994383362,24.83977641461209,1828.896225682947,-27.947172164916992,-383.9930114746094,174.58792114257812,-46.85282897949219,-14.939888000488281,9.507340431213379,-28.837535858154297,-10.38948917388916,-10.119701385498047,-24.786706924438477,-2.9609973430633545,-6.971583366394043,-17.147563934326172,-0.4091380536556244,0.05202782154083252,0.4328727126121521,tired,5B416CE8-2591-4531-9ADC-86D085B5D48B-1430144827-1.0-m-48-ti.wav,donate_cry
1649.2667122133194,621.9826079434331,0.04985066130757332,0.06404170393943787,0.13195396574917218,866.9307141757179,23.968199544623804,2583.9487240014487,-27.300472259521484,-362.4158935546875,117.89717102050781,-67.80152893066406,6.841273784637451,18.523338317871094,-32.282257080078125,5.480165004730225,5.157915115356445,-22.040735244750977,-2.7771830558776855,-10.370810508728027,-16.21819496154785,5.100584506988525,0.14998309314250946,0.3509462773799896,tired,79FF400A-97E2-4701-987D-C7C850D5523C-1430089487-1.0-f-48-ti.wav,donate_cry
1602.3418458096091,303.0588539686566,0.037210673093795776,0.04543130099773407,0.1297017280629139,997.5227487647956,24.157829916206587,2788.870663674462,-26.819229125976562,-350.8382263183594,141.49244689941406,-79.31089782714844,5.133270740509033,18.038055419921875,-41.840728759765625,1.1134330034255981,-0.27971258759498596,-28.82201385498047,1.058417558670044,-6.4615068435668945,-17.454397201538086,9.521806716918945,0.11008865386247635,0.3554074466228485,tired,7A22229D-06C2-4AAA-9674-DE5DF1906B3A-1436891944-1.1-m-72-ti.wav,donate_cry
1478.55655615541,304.6812368788473,0.051532499492168427,0.06385108828544617,0.10638710678807947,1018.9547733775302,24.8130167800691,2784.057778870033,-26.54034996032715,-335.6033630371094,136.8311767578125,-64.56815338134766,6.508424282073975,12.319851875305176,-41.03465270996094,-1.4799968004226685,-6.934960842132568,-30.26534080505371,3.1183888912200928,-6.849393367767334,-21.497957229614258,4.431447982788086,0.1334134042263031,0.30577537417411804,tired,7A22229D-06C2-4AAA-9674-DE5DF1906B3A-1436891957-1.1-m-72-ti.wav,donate_cry
1336.4696317652545,395.0720303022861,0.06885292381048203,0.0673467367887497,0.10607344267384106,839.5439020731447,27.34420441163077,2225.941396549048,-23.01366424560547,-332.3479919433594,151.82789611816406,-66.24620056152344,2.983665943145752,26.656265258789062,-33.87761688232422,-6.559296131134033,5.100830554962158,-18.202543258666992,-4.027009010314941,-7.077313423156738,-15.265631675720215,-2.1427199840545654,0.16869136691093445,0.28391459584236145,tired,B2AABCE0-1F62-4B57-B58A-308959ABDFE7-1437188751-1.1-m-26-ti.wav,donate_cry
1486.2924423246093,382.2986445739711,0.08293627947568893,0.05933162569999695,0.1254074399834437,854.906083907356,27.056397150446557,2380.916287251656,-22.090734481811523,-315.3890686035156,153.93309020996094,-84.99742889404297,6.568950176239014,30.543689727783203,-40.66053771972656,-0.7755686044692993,13.112300872802734,-19.26124382019043,-2.3363773822784424,-5.675926208496094,-18.86250877380371,-3.3789138793945312,0.22235950827598572,0.26636844873428345,tired,B2AABCE0-1F62-4B57-B58A-308959ABDFE7-1437188766-1.1-m-26-ti.wav,donate_cry
865.8087313998662,336.61014982202937,0.2843606770038605,0.1590375453233719,0.05885013848244147,659.6628085844162,27.493350694064752,1303.5869891826924,-16.943317413330078,-232.86277770996094,171.70663452148438,-25.333467483520508,-5.621987342834473,-5.885604381561279,-43.7155876159668,-14.894574165344238,-12.667829513549805,-23.86567497253418,0.21854138374328613,-9.131824493408203,-20.11150360107422,1.9025148153305054,0.600706160068512,0.21963265538215637,tired,b4c460d8-bd6b-4017-9bb8-2ae4ff0c5af1-1430418266487-1.7-f-26-ti.wav,donate_cry
1238.1508930021892,289.3168944539269,0.04028550535440445,0.03554641827940941,0.0874265961299669,927.4317934414937,24.60119706111987,2276.4232104977236,-25.859506607055664,-321.1355285644531,170.4851531982422,-65.72315216064453,-5.655853271484375,6.118730068206787,-39.9501953125,2.696993350982666,-6.959707260131836,-36.096012115478516,-2.3002350330352783,-9.407748222351074,-25.8471736907959,-2.3988215923309326,0.1256680190563202,0.38342398405075073,tired,C421C6FE-DFEE-4080-8AEA-848E7CE4756B-1430548384-1.0-m-26-ti.wav,donate_cry
1259.8447787237503,259.18124180396103,0.038349658250808716,0.02495689131319523,0.08834980339403974,875.6246074372517,25.463406251566088,2233.178549254967,-25.90091323852539,-329.197998046875,184.44903564453125,-83.21580505371094,-11.756950378417969,5.747178554534912,-44.5953483581543,5.6412553787231445,-0.6913068294525146,-31.927526473999023,2.6776106357574463,-7.5502519607543945,-25.510831832885742,-0.7809702157974243,0.11924140155315399,0.3174722194671631,tired,C421C6FE-DFEE-4080-8AEA-848E7CE4756B-1430548393-1.0-f-26-ti.wav,donate_cry
1024.8685785492955,407.79850143849234,0.0082826754078269,0.00805562175810337,0.08184046461092716,886.7325433021201,23.947401750886943,1909.0396704263244,-34.890296936035156,-475.79168701171875,154.53265380859375,-20.968387603759766,19.356901168823242,15.086690902709961,-40.47651672363281,-16.061885833740234,-11.408510208129883,-28.946842193603516,-10.60301685333252,-15.169029235839844,-20.896461486816406,-2.227853536605835,0.02773808129131794,0.41566571593284607,tired,C5127741-5897-468C-A543-7F1B72569F0E-1428333964-1.0-m-26-ti.wav,donate_cry
1276.8219821937387,547.0663753502752,0.04624754190444946,0.056946441531181335,0.0929490180864726,830.7799721138159,26.328300614162064,2211.9097984000427,-32.33183288574219,-400.5127868652344,85.13021087646484,-27.913211822509766,-8.185277938842773,4.62598180770874,-29.75593376159668,-20.303220748901367,3.9498374462127686,-2.814199209213257,-11.215604782104492,-10.75675106048584,-5.24985933303833,2.687065362930298,0.09388147294521332,0.31777068972587585,tired,ca7d8d54-13cb-4060-8db4-90651b60c078-1434674792223-1.7-f-26-ti.wav,donate_cry
1277.2292548020446,372.16908171153625,0.03422627970576286,0.04282834008336067,0.08976536371237458,1004.0815094941148,26.50372500473458,2570.6251469742892,-16.90367889404297,-346.5908508300781,157.67214965820312,-48.78017044067383,15.325209617614746,24.386341094970703,-36.404212951660156,7.197873115539551,21.421607971191406,-17.127906799316406,-0.9815192222595215,9.821728706359863,-4.741728782653809,-0.946357011795044,0.09582571685314178,0.39635998010635376,tired,cecd525b-18fd-49e3-b2b9-dfb08b93ad95-1430110029205-1.7-m-26-ti.wav,donate_cry
1560.221017911292,407.7691248165869,0.005087102297693491,0.0081654516980052,0.13237595716059603,948.9574631843533,23.676243433959918,2598.066519427773,-39.042808532714844,-513.0118408203125,117.05911254882812,-61.35029602050781,5.931352138519287,23.94573211669922,-32.26546096801758,-9.568264961242676,-0.945390522480011,-18.776630401611328,-0.8939354419708252,-3.445690393447876,-13.444206237792969,-0.7909849286079407,0.013284007087349892,0.428750604391098,tired,D4665929-8695-4655-927F-63F09B2D4CB8-1430726940-1.0-f-26-ti.wav,donate_cry
1699.6869246092908,362.1247366596572,0.003840939374640584,0.009371433407068253,0.14522503682659932,920.5315145338395,23.550242216484094,2767.850378787879,-41.881229400634766,-546.9675903320312,85.52625274658203,-54.67300033569336,-0.8824010491371155,26.01654815673828,-19.258657455444336,-8.64064884185791,3.746556520462036,-12.391716003417969,-2.0444085597991943,1.078933835029602,-12.309916496276855,-3.6558735370635986,0.013038783334195614,0.5442003607749939,tired,d5abedab-9ed5-48d0-a83b-fc00c33d6d6b-1430079192907-1.7-f-04-ti.wav,donate_cry
1710.8002249339038,265.48266856803355,0.08655374497175217,0.1304423213005066,0.1480123299319728,831.7236320604499,24.879493799951405,2662.939453125,-33.481380462646484,-380.0663146972656,61.72627639770508,-68.88639831542969,-24.698394775390625,2.015454053878784,-22.759485244750977,1.0926474332809448,12.652482032775879,-5.0156354904174805,0.8111119270324707,-0.23259501159191132,-10.076692581176758,-1.8204046487808228,0.2119840383529663,0.38465210795402527,tired,d6cda191-4962-4308-9a36-46d5648a95ed-1431587887997-1.7-m-04-ti.wav,donate_cry
1677.760804225687,323.18369594180166,0.10589410364627838,0.1062673032283783,0.14378720238095238,777.2094304298932,26.57616019471383,2548.3154296875,-30.42530059814453,-325.2176208496094,96.1426010131836,-103.1795654296875,-33.93178176879883,1.405131459236145,-26.70064353942871,7.861352920532227,1.8462482690811157,-15.756837844848633,13.667503356933594,0.1196410283446312,-17.329038619995117,5.544088363647461,0.2798449695110321,0.3503705859184265,tired,d6cda191-4962-4308-9a36-46d5648a95ed-1431587899682-1.7-m-04-ti.wav,donate_cry
1883.5479365743176,327.8769219072336,0.06147381290793419,0.044097039848566055,0.17598318326271187,896.0547022165764,26.49296555526209,2890.3033136917375,-27.522228240966797,-329.40301513671875,143.6061248779297,-114.65945434570312,-0.9805870056152344,14.824445724487305,-61.851680755615234,6.079243183135986,19.37013053894043,-29.968555450439453,-1.3236331939697266,5.000722408294678,-12.009255409240723,3.5265116691589355,0.19009441137313843,0.3152160346508026,tired,d6cda191-4962-4308-9a36-46d5648a95ed-1431616581736-1.7-m-04-ti.wav,donate_cry
1165.1734085579837,458.181403217996,0.0014048375887796283,0.0011021443642675877,0.056470788043478264,1113.0139886149234,24.755485632824463,2594.8950113660117,-35.176048278808594,-641.1281127929688,172.686279296875,-44.933692932128906,30.030168533325195,36.38844299316406,-22.87431526184082,16.975522994995117,8.81871509552002,-20.439348220825195,13.731337547302246,2.8387601375579834,-17.344505310058594,7.962122917175293,0.0039281598292291164,0.4515323042869568,tired,eea17285-4ab9-4d34-a2f5-55fc8c866ac6-1431887695278-1.7-f-26-ti.wav,donate_cry
