SC_Mean,SC_Std,RMS_Mean,RMS_Std,ZCR_Mean,SBAN_Mean,SCON_Mean,Rolloff_Mean,MFCCs13Mean,MFCC_1,MFCC_2,MFCC_3,MFCC_4,MFCC_5,MFCC_6,MFCC_7,MFCC_8,MFCC_9,MFCC_10,MFCC_11,MFCC_12,MFCC_13,AE_Mean,Chroma_Mean,label,filename,dataset
124.60490794718513,90.573436275226,0.06067973002791405,0.023511545732617378,0.002104934019721578,628.0895558591103,18.81165538222124,104.01886057134571,-11.519061088562012,-527.7220458984375,105.9095458984375,72.25302124023438,44.405696868896484,31.468854904174805,26.941802978515625,22.037601470947266,16.99703598022461,15.438699722290039,16.06444549560547,13.795422554016113,8.21943473815918,4.442702770233154,0.12513966858386993,0.8034366965293884,normal_respiratory,101_1b1_Al_sc_Meditron.wav,icbhi
151.48498134757432,68.8090355012063,0.03504321724176407,0.014407130889594555,0.0017797908207656612,808.8849608285443,19.30939639343605,76.81508075333527,-17.001405715942383,-584.2747192382812,93.6846694946289,57.37199020385742,32.812217712402344,29.660444259643555,34.29393768310547,31.53551483154297,22.607707977294922,16.722875595092773,15.867767333984375,14.031400680541992,9.017607688903809,5.650235652923584,0.05978861823678017,0.8055425882339478,normal_respiratory,101_1b1_Pr_sc_Meditron.wav,icbhi
198.6619357564062,93.70580491388804,0.022377576678991318,0.009077864699065685,0.00210946563225058,874.1463885348389,19.27485879982572,150.25779210774363,-18.641429901123047,-591.7230224609375,119.13499450683594,57.531620025634766,21.25069808959961,25.462791442871094,40.532752990722656,37.54262161254883,18.72005271911621,3.5637872219085693,1.290010690689087,5.943429946899414,9.435948371887207,8.975650787353516,0.038635700941085815,0.7948378324508667,normal_respiratory,102_1b1_Ar_sc_Meditron.wav,icbhi
140.68577113801902,83.13979653734512,0.25036412477493286,0.12062502652406693,0.0011634915168213457,791.7939382920714,19.53594687354848,45.91418485353828,-8.348956108093262,-421.0599365234375,70.75517272949219,48.89961624145508,32.96050262451172,27.618513107299805,26.43570327758789,22.88516616821289,18.28099250793457,15.78756046295166,14.899168968200684,13.195337295532227,10.949162483215332,9.856642723083496,0.37891045212745667,0.8006399869918823,wheeze,103_2b2_Ar_mc_LittC2SE.wav,icbhi
109.330409426725,76.8079769019325,0.07956446707248688,0.061271846294403076,0.005558022766821346,158.31021357531588,20.1953177448138,213.7582588638341,-8.401134490966797,-438.01678466796875,104.47970581054688,74.37129211425781,40.95452880859375,16.81159210205078,5.917649269104004,4.756882190704346,7.786272048950195,11.424148559570312,14.354924201965332,16.128135681152344,16.44854736328125,15.368376731872559,0.16474060714244843,0.6629020571708679,normal_respiratory,104_1b1_Al_sc_Litt3200.wav,icbhi
148.0606910835384,82.8810931514467,0.05101098120212555,0.04245700687170029,0.007494154219837587,193.34640757503618,18.501464759227623,310.9574390951276,-10.244881629943848,-478.1040344238281,134.91293334960938,87.1739501953125,39.202392578125,10.611723899841309,2.4711194038391113,3.9908909797668457,5.978733539581299,7.112053394317627,9.7266263961792,13.627935409545898,15.78730583190918,14.324921607971191,0.11560942977666855,0.6439404487609863,wheeze,104_1b1_Ar_sc_Litt3200.wav,icbhi
84.46604179053975,53.440818725254005,0.033180709928274155,0.030657488852739334,0.00349613906612529,148.80713787168537,21.475618856701974,157.72696581351508,-12.980820655822754,-473.50775146484375,71.25662231445312,55.833919525146484,37.89659881591797,23.548215866088867,15.407206535339355,12.703825950622559,13.04727840423584,14.250138282775879,15.207637786865234,15.651060104370117,15.479063987731934,14.47551155090332,0.06496643275022507,0.734119713306427,crackle,104_1b1_Ll_sc_Litt3200.wav,icbhi
67.47483373749631,49.63966469860845,0.08951687067747116,0.07169552147388458,0.0026124746229698377,124.72504859521092,22.07130603462881,115.40997498549883,-7.884478569030762,-418.4931335449219,67.11136627197266,54.81745147705078,39.689208984375,26.329639434814453,17.27606773376465,12.886809349060059,12.283843994140625,14.092982292175293,16.7081298828125,18.596345901489258,18.82921028137207,17.373897552490234,0.16699276864528656,0.7767298817634583,normal_respiratory,104_1b1_Lr_sc_Litt3200.wav,icbhi
133.98189618218913,80.62328868925637,0.0914536565542221,0.06960830092430115,0.006458680756960557,173.68340234928505,19.089746805201187,276.334446599478,-6.396334171295166,-413.8180236816406,114.9162826538086,82.73277282714844,47.0048942565918,20.067684173583984,5.129131317138672,-0.6071911454200745,-0.23385471105575562,4.431534290313721,10.963107109069824,15.81898021697998,16.59748649597168,13.844808578491211,0.20670649409294128,0.6352483034133911,normal_respiratory,104_1b1_Pl_sc_Litt3200.wav,icbhi
99.79215545057954,73.45462523678688,0.05670211464166641,0.05400247126817703,0.004153222882830626,163.5287644406257,19.490345771651693,183.43191478755801,-12.807753562927246,-458.1312255859375,83.4795913696289,62.052825927734375,38.29632568359375,20.295923233032227,9.939607620239258,5.271469593048096,4.562836170196533,7.213957786560059,11.940169334411621,16.042945861816406,17.19826316833496,15.336563110351562,0.11695071309804916,0.7451342344284058,normal_respiratory,104_1b1_Pr_sc_Litt3200.wav,icbhi
1154.0225601871564,367.5098809529886,0.029304958879947662,0.011193289421498775,0.058059019721577725,1838.2385858687494,20.542667538978314,1883.3309164733178,-11.407265663146973,-350.5750427246094,179.25119018554688,20.991985321044922,-58.44089126586914,4.76132345199585,16.018939971923828,14.890701293945312,0.5844866633415222,3.70147442817688,0.06870584934949875,1.5915275812149048,6.981479644775391,11.879672050476074,0.08113669604063034,0.5462602376937866,normal_respiratory,105_1b1_Tc_sc_Meditron.wav,icbhi
810.1740241656527,329.2990458943507,0.023745056241750717,0.01966160535812378,0.011495568082946635,1844.8049946262333,18.05360104392652,1463.5833386202146,-11.016478538513184,-464.44598388671875,113.8652572631836,38.9111442565918,42.8861198425293,27.906204223632812,26.93675994873047,17.70342254638672,16.864809036254883,10.758932113647461,10.3999605178833,5.943496227264404,6.28804874420166,2.7676148414611816,0.05695432424545288,0.6809251308441162,crackle,106_2b1_Pl_mc_LittC2SE.wav,icbhi
96.27902805321354,60.264596557204065,0.16022655367851257,0.06372376531362534,0.001720879857888631,582.2077343330841,18.97659040192128,73.3927503262761,-6.211170196533203,-478.7530212402344,75.74353790283203,63.91958999633789,50.63701248168945,39.32524108886719,32.14884948730469,28.190271377563477,25.673141479492188,22.97043800354004,19.71992301940918,16.192678451538086,13.012919425964355,10.47419261932373,0.26154783368110657,0.7621674537658691,wheeze,106_2b1_Pr_mc_LittC2SE.wav,icbhi
282.3577605896623,506.1654071631745,0.3419814109802246,0.15630507469177246,0.004396797056264501,1034.6859636824352,18.446805367580314,205.73951384860788,5.385074138641357,-320.31939697265625,119.74732971191406,69.17919921875,39.32489013671875,31.204532623291016,28.203088760375977,23.743501663208008,19.34902572631836,16.113075256347656,13.650078773498535,11.304065704345703,9.790969848632812,8.715617179870605,0.6126068830490112,0.7509720325469971,crackle,107_2b3_Al_mc_AKGC417L.wav,icbhi
238.92779789636512,498.07903170328535,0.37845513224601746,0.1854201853275299,0.004820502827726218,849.9544305761622,18.375967130761563,221.30237411180394,5.663043975830078,-310.9534606933594,133.46780395507812,72.94194793701172,36.207122802734375,27.892972946166992,26.506370544433594,21.93654441833496,17.139373779296875,14.124247550964355,11.623248100280762,8.919998168945312,7.096282958984375,6.717116355895996,0.6655210256576538,0.7579432129859924,crackle_and_wheeze,107_2b3_Ar_mc_AKGC417L.wav,icbhi
687.2199750588311,505.4599795973937,0.15840795636177063,0.05923444777727127,0.008989586354408352,1769.1824646992698,18.331404689604003,771.8479236151392,3.328463077545166,-290.7192077636719,109.1295166015625,42.16410446166992,40.22291946411133,25.760635375976562,27.576017379760742,17.760883331298828,18.220104217529297,13.223779678344727,13.865682601928711,9.287388801574707,10.804988861083984,5.9732465744018555,0.34644219279289246,0.702720582485199,crackle,107_2b3_Ll_mc_AKGC417L.wav,icbhi
635.307802071638,495.6368692609253,0.29140588641166687,0.10080599784851074,0.006995676841647332,1706.4506843600373,18.649996956419344,666.7798814530163,5.852120399475098,-253.93557739257812,101.50202941894531,29.858976364135742,35.76934814453125,29.871122360229492,28.869861602783203,19.746337890625,18.937400817871094,13.85472297668457,17.305789947509766,12.609823226928711,12.824966430664062,8.862761497497559,0.5720871686935425,0.7414251565933228,crackle,107_2b3_Lr_mc_AKGC417L.wav,icbhi
327.2682619558851,448.1942786834425,0.347615510225296,0.12383763492107391,0.00865198122099768,989.8051099024021,18.3073251643931,348.02852196925755,6.9594831466674805,-274.1649169921875,173.3835906982422,74.702392578125,40.419036865234375,18.00884437561035,11.929975509643555,8.051335334777832,8.871331214904785,7.092170238494873,6.433089733123779,5.03982400894165,5.754292011260986,4.952329635620117,0.7072634696960449,0.7037279009819031,normal_respiratory,107_2b3_Pl_mc_AKGC417L.wav,icbhi
452.6584804156334,489.58490850687286,0.39260777831077576,0.1243935227394104,0.0073967245504640376,1348.66499517044,18.41064371848129,387.3228705952726,8.101825714111328,-236.22828674316406,140.83758544921875,65.71223449707031,46.38771438598633,21.781530380249023,16.13658332824707,6.954428195953369,8.710936546325684,6.372197151184082,8.958250045776367,6.286379814147949,8.476555824279785,4.937632083892822,0.7666350603103638,0.7333887219429016,crackle_and_wheeze,107_2b3_Pr_mc_AKGC417L.wav,icbhi
215.59911752775994,502.0950686707017,0.2148856669664383,0.07882055640220642,0.004308430611948956,707.8008891380281,19.07831854541427,299.96601290603246,-0.1269729882478714,-355.9144287109375,141.62744140625,76.58280944824219,30.626237869262695,16.276792526245117,12.57194995880127,5.334205150604248,1.9215713739395142,8.69837474822998,17.396137237548828,18.07221031188965,13.513951301574707,11.642083168029785,0.41029638051986694,0.777291476726532,crackle,107_2b3_Tc_mc_AKGC417L.wav,icbhi
299.9887502834044,507.0639363293664,0.3395158350467682,0.15706099569797516,0.004876015081206496,1072.562768067991,18.52786913218597,212.28440853393272,4.7121124267578125,-321.65618896484375,122.08758544921875,66.16754150390625,35.97815704345703,29.668701171875,28.368080139160156,24.541446685791016,19.06317901611328,14.905399322509766,12.78635025024414,11.117114067077637,9.721578598022461,8.508488655090332,0.6090020537376404,0.756417453289032,crackle_and_wheeze,107_2b4_Al_mc_AKGC417L.wav,icbhi
236.4697563711679,511.47215249728174,0.42493724822998047,0.17692555487155914,0.003926642256380511,844.7967561008722,18.29965003884917,230.52018380220417,5.520103454589844,-311.94708251953125,132.73350524902344,67.2021484375,33.53443145751953,29.306734085083008,28.07180404663086,22.89676284790039,17.85011100769043,14.242133140563965,11.864506721496582,9.854047775268555,8.363722801208496,7.788486957550049,0.7218001484870911,0.7744283080101013,crackle,107_2b4_Ar_mc_AKGC417L.wav,icbhi
756.6626488650082,533.144676239599,0.1557786464691162,0.07307242602109909,0.009943490791763342,1857.8431212425226,18.580533892108978,1055.0769920968678,2.3010964393615723,-295.05059814453125,102.82908630371094,38.2862434387207,36.83763885498047,24.761362075805664,27.453575134277344,19.19923210144043,18.341196060180664,13.826254844665527,14.44076919555664,10.157346725463867,11.786005973815918,7.046164035797119,0.3252454996109009,0.7266323566436768,crackle,107_2b4_Ll_mc_AKGC417L.wav,icbhi
603.0436094269189,495.9846877520153,0.3165341317653656,0.1093536913394928,0.007122561992459397,1652.2963713548381,18.751804850382623,593.2872090704757,5.909570693969727,-252.22052001953125,103.72042083740234,29.277273178100586,32.32429885864258,27.967588424682617,29.209928512573242,20.86920928955078,19.32296371459961,14.168461799621582,17.50259017944336,13.120736122131348,13.175797462463379,8.385675430297852,0.613889753818512,0.7410061359405518,crackle,107_2b4_Lr_mc_AKGC417L.wav,icbhi
312.97152121096246,502.854570845247,0.298631876707077,0.12782220542430878,0.0051150576421113685,1065.9568375950155,18.54114300199091,272.56238897549304,3.126436948776245,-321.2313537597656,140.08425903320312,76.1338119506836,41.250980377197266,24.89287567138672,16.074613571166992,12.744865417480469,10.622204780578613,9.109182357788086,8.464335441589355,7.916416645050049,7.617546081542969,6.963994979858398,0.5563309788703918,0.7570604681968689,crackle,107_2b4_Pl_mc_AKGC417L.wav,icbhi
445.85571216760115,507.3977399722705,0.42222142219543457,0.1432800590991974,0.006112012398491879,1358.2463417431193,18.42845544087811,374.233081224623,7.763254642486572,-244.17266845703125,133.99993896484375,61.983177185058594,45.603641510009766,23.770645141601562,18.660968780517578,10.204985618591309,10.561444282531738,7.77108097076416,9.759940147399902,7.31531286239624,9.248003959655762,6.215826034545898,0.7717961072921753,0.7534306645393372,crackle,107_2b4_Pr_mc_AKGC417L.wav,icbhi
237.21780686292803,499.06062642576336,0.18661849200725555,0.07075518369674683,0.005490048578886311,722.3235870406627,18.907720107802753,351.2510082837877,0.2939639687538147,-351.697509765625,150.4925537109375,78.59634399414062,29.19920539855957,15.839227676391602,13.861711502075195,6.106430530548096,0.2827600836753845,5.790482044219971,15.91212272644043,17.994022369384766,12.572427749633789,8.871733665466309,0.3636307418346405,0.7605426907539368,normal_respiratory,107_2b4_Tc_mc_AKGC417L.wav,icbhi
285.33603506121744,504.7227790182359,0.35164111852645874,0.16385309398174286,0.004529346722737819,1037.5500974363836,18.564919358123465,202.3921249637471,5.272823810577393,-319.831787109375,123.13788604736328,68.32981872558594,37.8189582824707,30.797494888305664,28.280517578125,23.37352752685547,18.209630966186523,15.073092460632324,13.323651313781738,11.404808044433594,9.86974811553955,8.75937271118164,0.6290585994720459,0.7529166340827942,crackle,107_2b5_Al_mc_AKGC417L.wav,icbhi
430.8861362185554,594.6325459951674,0.3096560537815094,0.22542332112789154,0.006567439457656613,1124.678365683914,18.488403171267304,680.7439888159803,3.0992283821105957,-311.6534729003906,121.29446411132812,55.0638427734375,32.996089935302734,32.56890869140625,25.070220947265625,18.82729148864746,16.51734733581543,13.915929794311523,11.630046844482422,8.97882080078125,7.299499034881592,7.780974864959717,0.5371721982955933,0.7528150677680969,crackle_and_wheeze,107_2b5_Ar_mc_AKGC417L.wav,icbhi
712.6727161609401,520.3622138668302,0.1633540838956833,0.07163332402706146,0.008980523129350349,1799.9403337102822,18.411392199404464,896.5756303473028,3.1210038661956787,-290.988037109375,106.40303802490234,40.66510009765625,38.86368179321289,26.122539520263672,28.650836944580078,19.305879592895508,17.861980438232422,13.006994247436523,13.371879577636719,9.569499015808105,11.159036636352539,6.580620288848877,0.3528033494949341,0.7103636860847473,crackle,107_2b5_Ll_mc_AKGC417L.wav,icbhi
505.07422910217787,433.11988299772406,0.3753058910369873,0.12399054318666458,0.005818590487238979,1524.4345302015142,18.68207460694395,376.90599622969836,7.265304088592529,-251.8219451904297,108.7480239868164,36.65172576904297,36.73594284057617,29.58884620666504,29.854482650756836,20.31696891784668,18.695444107055664,14.269368171691895,16.46316909790039,12.510769844055176,13.371654510498047,9.064506530761719,0.7085627317428589,0.7397629022598267,crackle,107_2b5_Lr_mc_AKGC417L.wav,icbhi
314.6856588073607,485.04493322558056,0.3028104901313782,0.10732261091470718,0.010283361731438515,889.7796088896945,18.394137672557108,380.95283950841065,6.067358016967773,-283.22625732421875,178.72836303710938,83.70442962646484,34.50591278076172,16.280189514160156,8.497475624084473,7.10612678527832,7.093801975250244,6.478973388671875,5.280285358428955,4.699996471405029,4.959071636199951,4.76725435256958,0.6491137146949768,0.6826258897781372,normal_respiratory,107_2b5_Pl_mc_AKGC417L.wav,icbhi
438.19317738861173,492.74046519348735,0.4222783148288727,0.1238093227148056,0.008284920606148492,1270.4350305879095,18.435948126964945,442.7296507939385,8.828676223754883,-225.7778778076172,152.16712951660156,66.9457778930664,43.26748275756836,18.11837387084961,13.20914077758789,5.552394866943359,7.480710983276367,5.189408779144287,8.195208549499512,6.246094703674316,8.757625579833984,5.4213151931762695,0.8163799047470093,0.7201684713363647,crackle_and_wheeze,107_2b5_Pr_mc_AKGC417L.wav,icbhi
195.4170712639229,501.9905852491335,0.2746897339820862,0.11147847026586533,0.004572397041763341,634.4483376909535,19.01749481673515,265.46792298071347,2.664926528930664,-334.4710693359375,138.03179931640625,78.65914154052734,34.001102447509766,18.126916885375977,14.673600196838379,9.660776138305664,7.540482997894287,13.16991138458252,19.369131088256836,17.52330207824707,10.867182731628418,7.49179220199585,0.5172402858734131,0.7699140310287476,crackle,107_2b5_Tc_mc_AKGC417L.wav,icbhi
927.5557328269725,593.5310328481929,0.17615602910518646,0.101101353764534,0.011353955191415313,2095.916971822131,19.44771452411863,1743.6149013014792,1.3671762943267822,-285.2695007324219,94.61470794677734,42.63446044921875,32.81723403930664,27.96619415283203,21.95050621032715,16.185684204101562,17.83516502380371,9.604969024658203,17.71971893310547,4.566251754760742,14.782017707824707,2.365860939025879,0.3447303771972656,0.7372246384620667,crackle_and_wheeze,107_3p2_Al_mc_AKGC417L.wav,icbhi
363.4748533978656,479.70270683201625,0.2513740062713623,0.18418394029140472,0.005418675681554524,1174.5166838921423,18.481849925551156,285.6771588602088,1.6257661581039429,-337.8455505371094,107.40432739257812,59.30306625366211,35.10929870605469,30.497121810913086,26.775985717773438,20.897472381591797,17.170745849609375,16.06781578063965,14.541550636291504,12.10211181640625,10.183489799499512,8.927536010742188,0.46158725023269653,0.7174187302589417,crackle_and_wheeze,107_3p2_Ar_mc_AKGC417L.wav,icbhi
1042.8624301069858,556.4542800966819,0.13971728086471558,0.05257652327418327,0.009641005655452436,2236.8452163175407,18.477864043741462,2185.270389990574,-2.391690731048584,-295.1087951660156,83.37254333496094,30.2188777923584,33.71645736694336,21.575584411621094,20.532730102539062,12.897852897644043,17.186416625976562,9.095590591430664,12.533602714538574,7.02836275100708,11.208268165588379,4.6504950523376465,0.2434183955192566,0.794491171836853,crackle,107_3p2_Ll_mc_AKGC417L.wav,icbhi
1240.525553275488,552.0526590617981,0.11802934110164642,0.04498272389173508,0.015281730350928075,2428.3115222450947,19.266992767810393,3050.695319297419,-1.8285624980926514,-282.8043518066406,82.00959014892578,32.99213409423828,32.67626953125,20.072256088256836,18.40997886657715,15.2252779006958,16.269222259521484,6.2197346687316895,17.952280044555664,2.5501065254211426,12.73019027709961,1.9260245561599731,0.21652072668075562,0.7491199374198914,crackle_and_wheeze,107_3p2_Lr_mc_AKGC417L.wav,icbhi
426.8903208258207,471.51532321379005,0.10935809463262558,0.04073508083820343,0.0054617260005800465,1408.9777230667926,18.970076540826113,256.6997625435035,-3.4288642406463623,-399.8786926269531,118.17369842529297,64.17372131347656,45.356483459472656,30.399532318115234,21.640844345092773,14.6170015335083,13.269562721252441,8.273244857788086,14.105278015136719,7.625204563140869,13.365610122680664,4.303276538848877,0.2146691232919693,0.7479388117790222,crackle,107_3p2_Pl_mc_AKGC417L.wav,icbhi
611.6330917055869,516.8919747397018,0.15327765047550201,0.1305486261844635,0.007119163283062645,1662.5055462828514,18.380062561037047,605.7025245613399,-0.6935214400291443,-342.14080810546875,108.50370025634766,51.86090087890625,39.000240325927734,28.902143478393555,22.420570373535156,18.672779083251953,15.2976713180542,12.378485679626465,11.106534004211426,9.104575157165527,8.969432830810547,6.90798807144165,0.2880013883113861,0.7213501334190369,crackle_and_wheeze,107_3p2_Pr_mc_AKGC417L.wav,icbhi
368.6409774563493,491.15223685724953,0.3395054340362549,0.1242556944489479,0.005581813732598608,1204.3877461498182,19.80451402339211,297.6178445838167,6.5332865715026855,-284.7438049316406,139.1857147216797,52.11851119995117,26.997760772705078,31.502769470214844,23.32066535949707,13.431262016296387,7.6654839515686035,10.848007202148438,25.6807918548584,21.519651412963867,15.746722221374512,1.6591551303863525,0.6448783278465271,0.7431310415267944,crackle_and_wheeze,107_3p2_Tc_mc_AKGC417L.wav,icbhi
83.51817744912896,44.12366598786753,0.0781441479921341,0.026222776621580124,0.0018285056554524363,534.7182644671966,18.978878476830822,60.02817530089907,-10.722978591918945,-537.3695068359375,72.49982452392578,61.55057144165039,51.30219650268555,43.37042236328125,36.21372985839844,29.35955238342285,23.966243743896484,20.62143325805664,18.405275344848633,16.135587692260742,13.503597259521484,11.042325019836426,0.14346560835838318,0.7969894409179688,normal_respiratory,108_1b1_Al_sc_Meditron.wav,icbhi
88.46304103534625,69.09905835114189,0.03868706151843071,0.046611711382865906,0.004505555756960557,130.02766608707478,19.81420596149164,165.79567185687355,-12.309246063232422,-442.5910339355469,57.314964294433594,48.522178649902344,37.24577331542969,26.616762161254883,18.67730140686035,14.084372520446777,12.471271514892578,12.865312576293945,13.98028564453125,14.58520221710205,13.978443145751953,12.228973388671875,0.0772927775979042,0.7243176698684692,normal_respiratory,109_1b1_Al_sc_Litt3200.wav,icbhi
101.39793789886633,93.1443182378982,0.04143884405493736,0.04837987571954727,0.005536497607308585,143.45516465259004,19.267523105693318,179.01036379785384,-12.16450023651123,-462.7459411621094,69.4571762084961,55.05655288696289,38.252166748046875,24.614322662353516,16.400665283203125,13.020525932312012,12.884382247924805,14.429590225219727,16.10664176940918,16.524112701416016,15.160531997680664,12.700759887695312,0.08646482974290848,0.7164301872253418,normal_respiratory,109_1b1_Ar_sc_Litt3200.wav,icbhi
109.5724815256951,87.53961683824777,0.0485558919608593,0.04252960532903671,0.005085602160672854,147.79976047739297,19.28288666619959,216.4061933548434,-10.234238624572754,-445.9903869628906,78.68021392822266,62.54243850708008,42.45192337036133,24.548419952392578,12.607426643371582,7.46075963973999,7.759754180908203,11.06826400756836,14.85331916809082,17.27464485168457,17.599346160888672,16.098779678344727,0.10248919576406479,0.7124505043029785,crackle,109_1b1_Ll_sc_Litt3200.wav,icbhi
82.4360177865632,69.1372438511889,0.06420630216598511,0.044395387172698975,0.0034055068155452437,132.94619145410036,18.855380624342754,163.8721722737819,-10.261975288391113,-470.1434020996094,80.29000854492188,62.54450225830078,41.52806854248047,24.404233932495117,14.66482162475586,11.889119148254395,13.53424072265625,16.722232818603516,19.162025451660156,19.548168182373047,17.762704849243164,14.68764877319336,0.12344250828027725,0.7519347071647644,crackle,109_1b1_Lr_sc_Litt3200.wav,icbhi
59.52857156801988,41.54435098889166,0.10242616385221481,0.0699557438492775,0.002970472012761021,108.65980611856226,19.62010453374172,84.98370885295823,-7.200478553771973,-444.7610168457031,73.18514251708984,59.175418853759766,41.973575592041016,27.13770294189453,17.91018295288086,14.580960273742676,15.4202299118042,18.084518432617188,20.639291763305664,21.944772720336914,21.567440032958984,19.535545349121094,0.1999513804912567,0.7627649903297424,normal_respiratory,109_1b1_Pl_sc_Litt3200.wav,icbhi
74.23770807816446,60.001875319110475,0.08674738556146622,0.07033470273017883,0.00417927965487239,115.87600230833675,19.98152257317996,123.35377845852668,-7.927759170532227,-430.918212890625,68.8297348022461,56.417564392089844,40.57577133178711,26.048259735107422,16.125473022460938,11.821722030639648,12.194958686828613,15.238190650939941,18.777305603027344,21.109643936157227,21.332948684692383,19.385761260986328,0.16834911704063416,0.7364398241043091,normal_respiratory,109_1b1_Pr_sc_Litt3200.wav,icbhi
74.07371406219943,79.09319370667549,0.13531604409217834,0.06273652613162994,0.0012915095707656612,218.03996993656926,22.273007322867755,89.38027932859629,-7.602607727050781,-444.64251708984375,113.00495910644531,46.91820526123047,12.198461532592773,20.07529067993164,33.69242858886719,28.93865966796875,19.07094383239746,19.85093116760254,23.503929138183594,17.74356460571289,7.450586795806885,3.3606274127960205,0.20755250751972198,0.8339734077453613,crackle,110_1b1_Pr_sc_Meditron.wav,icbhi
48.55654896567437,63.30763480103147,0.3290865421295166,0.21433869004249573,0.0012983069895591648,135.04672564997438,21.848999413730848,68.34668648491879,-1.2264844179153442,-395.2225646972656,88.5651626586914,59.491085052490234,38.2735481262207,33.118953704833984,34.5758171081543,31.116893768310547,22.58509063720703,16.06903839111328,14.782122611999512,15.443094253540039,14.251201629638672,11.00627613067627,0.4937467575073242,0.8022707104682922,crackle_and_wheeze,110_1p1_Al_sc_Meditron.wav,icbhi
81.75759276922444,120.89848226194069,0.38671064376831055,0.19282734394073486,0.00209020627900232,188.01700625486026,21.268511785295257,136.44356782917635,0.9990630149841309,-344.0774230957031,116.2500991821289,61.7601203918457,27.88351058959961,25.94889259338379,31.717798233032227,26.593990325927734,16.809911727905273,12.900649070739746,12.486015319824219,9.771985054016113,7.020817279815674,7.921465873718262,0.6079474687576294,0.7017517685890198,wheeze,110_1p1_Ll_sc_Meditron.wav,icbhi
50.128910588914145,76.20101472707299,0.3807523846626282,0.22248855233192444,0.0011091121664733178,144.169665753954,21.664609475540193,68.37166699898492,-1.3055150508880615,-370.64080810546875,85.76810455322266,58.4227409362793,36.81551742553711,29.390588760375977,30.037734985351562,29.40003776550293,24.995317459106445,19.35424041748047,14.291959762573242,10.113224983215332,7.617620944976807,7.462028980255127,0.5531470775604248,0.7895840406417847,crackle,110_1p1_Lr_sc_Meditron.wav,icbhi
45.9804855883228,69.54909076219434,0.18792614340782166,0.1292949914932251,0.0011261057134570765,144.93034414484475,22.666843827886957,57.60506543648492,-6.12289571762085,-414.05133056640625,60.57510757446289,48.57807540893555,37.98063278198242,32.34461975097656,30.271038055419922,28.198150634765625,24.58786392211914,20.385906219482422,16.851791381835938,14.037567138671875,11.447275161743164,9.19562816619873,0.2959444224834442,0.8248856663703918,normal_respiratory,110_1p1_Pr_sc_Meditron.wav,icbhi
893.9003414959298,258.4210863615197,0.005795126315206289,0.0031719219405204058,0.03461698810904872,1593.5468200125467,19.119705339550432,1483.4678278168503,-21.494033813476562,-529.7381591796875,175.55496215820312,12.226275444030762,-19.659963607788086,18.841650009155273,24.176624298095703,11.4686918258667,2.488589286804199,2.71879243850708,6.341794013977051,9.700729370117188,6.677098751068115,-0.21946397423744202,0.014450396411120892,0.6879921555519104,normal_respiratory,111_1b2_Tc_sc_Meditron.wav,icbhi
916.5689423512424,252.47367110182205,0.00564019987359643,0.003024896839633584,0.03380922817575406,1621.0685750751688,19.209306937354565,1604.9980287485498,-22.20256233215332,-528.6526489257812,174.18800354003906,9.20986557006836,-16.523296356201172,23.321372985839844,25.648799896240234,11.48171615600586,-2.7088406085968018,-4.976635932922363,3.134221315383911,14.59715747833252,6.546139717102051,-3.899118661880493,0.014530899934470654,0.6703855395317078,normal_respiratory,111_1b3_Tc_sc_Meditron.wav,icbhi
61.969847305544626,77.30903235312694,0.3165075480937958,0.1642802357673645,0.0018194424303944316,168.8999831881811,22.16216537490724,88.4060392800174,-1.5044821500778198,-381.50042724609375,96.48281860351562,56.084991455078125,27.870153427124023,22.04937171936035,26.00336265563965,26.985410690307617,25.37755584716797,24.948774337768555,23.450510025024414,17.642757415771484,9.999911308288574,5.046571254730225,0.5191597938537598,0.8228837847709656,crackle,112_1b1_Ar_sc_Meditron.wav,icbhi
62.61996276207784,44.910252568824234,0.2279336005449295,0.11636529862880707,0.0014897676189095127,183.19590206867053,23.354692688952223,68.9462188225058,-4.427138805389404,-399.43206787109375,104.6193618774414,59.351341247558594,24.042949676513672,13.509745597839355,17.754701614379883,22.31757926940918,23.654138565063477,24.120527267456055,22.746456146240234,17.0802059173584,9.1137113571167,3.568603515625,0.3710807263851166,0.7983018755912781,crackle_and_wheeze,112_1b1_Lr_sc_Meditron.wav,icbhi
40.02262957600474,27.249020618030055,0.03618146479129791,0.02865515649318695,0.002074345635150812,87.79287413917564,20.51905040264161,57.030513612964036,-16.104768753051758,-517.37109375,45.865386962890625,40.491302490234375,34.11650848388672,28.556541442871094,24.447797775268555,21.694272994995117,20.105566024780273,19.461374282836914,19.3043270111084,19.02743148803711,18.203399658203125,16.73519515991211,0.06426037847995758,0.8030645251274109,wheeze,112_1p1_Ll_sc_Litt3200.wav,icbhi
41.03221481817299,27.34540357752196,0.09864611178636551,0.044677674770355225,0.0014614450406032482,97.64291214491222,20.718757424899753,57.030513612964036,-8.873791694641113,-456.31768798828125,67.65190887451172,55.5758171081543,40.68442916870117,26.92972183227539,17.46856689453125,13.528022766113281,14.35263442993164,17.742538452148438,21.188425064086914,22.98502540588379,22.58114242553711,20.270185470581055,0.17332927882671356,0.8131179213523865,crackle_and_wheeze,112_1p1_Pl_sc_Litt3200.wav,icbhi
56.82332596037267,21.136020721414518,0.08265545964241028,0.0632016509771347,0.0027348281612529003,111.47135222862713,21.633520544750834,77.78932080191416,-8.607927322387695,-449.3041687011719,72.33790588378906,59.91993713378906,43.637489318847656,27.99941635131836,16.537961959838867,10.910377502441406,10.704543113708496,13.923912048339844,18.026052474975586,20.992671966552734,21.848539352416992,20.562328338623047,0.1560356318950653,0.7814028859138489,wheeze,112_1p1_Pr_sc_Litt3200.wav,icbhi
80.91220315251034,68.74674964647063,0.06619030982255936,0.07253662496805191,0.0035561829321345707,132.17853975046506,18.91566580595463,144.7121179850638,-10.97918701171875,-449.9875183105469,74.18794250488281,56.99872970581055,38.039974212646484,24.217817306518555,17.205018997192383,14.632943153381348,13.726738929748535,13.40788459777832,13.673229217529297,14.192038536071777,14.109309196472168,12.866470336914062,0.1369529366493225,0.7404047250747681,normal_respiratory,113_1b1_Al_sc_Litt3200.wav,icbhi
68.06095467125405,75.84714682329906,0.08830999583005905,0.08884869515895844,0.0018976127465197216,126.8650477933137,19.882353547452453,120.45603882685614,-12.645909309387207,-445.74420166015625,66.4681625366211,49.92896270751953,32.63986587524414,21.235580444335938,16.42768669128418,15.074381828308105,14.378249168395996,13.71069049835205,13.455166816711426,13.45289134979248,12.969343185424805,11.606405258178711,0.15808700025081635,0.7687349915504456,normal_respiratory,113_1b1_Ar_sc_Litt3200.wav,icbhi
81.25382946976995,47.65652778644545,0.10044775903224945,0.10887064039707184,0.004498758338167054,110.04366806264254,19.32974138095209,145.31165032265082,-5.586315155029297,-418.83197021484375,67.49064636230469,58.27480697631836,46.112430572509766,34.151039123535156,24.661544799804688,18.58209800720215,15.73999309539795,15.297347068786621,16.107831954956055,16.992080688476562,17.025043487548828,15.775025367736816,0.2052910029888153,0.7133899331092834,normal_respiratory,113_1b1_Ll_sc_Litt3200.wav,icbhi
80.73370363599814,65.0545510103866,0.08637919276952744,0.06592057645320892,0.00392550935324826,126.00057151112111,19.65748208221943,146.11102677276682,-8.914909362792969,-450.4757080078125,75.40219116210938,62.02544403076172,45.03969192504883,29.229108810424805,17.69713020324707,11.530622482299805,10.23306655883789,12.246954917907715,15.530008316040039,18.22736930847168,19.205408096313477,18.21486473083496,0.17264001071453094,0.7162690162658691,normal_respiratory,113_1b1_Lr_sc_Litt3200.wav,icbhi
72.71792549130845,55.05561884954904,0.09072856605052948,0.09581022709608078,0.0034814113254060326,124.88883842000168,19.626497769998018,130.198439312645,-9.717312812805176,-441.94195556640625,74.51469421386719,57.07405471801758,37.89302444458008,23.633182525634766,15.75246524810791,12.378584861755371,11.716387748718262,13.07132625579834,15.669848442077637,17.979084014892578,18.607568740844727,17.326692581176758,0.1777155101299286,0.7551323175430298,normal_respiratory,113_1b1_Pl_sc_Litt3200.wav,icbhi
81.90444258679977,57.83027800816004,0.05597539246082306,0.06683962047100067,0.0035187971287703014,139.90435901155817,19.311659216937574,147.2851109338747,-12.911919593811035,-475.2799377441406,74.02186584472656,56.68619155883789,37.86180114746094,23.58521270751953,15.366412162780762,11.667071342468262,10.818074226379395,12.080007553100586,14.592116355895996,16.875335693359375,17.555635452270508,16.31527328491211,0.11471742391586304,0.7535151839256287,normal_respiratory,113_1b1_Pr_sc_Litt3200.wav,icbhi
384.82588800998593,471.52869841783803,0.1052384003996849,0.040459491312503815,0.00980414370649652,913.3296636949722,19.6013069727439,654.3895464762181,-0.45034781098365784,-340.9330139160156,189.2801971435547,29.81012535095215,-1.0981487035751343,16.79998207092285,16.528989791870117,17.93644142150879,18.475740432739258,10.453609466552734,10.895464897155762,15.800497055053711,8.621750831604004,1.5738270282745361,0.23493985831737518,0.5864249467849731,crackle_and_wheeze,114_1b4_Al_mc_AKGC417L.wav,icbhi
316.2345818584545,486.94412429224343,0.13056905567646027,0.09115584194660187,0.014310832366589327,562.8712403016209,19.538886533259976,470.83272911832944,-0.2463584989309311,-315.3171081542969,168.05760192871094,66.20359802246094,26.596899032592773,20.77170181274414,12.031582832336426,0.39217090606689453,-5.511719703674316,0.5657330751419067,5.333065509796143,0.6840351819992065,4.844974040985107,12.144803047180176,0.3041878044605255,0.5808310508728027,crackle_and_wheeze,114_1b4_Ar_mc_AKGC417L.wav,icbhi
335.39894079419474,500.29533060313753,0.031145622953772545,0.014851383864879608,0.007984701276102088,872.1135073587376,19.280153011962184,480.2254024071926,-9.368953704833984,-454.771240234375,143.3396453857422,51.96506881713867,10.82462215423584,15.13325309753418,22.03841209411621,19.698442459106445,13.603020668029785,9.733975410461426,14.378110885620117,19.09038734436035,11.627923011779785,1.5419784784317017,0.06706462800502777,0.6090724468231201,crackle_and_wheeze,114_1b4_Lr_mc_AKGC417L.wav,icbhi
362.333660015674,491.173762358647,0.13167506456375122,0.094129279255867,0.010813560397331787,1040.8281913335231,19.307580544707253,355.52267618909514,-0.09041647613048553,-368.13006591796875,150.07989501953125,84.34569549560547,41.08823776245117,23.66897964477539,15.353939056396484,10.661399841308594,9.04383659362793,7.246106147766113,6.6731791496276855,7.902332305908203,6.473692893981934,4.41733455657959,0.27671018242836,0.47341614961624146,crackle_and_wheeze,114_1b4_Pl_mc_AKGC417L.wav,icbhi
298.6327376046688,426.11602197718685,0.07503193616867065,0.03904464840888977,0.0076040458236658936,928.1685945829533,19.45722022321291,359.0449286724188,-4.4839887619018555,-414.186279296875,159.4623260498047,74.24962615966797,25.290170669555664,15.902753829956055,15.023929595947266,11.551182746887207,8.429211616516113,7.748469829559326,10.738472938537598,12.872572898864746,9.273637771606445,5.352059841156006,0.1597082018852234,0.5803693532943726,crackle_and_wheeze,114_1b4_Pr_mc_AKGC417L.wav,icbhi
140.23352606274733,90.81139083852895,0.07162386924028397,0.055702269077301025,0.0018058475928074246,630.5993131936535,19.308774070700146,147.63483813080046,-11.046664237976074,-449.90777587890625,79.21768188476562,56.201393127441406,38.10600280761719,29.5408878326416,25.060958862304688,19.14573860168457,13.338665962219238,11.074048042297363,11.372974395751953,10.149870872497559,7.189894199371338,5.903008937835693,0.12321991473436356,0.8111813068389893,wheeze,115_1b1_Ar_sc_Meditron.wav,icbhi
290.5867004606224,97.71086842601129,0.02252674102783203,0.005983192007988691,0.004047862891531323,1171.4266336138448,18.80764144567097,163.9471138159803,-15.694543838500977,-595.7094116210938,121.66242980957031,66.95308685302734,34.86838912963867,27.035268783569336,28.910797119140625,29.12790870666504,23.914398193359375,16.690099716186523,12.638760566711426,10.627717018127441,10.05288314819336,9.198585510253906,0.045017872005701065,0.7602441906929016,wheeze,116_1b2_Pl_sc_Meditron.wav,icbhi
732.735305796571,293.76137213425494,0.009248475544154644,0.005505369044840336,0.024818508918213456,1548.9351241649956,18.739986061135895,1085.5032582294084,-20.818941116333008,-561.209716796875,161.38543701171875,50.79450225830078,4.3256072998046875,1.470534086227417,6.924443244934082,2.973414182662964,5.349403381347656,14.7683744430542,21.495450973510742,13.96399211883545,5.078751564025879,2.033552646636963,0.020984282717108727,0.612388551235199,normal_respiratory,116_1b2_Tc_sc_Meditron.wav,icbhi
494.9059762707233,143.57694578248396,0.004698768723756075,0.0016569863073527813,0.007895201928654292,1416.1629364189225,18.723899228712103,514.4487066777842,-25.282306671142578,-650.5809326171875,145.65931701660156,50.75802993774414,31.396766662597656,10.109660148620605,11.091785430908203,8.168428421020508,11.713154792785645,9.510740280151367,12.525238990783691,10.601508140563965,11.971437454223633,8.40483570098877,0.009806719608604908,0.7312389612197876,normal_respiratory,117_1b2_Tc_mc_LittC2SE.wav,icbhi
455.7428210656202,137.2774865868508,0.005621239542961121,0.002152445027604699,0.006513060107308585,1359.7332732651676,19.0573036384163,464.78744471432714,-26.082338333129883,-649.6004028320312,146.6918182373047,52.87714385986328,31.775081634521484,9.255180358886719,7.5324907302856445,6.275064468383789,10.273721694946289,9.913704872131348,11.25595474243164,8.469426155090332,8.795159339904785,7.415289402008057,0.011136597953736782,0.7602458000183105,wheeze,117_1b3_Tc_mc_LittC2SE.wav,icbhi
106.39132858256058,64.70443954289796,0.10003223270177841,0.08208651095628738,0.004365075768561485,161.77823418943126,21.144532388451072,229.57092426769142,-6.912778854370117,-431.9476013183594,115.8384017944336,84.05097198486328,47.81508255004883,19.968799591064453,5.290578365325928,1.4607443809509277,3.7556440830230713,8.297635078430176,12.534256935119629,14.886524200439453,14.902807235717773,13.280099868774414,0.1961570382118225,0.6787076592445374,wheeze,118_1b1_Al_sc_Litt3200.wav,icbhi
123.8486889693443,87.54190786929885,0.1216871440410614,0.10288623720407486,0.006150531104988399,176.93950521694185,20.77879199481626,248.28132930321925,-5.89845609664917,-420.6379699707031,127.47625732421875,85.33158874511719,40.78921127319336,11.745820045471191,1.8552839756011963,3.831650495529175,9.00092887878418,12.970396995544434,14.838391304016113,14.553157806396484,12.324091911315918,9.241279602050781,0.25022560358047485,0.6515399813652039,wheeze,118_1b1_Ar_sc_Litt3200.wav,icbhi
95.41876164414961,69.20157392758408,0.05084555596113205,0.03959472104907036,0.005640724695475638,128.80195573302282,19.762302903190378,174.56383229408354,-8.909749031066895,-454.17669677734375,76.48660278320312,62.29791259765625,44.706478118896484,28.976057052612305,18.089099884033203,12.56320571899414,11.479442596435547,13.316009521484375,16.23896026611328,18.432445526123047,18.73127555847168,17.03247833251953,0.10528860241174698,0.63405442237854,wheeze,118_1b1_Ll_sc_Litt3200.wav,icbhi
85.8788820273122,75.45219762526757,0.08196158707141876,0.06396030634641647,0.004211000942575406,134.03694604009576,20.163704172888043,155.32883646316705,-8.1654691696167,-425.5101623535156,72.67859649658203,56.616966247558594,37.78753662109375,22.4395694732666,13.35784912109375,10.274005889892578,11.590194702148438,15.29574203491211,19.134078979492188,21.15778160095215,20.66219139099121,18.364574432373047,0.1614382565021515,0.7127364873886108,wheeze,118_1b1_Lr_sc_Litt3200.wav,icbhi
96.96351863894459,60.835915074770995,0.11463499814271927,0.07746872305870056,0.005825387906032483,132.34375872325504,21.137986719605408,169.3928658823956,-5.289651393890381,-439.66864013671875,110.10210418701172,84.32083892822266,54.95463562011719,31.035015106201172,15.229080200195312,6.676543712615967,4.276420593261719,6.687622547149658,11.247273445129395,14.869413375854492,16.09506607055664,15.40919303894043,0.22991415858268738,0.6141902208328247,normal_respiratory,118_1b1_Pl_sc_Litt3200.wav,icbhi
134.26382400137885,88.8293020033018,0.0745014101266861,0.059473589062690735,0.009401963094547564,162.71083493282836,21.834587539101502,264.4437219040023,-7.176290988922119,-443.72369384765625,112.43333435058594,81.6891860961914,48.919193267822266,24.622833251953125,9.427353858947754,0.5991193652153015,-1.7712011337280273,3.263981819152832,12.596872329711914,19.84190559387207,21.084962844848633,17.724321365356445,0.15875668823719025,0.6036564111709595,wheeze,118_1b1_Pr_sc_Litt3200.wav,icbhi
482.51997569518386,224.11745811110805,0.015661347657442093,0.008271332830190659,0.004157754495359629,1555.553008214296,20.425677328739987,376.88101571563226,-22.7708797454834,-607.2583618164062,99.40247344970703,46.2481689453125,33.62617874145508,23.032804489135742,29.22260856628418,19.940475463867188,18.73761749267578,9.447529792785645,8.41675090789795,9.617316246032715,5.154842853546143,8.39023494720459,0.025814397260546684,0.8033573031425476,normal_respiratory,119_1b1_Ar_sc_Meditron.wav,icbhi
50.22062267300728,73.9382769841873,0.23046262562274933,0.08545993268489838,0.0010943844257540604,151.56917402544434,23.271493921515972,63.625369326421115,-3.9918878078460693,-427.9306945800781,113.9286880493164,64.82135009765625,28.543825149536133,18.898902893066406,22.50107192993164,24.424028396606445,23.93461799621582,24.684988021850586,23.74790382385254,17.272520065307617,8.778162956237793,4.5000691413879395,0.36513233184814453,0.7297500967979431,normal_respiratory,120_1b1_Al_sc_Meditron.wav,icbhi
45.82281670047343,65.44305304931471,0.2341342270374298,0.11976595968008041,0.0011079792633410673,137.8301182137806,23.94851759958504,60.17805838529582,-4.450411796569824,-428.1881408691406,87.95307922363281,61.644996643066406,35.87314224243164,21.677324295043945,20.62541961669922,26.325349807739258,31.13588523864746,30.864944458007812,25.407350540161133,17.02166748046875,8.704329490661621,3.099285840988159,0.3602035641670227,0.7966984510421753,normal_respiratory,120_1b1_Ar_sc_Meditron.wav,icbhi
55.725336545666515,44.15128011452631,0.2019568830728531,0.1015768051147461,0.0011963457076566125,176.82764846295152,23.177096749516032,59.32872090704756,-5.364773750305176,-425.6483154296875,99.06636810302734,51.85605239868164,19.584972381591797,17.017303466796875,28.244075775146484,33.11748123168945,28.56067657470703,22.930572509765625,20.24504280090332,17.356908798217773,11.918828964233398,6.007954120635986,0.305781751871109,0.8078895807266235,normal_respiratory,120_1b1_Lr_sc_Meditron.wav,icbhi
55.52636771639351,77.42758105869886,0.21920999884605408,0.12263956665992737,0.0010275431409512762,169.85495877540552,22.404329287555157,66.64801152842227,-5.145158767700195,-424.0848388671875,101.84768676757812,54.846683502197266,20.90724754333496,16.064144134521484,26.649715423583984,32.04354476928711,27.298324584960938,20.634326934814453,17.90227699279785,16.788171768188477,13.550619125366211,8.665053367614746,0.32474809885025024,0.8298037052154541,crackle,120_1b1_Pl_sc_Meditron.wav,icbhi
68.61687885750514,70.57346915093568,0.2481776922941208,0.11267568916082382,0.0012507250580046404,209.79585129754489,23.574345587021014,67.97197877392692,-3.9727399349212646,-391.8768615722656,109.6931381225586,45.059574127197266,5.7064385414123535,9.253677368164062,27.796985626220703,33.126094818115234,26.901620864868164,23.622711181640625,24.559982299804688,20.70075225830078,10.806977272033691,3.0032358169555664,0.3881067633628845,0.806932270526886,crackle,120_1b1_Pr_sc_Meditron.wav,icbhi
461.6279344336495,196.33046553418555,0.043659474700689316,0.03678888455033302,0.013098626015081206,1006.8013578235464,20.106326892051406,834.6988970055104,-13.747746467590332,-431.727294921875,147.35769653320312,32.15907669067383,-10.735416412353516,14.332573890686035,29.583452224731445,10.87172794342041,-5.265643119812012,3.4455554485321045,17.379131317138672,13.21212387084961,0.22772996127605438,0.4385730028152466,0.08647341281175613,0.72525554895401,normal_respiratory,121_1b1_Tc_sc_Meditron.wav,icbhi
338.5717157926179,221.71545802165278,0.08957062661647797,0.05313848331570625,0.007435243256960557,801.1970281731583,19.68983004122147,610.7985494308294,-8.947042465209961,-396.1231994628906,142.5616455078125,32.014278411865234,-8.708548545837402,14.587686538696289,29.408615112304688,14.836949348449707,1.9829269647598267,7.205498218536377,16.335865020751953,15.39797306060791,8.501758575439453,5.686995983123779,0.16950005292892456,0.7738287448883057,normal_respiratory,121_1p1_Tc_sc_Meditron.wav,icbhi
254.81972203730902,139.99262147543232,0.05459194630384445,0.029129665344953537,0.0022216230423433873,1084.3015908045347,18.846866773758038,129.94863417198377,-12.869453430175781,-517.3565063476562,88.18512725830078,59.0266227722168,40.15365982055664,31.562271118164062,26.91935157775879,21.839323043823242,18.37484359741211,16.39719581604004,14.903326988220215,12.82325553894043,10.796786308288574,9.071864128112793,0.09105036407709122,0.7990140914916992,wheeze,122_2b1_Al_mc_LittC2SE.wav,icbhi
204.35325601134738,81.04960703997668,0.07482395321130753,0.026478638872504234,0.0020244978973317867,976.037646576267,18.97907745301622,89.77996755365429,-10.22360897064209,-514.7040405273438,105.99398040771484,58.65915298461914,39.82062530517578,33.804054260253906,26.92987823486328,23.27161979675293,21.24009132385254,19.146560668945312,17.14250373840332,14.510451316833496,11.65380859375,9.62440299987793,0.12705302238464355,0.784618616104126,wheeze,122_2b1_Ar_mc_LittC2SE.wav,icbhi
297.6749279544814,138.6350268887492,0.07778557389974594,0.043714262545108795,0.0043696073810904875,1094.198422678248,19.544587792206382,258.798125725058,-8.881101608276367,-456.9149475097656,117.76249694824219,66.04547119140625,29.071062088012695,13.667698860168457,9.221324920654297,10.403875350952148,15.467694282531738,20.395225524902344,21.88042449951172,18.742050170898438,12.474568367004395,6.32875919342041,0.13292276859283447,0.7571796774864197,wheeze,122_2b1_Tc_mc_LittC2SE.wav,icbhi
231.85159566754123,96.71709340484315,0.053304288536310196,0.019994152709841728,0.0018081133990719258,1052.2689059991096,19.00659441093901,97.42400485788863,-13.6519193649292,-540.9484252929688,106.15824127197266,54.128379821777344,39.688899993896484,33.917884826660156,26.48992919921875,22.47346305847168,19.191844940185547,16.739839553833008,14.4637451171875,11.945465087890625,9.874791145324707,8.40103530883789,0.0900084376335144,0.8057950735092163,normal_respiratory,122_2b2_Al_mc_LittC2SE.wav,icbhi
196.48959904252038,92.81959211615792,0.08375959098339081,0.035315513610839844,0.0018330372679814385,951.9206038336832,18.81256441857041,87.05709152044663,-10.004068374633789,-499.008056640625,91.17949676513672,61.991905212402344,41.119991302490234,32.06950759887695,27.590808868408203,23.704082489013672,20.992237091064453,18.971574783325195,16.760143280029297,14.02967643737793,11.273921012878418,9.27181625366211,0.14314323663711548,0.8095176219940186,normal_respiratory,122_2b2_Ar_mc_LittC2SE.wav,icbhi
264.81745350787827,106.141423506533,0.0822913721203804,0.03555921092629433,0.0025773546258700698,1055.4692455356576,19.520361565117,189.12747199463456,-8.8406982421875,-465.2776184082031,122.52101135253906,65.44879150390625,31.079050064086914,16.799842834472656,9.746492385864258,10.615604400634766,16.44264030456543,20.832767486572266,21.25051498413086,17.530107498168945,11.585362434387207,6.496354103088379,0.14235904812812805,0.7832480669021606,wheeze,122_2b2_Tc_mc_LittC2SE.wav,icbhi
234.42820251764536,92.71594150412879,0.05247723311185837,0.02082330361008644,0.002025630800464037,1044.735281654071,18.878897896516765,110.21402805974478,-12.631952285766602,-532.0586547851562,109.2077865600586,59.50321578979492,40.226802825927734,33.617919921875,26.105939865112305,21.393503189086914,18.008102416992188,15.760832786560059,14.611377716064453,12.487714767456055,9.587369918823242,7.3326849937438965,0.08839945495128632,0.7965351343154907,wheeze,122_2b3_Al_mc_LittC2SE.wav,icbhi
183.6726368836987,103.48065618640898,0.09009716659784317,0.034670792520046234,0.0019089417778422274,900.784430251008,18.863258256193742,98.34828387833527,-8.54301643371582,-490.9178466796875,94.38189697265625,65.87735748291016,43.35857391357422,32.16012191772461,26.958866119384766,23.289941787719727,21.03145980834961,19.54994010925293,17.63961410522461,14.815807342529297,11.715386390686035,9.079678535461426,0.1556076854467392,0.791468620300293,wheeze,122_2b3_Ar_mc_LittC2SE.wav,icbhi
296.52523347240486,122.6262811307663,0.07804945856332779,0.042993806302547455,0.004418322215777262,1050.8011784990656,19.199797064190665,303.3383823049594,-7.427152633666992,-442.4874267578125,128.41424560546875,72.87683868408203,30.954904556274414,11.934836387634277,6.418813705444336,7.752222537994385,13.24152660369873,18.70480728149414,20.815757751464844,18.326322555541992,11.855295181274414,4.638879776000977,0.1436113715171814,0.7446961402893066,normal_respiratory,122_2b3_Tc_mc_LittC2SE.wav,icbhi
58.12999566939552,24.659250163553732,0.20506176352500916,0.08383914083242416,0.0018556953306264501,382.50741048749677,18.94826124619291,51.8595472012761,-5.248053550720215,-449.45794677734375,61.445945739746094,55.794883728027344,49.43034362792969,43.07328414916992,36.70671463012695,30.63573455810547,25.396053314208984,21.23746109008789,17.96000099182129,15.261731147766113,13.009865760803223,11.28126335144043,0.38327643275260925,0.8002082109451294,normal_respiratory,123_1b1_Al_sc_Meditron.wav,icbhi
89.7079732387951,74.58414425242042,0.11472603678703308,0.0828210860490799,0.003189122317285383,141.75223428132054,20.498912935859554,169.36788536832947,-8.545157432556152,-436.0516662597656,101.2804183959961,73.72622680664062,43.175392150878906,20.516923904418945,8.911701202392578,5.53295373916626,6.290701389312744,8.761760711669922,11.900657653808594,14.622970581054688,15.673322677612305,14.571603775024414,0.22203491628170013,0.6828954815864563,crackle_and_wheeze,124_1b1_Al_sc_Litt3200.wav,icbhi
101.42069454502888,82.5058279967519,0.09251394122838974,0.07288389652967453,0.005552358251160093,142.45044989692101,20.42185605457022,179.41005202291183,-9.42347526550293,-437.24530029296875,85.8331298828125,64.8089370727539,40.71699523925781,21.768678665161133,11.387109756469727,8.497161865234375,9.862067222595215,12.503439903259277,14.656426429748535,15.57499885559082,15.216198921203613,13.914948463439941,0.1838817596435547,0.6094393730163574,wheeze,124_1b1_Ar_sc_Litt3200.wav,icbhi
71.87842785415906,59.870423471182164,0.06281882524490356,0.046667758375406265,0.0040150087006960555,108.03163627903986,21.38486714825311,124.50288210556845,-10.9817476272583,-457.53485107421875,61.161163330078125,52.2560920715332,40.90763854980469,30.066635131835938,21.551725387573242,16.086904525756836,13.624102592468262,13.530515670776367,14.79977035522461,16.354164123535156,17.306325912475586,17.127099990844727,0.12292010337114334,0.7196783423423767,normal_respiratory,124_1b1_Ll_sc_Litt3200.wav,icbhi
75.73568663220603,59.25479316360537,0.04398976266384125,0.05024894326925278,0.0036490809889791185,124.18685905110355,21.631639518263757,128.05011510295824,-12.856913566589355,-462.94000244140625,56.287139892578125,47.096397399902344,35.78959655761719,25.71265983581543,18.62287712097168,14.76121711730957,13.646622657775879,14.521321296691895,16.33106803894043,17.844331741333008,18.147314071655273,17.03951644897461,0.08473395556211472,0.7411771416664124,normal_respiratory,124_1b1_Lr_sc_Litt3200.wav,icbhi
109.47246753908274,76.13828372459636,0.06413403898477554,0.06143736466765404,0.005670210351089588,159.04449570882798,21.717656269303475,198.93447100105934,-9.328473091125488,-416.0778503417969,76.5796127319336,60.1407585144043,40.1821174621582,22.960037231445312,11.73896312713623,6.743865013122559,6.585641860961914,9.346335411071777,12.963908195495605,15.635528564453125,16.435081481933594,15.495858192443848,0.1312655359506607,0.6413687467575073,crackle_and_wheeze,124_1b1_Pl_sc_Litt3200.wav,icbhi
99.23599785101572,46.32982802709572,0.07523445785045624,0.06912737339735031,0.0050671782817109145,145.1355810771691,19.98370770117554,167.15228325497787,-7.364709377288818,-416.52838134765625,86.30359649658203,69.76747131347656,48.39023208618164,28.080652236938477,12.988112449645996,4.8120341300964355,3.1771183013916016,6.227243900299072,11.256037712097168,15.586871147155762,17.50943946838379,16.688379287719727,0.1508234292268753,0.6485265493392944,normal_respiratory,124_1b1_Pr_sc_Litt3200.wav,icbhi
320.6037151232994,226.98996745129804,0.08064576238393784,0.04458903893828392,0.011206677784222737,772.8581904553797,19.444580513032783,523.4167112275233,-7.63047981262207,-402.1429748535156,141.81118774414062,36.46677017211914,6.320328235626221,24.09284782409668,26.925613403320312,13.83807373046875,2.8609673976898193,1.8692448139190674,12.321532249450684,19.306486129760742,12.190455436706543,4.943215370178223,0.1615617573261261,0.7516425848007202,crackle,125_1b1_Tc_sc_Meditron.wav,icbhi
306.52359147777986,139.68740684142674,0.033639904111623764,0.016141314059495926,0.002757486223897912,1137.3606794553384,18.764635759254002,206.01429950333528,-15.779361724853516,-546.8958129882812,121.24419403076172,47.376068115234375,28.76727867126465,32.49786376953125,34.04883575439453,24.890670776367188,10.45603084564209,5.470402240753174,11.20771312713623,14.989605903625488,8.439240455627441,2.3761444091796875,0.06231382489204407,0.7871621251106262,normal_respiratory,126_1b1_Al_sc_Meditron.wav,icbhi
441.08526919389345,175.99837334036116,0.044402942061424255,0.015279957093298435,0.0034802784222737818,1449.6765206223324,18.743121880898205,313.85517872679816,-11.760255813598633,-486.3919677734375,110.05716705322266,39.5159797668457,39.72145080566406,27.090421676635742,28.06110382080078,20.8781681060791,17.5118465423584,11.731639862060547,12.017322540283203,9.476646423339844,9.642582893371582,7.804296493530273,0.08278476446866989,0.8019002079963684,crackle,127_1b1_Ar_sc_Meditron.wav,icbhi
541.8851245144945,151.8586680265733,0.004324885550886393,0.0017712508561089635,0.007029663935614849,1497.3453850356352,18.702079251922413,605.1529532518852,-26.47269630432129,-650.3812255859375,143.8138427734375,49.941951751708984,30.231168746948242,7.8538031578063965,8.308317184448242,6.927206516265869,11.65315055847168,10.586873054504395,12.413063049316406,9.279757499694824,9.191948890686035,6.03507137298584,0.008790945634245872,0.7419289350509644,crackle,128_1b3_Tc_mc_LittC2SE.wav,icbhi
131.7759958091494,61.93968239962515,0.04467674344778061,0.014661797322332859,0.0019406630655452435,739.9293288549266,20.87050110773805,80.83694351798144,-14.562466621398926,-551.4039916992188,100.82888793945312,64.64246368408203,36.31153869628906,31.733469009399414,32.65531921386719,29.99681854248047,18.704605102539062,12.43050479888916,9.540937423706055,10.292241096496582,7.5330352783203125,7.42202091217041,0.07659466564655304,0.8081234097480774,crackle,129_1b1_Ar_sc_Meditron.wav,icbhi
310.46695085250485,502.61522949171444,0.14179930090904236,0.06664306670427322,0.005877501450116009,1094.0730719832848,18.368910607238686,210.11110381017983,0.39325055480003357,-392.69964599609375,126.95677185058594,67.5301742553711,40.13233184814453,32.517208099365234,28.5587158203125,23.85298728942871,17.208703994750977,12.617118835449219,12.231132507324219,13.246256828308105,12.72829818725586,10.232215881347656,0.2986050844192505,0.7094923257827759,crackle_and_wheeze,130_1p2_Al_mc_AKGC417L.wav,icbhi
201.80127154375765,502.55070943334334,0.07343794405460358,0.04200989753007889,0.00496098281612529,770.8488370210231,18.57757238960784,185.08062871592227,-5.393239498138428,-457.9139404296875,97.30438995361328,74.45568084716797,52.45317077636719,38.110870361328125,30.71323585510254,25.431133270263672,19.864646911621094,14.626140594482422,10.950937271118164,8.916679382324219,7.863525390625,7.111416339874268,0.153718039393425,0.7270892858505249,crackle_and_wheeze,130_1p2_Ar_mc_AKGC417L.wav,icbhi
535.379534058564,446.00736043548494,0.2023463100194931,0.08724400401115417,0.006833671693735499,1618.6749360864308,19.31905779102637,292.7716248549884,3.757322311401367,-313.23492431640625,105.74836730957031,49.07294464111328,40.490482330322266,30.348318099975586,28.21556854248047,23.85843276977539,17.596677780151367,15.929421424865723,16.34158706665039,12.597097396850586,13.490554809570312,8.390657424926758,0.42272162437438965,0.6969859600067139,crackle_and_wheeze,130_1p2_Ll_mc_AKGC417L.wav,icbhi
509.5010963379733,493.39166188402976,0.18092307448387146,0.06645437330007553,0.0068529310469837585,1544.2191442630806,18.589840080075877,367.2385372861079,2.798919916152954,-311.50653076171875,124.9107437133789,53.74723434448242,34.32906723022461,24.755794525146484,20.1412410736084,18.9239501953125,13.225005149841309,15.697659492492676,15.857100486755371,10.020246505737305,10.875275611877441,5.4091362953186035,0.3689686954021454,0.7069621086120605,crackle_and_wheeze,130_1p2_Lr_mc_AKGC417L.wav,icbhi
189.93956766008057,494.9054420279863,0.4385758936405182,0.1280718743801117,0.00378956097737819,768.6417828649355,18.41785432534157,176.38740982091068,5.8215556144714355,-333.9740295410156,133.36111450195312,82.88529205322266,47.29865264892578,32.138240814208984,25.51551628112793,19.98076820373535,15.606911659240723,12.837011337280273,11.274212837219238,10.448965072631836,9.762847900390625,8.544721603393555,0.7805963158607483,0.7745468616485596,crackle_and_wheeze,130_1p2_Pl_mc_AKGC417L.wav,icbhi
191.41773303119822,479.75943119151196,0.3289734423160553,0.10977396368980408,0.0028152642836426914,873.6067167809707,18.78770341215594,119.73160391893852,2.571045160293579,-385.11761474609375,97.01998138427734,72.46753692626953,53.44252014160156,42.0340461730957,34.00735855102539,27.658092498779297,22.825769424438477,19.108722686767578,16.02777671813965,13.450793266296387,11.255661964416504,9.242927551269531,0.6019279956817627,0.7791302800178528,crackle_and_wheeze,130_1p2_Pr_mc_AKGC417L.wav,icbhi
573.6880706454231,499.9357780689994,0.15350665152072906,0.09406047314405441,0.014447913645591648,1278.8981822495366,19.297984435744556,820.5349455300174,1.5321824550628662,-287.8487243652344,135.60641479492188,28.462364196777344,20.043787002563477,25.08924102783203,20.30406379699707,17.329669952392578,9.815465927124023,7.470529556274414,6.751454830169678,7.8011980056762695,14.913825988769531,14.179078102111816,0.3334731459617615,0.6743029356002808,crackle_and_wheeze,130_1p2_Tc_mc_AKGC417L.wav,icbhi
246.53438244595517,466.1226488458155,0.20291611552238464,0.08828047662973404,0.005179633120649652,947.1278727321289,18.724197012146973,165.29606157555105,2.125826120376587,-373.3315734863281,122.93086242675781,69.57202911376953,36.67900848388672,30.865415573120117,31.932390213012695,27.12590217590332,19.029747009277344,13.979570388793945,13.137250900268555,13.37015151977539,12.242671966552734,10.102334976196289,0.4244217574596405,0.7283700704574585,crackle_and_wheeze,130_1p3_Al_mc_AKGC417L.wav,icbhi
195.23358748752972,499.9329604085674,0.1193457543849945,0.06190302595496178,0.0046879531612529,734.6897942917567,18.781596105830165,184.830823575261,-1.4895479679107666,-395.64385986328125,98.5388412475586,71.36055755615234,46.93470764160156,33.61836624145508,28.610919952392578,24.367589950561523,18.334550857543945,12.940133094787598,10.537786483764648,10.419179916381836,10.624283790588379,9.992809295654297,0.24200867116451263,0.7408989071846008,crackle_and_wheeze,130_1p3_Ar_mc_AKGC417L.wav,icbhi
512.5814784962091,493.77741860676025,0.23114162683486938,0.11570733040571213,0.006764564602668214,1558.8448543444274,19.310574499984373,308.43440717444895,4.287943363189697,-309.11962890625,108.40501403808594,49.506046295166016,39.175148010253906,30.681921005249023,27.863832473754883,23.23284339904785,15.749070167541504,15.24133586883545,16.102323532104492,14.150317192077637,14.739678382873535,10.015365600585938,0.4543502926826477,0.7084612846374512,crackle_and_wheeze,130_1p3_Ll_mc_AKGC417L.wav,icbhi
505.11084301743085,424.41182291566605,0.1864684671163559,0.0609322190284729,0.01011909077726218,1359.3459365076928,18.328688157692785,576.62520618837,5.049846172332764,-271.52630615234375,160.63682556152344,49.40086364746094,18.597003936767578,13.993965148925781,17.649490356445312,16.719341278076172,12.951051712036133,10.484027862548828,10.737105369567871,9.05788803100586,12.202370643615723,4.744377613067627,0.41212764382362366,0.6980106234550476,wheeze,130_1p3_Lr_mc_AKGC417L.wav,icbhi
241.03457698009515,501.0944340927679,0.5188117027282715,0.1914181411266327,0.006260422708816706,742.8229980230429,18.587665610690685,284.60299675536544,8.303462028503418,-266.7180480957031,159.23031616210938,68.9012451171875,38.37067413330078,28.495248794555664,21.530527114868164,15.10053539276123,9.062345504760742,6.053107261657715,5.900297164916992,7.38002347946167,7.760124206542969,6.8786492347717285,0.8468328714370728,0.7220919728279114,wheeze,130_1p3_Pl_mc_AKGC417L.wav,icbhi
205.57577522834123,509.96728120247985,0.510139524936676,0.18347713351249695,0.0037453777552204177,725.4752182264496,18.63060030577418,240.6123114849188,6.07485818862915,-293.71331787109375,149.60299682617188,76.36297607421875,30.81578826904297,15.816394805908203,13.00373363494873,12.216665267944336,11.797871589660645,11.818321228027344,12.89028549194336,13.697938919067383,13.026752471923828,11.636731147766113,0.8145819902420044,0.7844518423080444,wheeze,130_1p3_Pr_mc_AKGC417L.wav,icbhi
667.6625597807348,556.294088367691,0.2230849713087082,0.11516211181879044,0.02213126268851508,1325.443256802641,19.59154275506113,940.1416468786252,5.6416754722595215,-242.85260009765625,143.29461669921875,10.744558334350586,25.956850051879883,22.953378677368164,20.39926528930664,15.35173225402832,9.392258644104004,8.080113410949707,10.140552520751953,13.281574249267578,22.481399536132812,14.118057250976562,0.49691200256347656,0.5587167739868164,wheeze,130_1p3_Tc_mc_AKGC417L.wav,icbhi
278.56153551964013,495.7936754602891,0.24862061440944672,0.09139472246170044,0.005365429234338747,983.2978491557283,18.757862202283576,219.92844583816705,5.085538864135742,-333.8619384765625,134.5320587158203,63.7083625793457,29.194217681884766,28.47425079345703,31.57396697998047,26.622785568237305,18.2631893157959,13.931889533996582,14.743329048156738,15.575398445129395,13.606955528259277,9.747517585754395,0.5142272710800171,0.715054452419281,wheeze,130_1p4_Al_mc_AKGC417L.wav,icbhi
198.2421299037832,490.16864866610524,0.12118258327245712,0.05801938846707344,0.004947387978538283,729.9618175747851,18.785543983320167,189.20241353683295,-1.4537315368652344,-407.1708679199219,112.0895004272461,71.65096282958984,40.52064514160156,30.27656364440918,30.177127838134766,25.999284744262695,17.15882110595703,11.662753105163574,12.48620319366455,14.51257038116455,12.916003227233887,8.821898460388184,0.24725493788719177,0.7406440377235413,wheeze,130_1p4_Ar_mc_AKGC417L.wav,icbhi
540.8227701965175,511.0090187650723,0.27195996046066284,0.12570761144161224,0.006334061412412993,1617.909018685453,19.44577622908885,389.92084405814967,4.663902759552002,-297.0488586425781,105.23709106445312,45.79326629638672,33.299015045166016,28.520925521850586,26.90896987915039,26.444602966308594,14.803435325622559,15.431464195251465,17.523378372192383,16.152996063232422,18.099166870117188,9.46530818939209,0.5197426676750183,0.7323872447013855,wheeze,130_1p4_Ll_mc_AKGC417L.wav,icbhi
443.00188006055464,490.4318611932729,0.5852391123771667,0.14353014528751373,0.006617287195475638,1390.2821587924257,18.829073122764164,360.36889591792345,12.37214183807373,-208.72259521484375,130.25144958496094,47.75750732421875,30.803735733032227,28.085721969604492,28.468700408935547,26.638092041015625,14.361176490783691,12.253301620483398,15.093010902404785,13.15241527557373,16.287372589111328,6.4079461097717285,0.9442941546440125,0.7158211469650269,wheeze,130_1p4_Lr_mc_AKGC417L.wav,icbhi
209.37392821269503,503.40191272893765,0.46826228499412537,0.14472359418869019,0.0037397132395591646,769.8527141388682,18.614224743558456,222.75124392763922,6.243340492248535,-306.2556457519531,144.69723510742188,79.20087432861328,38.78577423095703,24.639347076416016,20.380565643310547,14.395891189575195,8.774975776672363,7.980119705200195,11.664441108703613,14.211613655090332,12.797296524047852,9.890990257263184,0.8112446069717407,0.7709964513778687,wheeze,130_1p4_Pl_mc_AKGC417L.wav,icbhi
215.7062075599136,496.55585906326417,0.4949694871902466,0.16708014905452728,0.004359411252900232,727.0346577823002,18.671446632080485,274.41094701638633,5.525329113006592,-287.2415771484375,152.8417510986328,77.51189422607422,34.73418045043945,20.59604263305664,15.256780624389648,10.445185661315918,6.962515830993652,6.604973793029785,8.225010871887207,9.30167293548584,8.879883766174316,7.710986614227295,0.8270487189292908,0.7730587720870972,normal_respiratory,130_1p4_Pr_mc_AKGC417L.wav,icbhi
1540.5074493854097,530.0951272125831,0.07466495782136917,0.061182331293821335,0.06397050826566125,1917.1219506116904,20.082402029015842,2985.2463724441704,-3.8713881969451904,-243.90179443359375,104.19530487060547,-31.63581657409668,28.139610290527344,21.714752197265625,17.13916778564453,0.012828286737203598,0.5845242142677307,5.029849529266357,7.482151031494141,9.544255256652832,22.366472244262695,9.0006742477417,0.2046634703874588,0.5347272753715515,wheeze,130_1p4_Tc_mc_AKGC417L.wav,icbhi
293.4174077356942,500.43257957720954,0.18535399436950684,0.08574347198009491,0.00494059055974478,1088.8532242048302,18.50489159788889,181.00880492314386,1.2749239206314087,-375.523193359375,112.10846710205078,67.53921508789062,41.19965744018555,34.28309631347656,31.46047019958496,25.73314666748047,19.437763214111328,15.73352336883545,14.176329612731934,12.136977195739746,9.706113815307617,8.58246898651123,0.3754882216453552,0.7490156292915344,crackle,130_2b2_Al_mc_AKGC417L.wav,icbhi
305.924105301116,483.61097413073895,0.09741874784231186,0.030352449044585228,0.005739287267981438,1081.0581164652285,18.317371007727523,208.03772114269142,-1.6060236692428589,-421.2154235839844,139.09556579589844,54.62825393676758,31.1590633392334,30.137474060058594,35.68269729614258,30.203330993652344,20.396474838256836,15.398441314697266,14.716099739074707,12.5450439453125,9.408101081848145,6.966505527496338,0.2052403837442398,0.6962701082229614,crackle,130_2b2_Ar_mc_AKGC417L.wav,icbhi
696.7229747703599,496.47636229900024,0.08514415472745895,0.042172133922576904,0.008326838022041764,1851.6352699136007,18.52959149877446,782.9392718604988,-3.4546782970428467,-379.01483154296875,99.02928924560547,47.104217529296875,38.11288070678711,28.30619239807129,26.11513900756836,22.895998001098633,16.57541847229004,14.171314239501953,13.482186317443848,8.832268714904785,11.97737979888916,7.50172758102417,0.17778964340686798,0.7148046493530273,crackle,130_2b2_Ll_mc_AKGC417L.wav,icbhi
463.8115166116794,507.7456736419024,0.09811578691005707,0.052149608731269836,0.005795932424593968,1493.6676394961453,18.917202736729777,265.7177281213747,-3.830307960510254,-409.672119140625,106.19404602050781,55.77063751220703,35.817161560058594,28.83136558532715,27.27802276611328,25.685012817382812,17.613235473632812,16.40028190612793,14.233175277709961,10.73232650756836,11.863442420959473,9.45941162109375,0.20148558914661407,0.7374980449676514,crackle,130_2b2_Lr_mc_AKGC417L.wav,icbhi
317.6799687719935,484.70317110317274,0.24208545684814453,0.09005025029182434,0.004932660237819026,1156.4464436997907,18.41716042093845,203.84099477958236,3.9218533039093018,-346.8398742675781,124.39662170410156,72.63958740234375,54.782859802246094,38.49665451049805,28.018388748168945,21.012855529785156,14.866466522216797,12.303897857666016,9.94345474243164,7.63734769821167,7.587399005889893,6.138421058654785,0.4897683262825012,0.7491779923439026,crackle,130_2b2_Pl_mc_AKGC417L.wav,icbhi
244.90594846412387,497.10099581465903,0.21462924778461456,0.09166193008422852,0.003949300319025522,981.1501883292583,18.70035453702062,173.96429995649652,1.342115879058838,-373.3703918457031,101.00159454345703,78.84133911132812,56.19903564453125,39.02149963378906,27.82160186767578,20.759950637817383,16.403953552246094,13.697481155395508,11.676596641540527,9.894168853759766,8.38637638092041,7.114270210266113,0.4039169251918793,0.7760321497917175,crackle,130_2b2_Pr_mc_AKGC417L.wav,icbhi
345.7410654616221,509.20850991089276,0.0609116293489933,0.03735627606511116,0.004680022839327146,1032.2251680973,18.50512583071394,389.22138966429816,-7.220210075378418,-422.5362854003906,125.41790771484375,47.32804870605469,18.514324188232422,28.524728775024414,30.448474884033203,19.093355178833008,8.25465202331543,6.4720139503479,15.65922737121582,18.690919876098633,9.363526344299316,0.9063767194747925,0.1311456263065338,0.779570996761322,normal_respiratory,130_2b2_Tc_mc_AKGC417L.wav,icbhi
277.2476761559729,349.06246210649647,0.1818741112947464,0.07448416203260422,0.004878280887470997,1071.74684700922,18.497383301604327,165.12119797708817,1.5751571655273438,-369.9206848144531,116.16204833984375,66.96485137939453,38.40093994140625,33.63197326660156,32.98857879638672,26.80225944519043,18.829118728637695,14.82638931274414,13.958880424499512,11.91107177734375,8.562104225158691,7.359456539154053,0.3749677836894989,0.7402044534683228,crackle,130_2b3_Al_mc_AKGC417L.wav,icbhi
275.8028511462203,502.95555515483744,0.12681809067726135,0.04489567130804062,0.005486649869489559,981.659119271577,18.402050135238504,197.4459831786543,0.08495448529720306,-401.9951171875,136.30233764648438,57.44770431518555,26.3441162109375,31.701719284057617,38.4522819519043,32.27198791503906,20.21286964416504,14.76559066772461,14.389498710632324,13.129985809326172,10.317561149597168,7.763909816741943,0.2647413909435272,0.7032999396324158,crackle,130_2b3_Ar_mc_AKGC417L.wav,icbhi
608.518903545702,427.774611610194,0.054270222783088684,0.024930743500590324,0.007613109048723898,1736.316957637853,18.641822085408172,514.5236482199826,-6.693692207336426,-433.4462585449219,101.93273162841797,49.0584716796875,39.087608337402344,29.492151260375977,27.808368682861328,24.181804656982422,17.41923713684082,14.667535781860352,13.63819408416748,9.112420082092285,12.290671348571777,7.739079475402832,0.1153070330619812,0.7159656286239624,crackle,130_2b3_Ll_mc_AKGC417L.wav,icbhi
482.4394478185427,473.16080743161785,0.08657918125391006,0.041210468858480453,0.005962469185034803,1525.2968285706631,18.819316828149287,299.14165594185033,-4.2508225440979,-406.7104187011719,114.55616760253906,54.42668914794922,32.030029296875,25.110069274902344,24.674776077270508,25.164443969726562,16.702125549316406,16.4896240234375,14.058588027954102,9.665546417236328,10.363481521606445,8.208142280578613,0.17389923334121704,0.7339131236076355,crackle,130_2b3_Lr_mc_AKGC417L.wav,icbhi
296.83463538775743,490.5855457357566,0.11372838169336319,0.04372189939022064,0.005184164733178654,1091.2469736797457,18.339917017438655,211.9596618510731,-1.9478296041488647,-428.3138122558594,128.15538024902344,77.47819519042969,56.48005294799805,39.321617126464844,27.14160919189453,19.775907516479492,13.851465225219727,11.181803703308105,9.22810173034668,7.203708648681641,6.980442523956299,6.193734169006348,0.23675091564655304,0.7550356388092041,crackle,130_2b3_Pl_mc_AKGC417L.wav,icbhi
238.55921841572308,499.01509962720206,0.2175491750240326,0.08200703561306,0.004177013848607888,955.683606961933,18.613752088207413,178.0860847774072,2.1218669414520264,-363.6578369140625,99.16581726074219,79.07413482666016,56.99260330200195,38.98558044433594,27.390653610229492,20.59481430053711,16.67879295349121,14.030404090881348,12.014338493347168,10.233097076416016,8.725615501403809,7.356250286102295,0.41955798864364624,0.7705937623977661,crackle,130_2b3_Pr_mc_AKGC417L.wav,icbhi
415.84676689144914,405.67867834333396,0.03546693176031113,0.014491499401628971,0.006415630437935035,1100.4725610882153,18.898820905806268,636.5784399470708,-10.102554321289062,-463.4524230957031,149.5323028564453,25.600034713745117,16.76788330078125,30.84535789489746,25.331146240234375,19.560762405395508,10.110472679138184,0.6362888813018799,17.474382400512695,28.306203842163086,12.36409854888916,-4.4097113609313965,0.07675386220216751,0.7677831053733826,normal_respiratory,130_2b3_Tc_mc_AKGC417L.wav,icbhi
306.890542641926,491.4136806135045,0.17179791629314423,0.0756712406873703,0.004964381525522042,1114.4207939759194,18.47172557540139,182.75744090777263,1.1476141214370728,-372.4631042480469,120.36140441894531,63.3548469543457,35.71410369873047,32.41854476928711,32.39464569091797,26.87871742248535,18.522619247436523,14.40993881225586,14.278786659240723,12.697233200073242,9.212603569030762,7.138640880584717,0.34443050622940063,0.7473391890525818,crackle,130_2b4_Al_mc_AKGC417L.wav,icbhi
280.99234460736756,486.27573947319786,0.12480583041906357,0.04407810792326927,0.005231746664733179,998.7107811469052,18.41622711333015,199.8191320149362,-0.5662270784378052,-402.9718322753906,143.75181579589844,53.19841384887695,24.61762237548828,28.322450637817383,35.45035934448242,31.57105827331543,19.29485321044922,13.32869815826416,13.356487274169922,14.51606273651123,11.774264335632324,6.428810119628906,0.25816479325294495,0.7129689455032349,crackle,130_2b4_Ar_mc_AKGC417L.wav,icbhi
637.3046631971525,515.8966010427536,0.052139606326818466,0.024230768904089928,0.007342345200116009,1765.4544731066119,18.541595597834846,568.4815586028133,-7.262026309967041,-431.94757080078125,101.60012817382812,47.610633850097656,38.64130401611328,28.259864807128906,26.3391170501709,22.972139358520508,16.340776443481445,13.521007537841797,13.078620910644531,9.61214828491211,11.981067657470703,7.5844316482543945,0.10773327201604843,0.7269315123558044,crackle,130_2b4_Ll_mc_AKGC417L.wav,icbhi
454.91199335996157,502.11238014241866,0.0956934317946434,0.04603959619998932,0.005334840849767981,1476.6988256473342,18.87647092211609,246.95736205771462,-4.197068691253662,-411.07470703125,110.77916717529297,53.51012420654297,35.9380989074707,29.107616424560547,26.838176727294922,25.599384307861328,16.317392349243164,15.511935234069824,13.864771842956543,10.219082832336426,11.019399642944336,7.807683944702148,0.18987314403057098,0.740401029586792,crackle,130_2b4_Lr_mc_AKGC417L.wav,icbhi
304.58231612928967,478.9674291410734,0.10569196194410324,0.038183074444532394,0.004703813805104409,1124.468769849279,18.43392394110585,207.2133641785093,-2.5375475883483887,-430.6361999511719,128.5789337158203,75.25972747802734,55.64140319824219,37.39208984375,26.2012996673584,18.816444396972656,12.90923023223877,10.948543548583984,9.691739082336426,7.9121809005737305,7.881260395050049,6.415196418762207,0.2161165326833725,0.7494328022003174,crackle_and_wheeze,130_2b4_Pl_mc_AKGC417L.wav,icbhi
267.0328701615576,575.2909927556556,0.7904366254806519,0.17443528771400452,0.004567865429234339,868.468325541134,18.207905498654863,328.76854562427496,10.682117462158203,-248.39625549316406,158.04800415039062,61.1761360168457,35.57204818725586,23.990177154541016,20.921974182128906,18.922643661499023,16.803979873657227,13.37075424194336,11.578503608703613,10.46325969696045,9.159103393554688,7.257236480712891,0.9674841165542603,0.7929286956787109,crackle,130_2p3_Pl_mc_AKGC417L.wav,icbhi
282.07175051362066,532.356845748805,0.4737192690372467,0.22114183008670807,0.004770655089907192,916.7143777755775,18.52859876701106,296.8434486477668,7.31759786605835,-284.9763488769531,145.62576293945312,58.845123291015625,28.05396270751953,31.8343505859375,31.081134796142578,21.685148239135742,13.457551956176758,10.296320915222168,13.488027572631836,13.88087272644043,7.734335422515869,4.122535228729248,0.7687957286834717,0.7499545216560364,crackle_and_wheeze,130_2p5_Al_mc_AKGC417L.wav,icbhi
546.9970626259875,656.4116892148755,0.37930944561958313,0.2637559175491333,0.011012951348607889,1165.2859329661346,19.633999979343468,1035.991879350348,3.739873170852661,-272.4979248046875,127.33958435058594,25.317705154418945,33.23758316040039,32.181060791015625,7.087893009185791,15.414216995239258,15.936458587646484,2.205594539642334,19.05264663696289,32.91623306274414,13.263943672180176,-2.836639404296875,0.6152710318565369,0.7568767666816711,crackle,130_2p5_Ar_mc_AKGC417L.wav,icbhi
1076.3769177292247,1011.2845074062468,0.3588223457336426,0.2689304053783417,0.020240447360788862,1781.9366210052717,18.888081336243893,2164.9112710266822,4.577657222747803,-237.38946533203125,103.9462661743164,26.249181747436523,39.829708099365234,20.7034854888916,28.559789657592773,19.813810348510742,11.282600402832031,8.2074613571167,12.927512168884277,13.562708854675293,11.551687240600586,0.26482048630714417,0.5751203894615173,0.7159810662269592,crackle,130_2p5_Lr_mc_AKGC417L.wav,icbhi
268.1969296774611,546.6811320393499,0.3360164761543274,0.19961459934711456,0.004368474477958237,887.5933724340464,18.57381489456312,325.1713515987529,1.719014286994934,-343.1311950683594,111.72721862792969,70.61378479003906,43.48086166381836,29.002704620361328,19.245872497558594,15.85568618774414,16.4921875,14.65779972076416,11.960975646972656,11.685921669006348,11.489289283752441,9.266101837158203,0.5643865466117859,0.7803088426589966,crackle_and_wheeze,130_2p5_Pl_mc_AKGC417L.wav,icbhi
1374.0495917056255,569.56980342765,0.1055879145860672,0.045563749969005585,0.017371936629930394,2413.309814323156,18.90870165765262,3571.8388037449245,-1.1372607946395874,-266.9139709472656,82.21196746826172,25.29929542541504,39.86288070678711,13.358661651611328,22.23563003540039,15.421297073364258,9.03299617767334,9.43283462524414,15.06937026977539,5.930302619934082,11.346674919128418,2.927649974822998,0.20702259242534637,0.7566770911216736,crackle_and_wheeze,130_2p5_Pr_mc_AKGC417L.wav,icbhi
1627.5777160866492,611.0776480646958,0.06357596814632416,0.030858051031827927,0.017716339182134572,2674.3129722585354,18.940792389603505,4483.6025866444315,-5.835117816925049,-307.0417175292969,78.37797546386719,27.822999954223633,29.50434112548828,17.206954956054688,20.07569122314453,10.245779991149902,12.070713996887207,4.597807884216309,13.268901824951172,6.106472492218018,10.199100494384766,1.7084639072418213,0.11178728938102722,0.7273882031440735,crackle_and_wheeze,130_2p5_Tc_mc_AKGC417L.wav,icbhi
312.8625337707952,440.66985580018616,0.20049700140953064,0.08347554504871368,0.004457973825406032,1110.2036467639628,18.837126877220495,247.831680050029,-0.8125808835029602,-361.14031982421875,132.9187774658203,53.904518127441406,23.358617782592773,17.786296844482422,21.596261978149414,22.88534927368164,20.82421875,16.19200897216797,12.871411323547363,10.353961944580078,9.839344024658203,8.046002388000488,0.3747050166130066,0.7611323595046997,crackle,130_3b3_Ll_mc_AKGC417L.wav,icbhi
335.83292624301066,459.69643188085774,0.021259717643260956,0.011388177052140236,0.005886564675174014,1157.8011568836953,18.542081934392254,204.81523482816127,-13.702476501464844,-561.4441528320312,104.30416870117188,55.56293487548828,37.75143814086914,37.54456329345703,34.55537414550781,28.206619262695312,20.611282348632812,15.215023040771484,14.839193344116211,14.685209274291992,11.343603134155273,8.692523002624512,0.04417461156845093,0.7274124622344971,normal_respiratory,130_3b4_Al_mc_AKGC417L.wav,icbhi
1245.1290047717353,727.9708164186993,0.030480463057756424,0.09613770246505737,0.020260839617169374,2097.943934596819,18.61068532130383,3017.2963719910094,-15.532095909118652,-401.6240234375,38.3411750793457,25.89319610595703,20.665958404541016,19.605754852294922,17.648677825927734,14.871927261352539,11.73388671875,9.737228393554688,11.07525634765625,12.408352851867676,10.464459419250488,7.260895252227783,0.05355065315961838,0.7306557893753052,normal_respiratory,130_3b4_Ar_mc_AKGC417L.wav,icbhi
1196.2013776043748,670.7841772864982,0.01292825024574995,0.005143847316503525,0.016685397331786544,2281.269469761562,18.07460852665034,2604.0437277950987,-13.895894050598145,-478.9518127441406,91.00920867919922,33.744197845458984,34.58551788330078,20.610902786254883,28.26634407043457,18.87074851989746,20.636211395263672,8.135324478149414,14.00564956665039,8.918070793151855,13.533361434936523,5.98961067199707,0.030355775728821754,0.7031115889549255,crackle,130_3b4_Lr_mc_AKGC417L.wav,icbhi
254.812702527133,494.2564025624733,0.0969330221414566,0.050338566303253174,0.0038937880655452437,1013.9144154314324,18.584995919624742,154.90416772404294,-5.098500728607178,-448.8037414550781,94.4190444946289,69.46040344238281,46.0558967590332,32.18068313598633,26.811920166015625,24.844131469726562,22.72112274169922,19.57758331298828,15.951854705810547,12.5836763381958,9.916731834411621,8.000175476074219,0.18111839890480042,0.7756900191307068,crackle,130_3b4_Pl_mc_AKGC417L.wav,icbhi
385.0445014052636,478.5204871311164,0.05454077944159508,0.02254151925444603,0.004476100275522042,1318.2650367619103,19.0539751091261,200.5185864087877,-9.341782569885254,-482.9396667480469,111.24627685546875,46.51869583129883,38.24676513671875,29.57696533203125,26.77815055847168,21.25636100769043,17.560693740844727,15.69459056854248,16.00751304626465,14.878744125366211,13.18366813659668,10.548051834106445,0.10655605047941208,0.7441806793212891,crackle,130_3b4_Pr_mc_AKGC417L.wav,icbhi
1161.1553382009392,547.7326373041504,0.19141016900539398,0.10712789744138718,0.01783642691415313,2108.1373413968763,19.34014461762426,2815.703623477378,4.669634819030762,-215.27500915527344,91.9407958984375,13.148786544799805,41.39658737182617,13.282610893249512,22.76538848876953,28.91402816772461,15.024764060974121,-0.716633141040802,17.351886749267578,12.135773658752441,11.99593734741211,8.74032974243164,0.3881452977657318,0.7156604528427124,crackle,130_3p2_Al_mc_AKGC417L.wav,icbhi
493.6886461060991,636.1146439513087,0.15557344257831573,0.12998518347740173,0.007527008410672854,1160.3746355387289,19.122200156168667,846.8144463275812,-2.4080417156219482,-339.23931884765625,94.63054656982422,45.39765930175781,31.11724281311035,28.39301109313965,19.71084976196289,16.82062530517578,14.20468807220459,5.014110088348389,5.502249717712402,17.015840530395508,18.83367919921875,11.294235229492188,0.29775306582450867,0.7692385911941528,crackle,130_3p2_Ar_mc_AKGC417L.wav,icbhi
232.21520209144578,499.95696890396675,0.3041743338108063,0.15533091127872467,0.003209514573665893,959.6945287031665,18.75500486498779,137.2929053074246,0.9770435690879822,-361.0290832519531,98.03269958496094,70.21817779541016,45.01251220703125,30.017337799072266,23.466604232788086,20.503543853759766,18.70985984802246,17.11236000061035,15.316108703613281,13.358867645263672,11.665582656860352,10.316949844360352,0.5247766375541687,0.7955889701843262,crackle,130_3p2_Pl_mc_AKGC417L.wav,icbhi
714.010328622359,481.1036984558531,0.15855689346790314,0.027005745097994804,0.007830626450116009,1849.53112420342,19.62020640798539,667.4543553328016,2.1010682582855225,-299.8199462890625,99.27552032470703,40.90329360961914,44.92532730102539,25.3787899017334,27.28045654296875,19.412336349487305,15.55424976348877,10.734057426452637,14.605299949645996,7.897054195404053,12.880658149719238,8.28679084777832,0.3277025818824768,0.5921180248260498,crackle,130_3p2_Pr_mc_AKGC417L.wav,icbhi
1535.7927955721832,596.0159452269025,0.010418654419481754,0.0051964158192276955,0.01302725311774942,2661.4082566392944,18.94177858502994,4283.3338053763055,-21.17316246032715,-508.2281494140625,75.68596649169922,33.61215591430664,29.288787841796875,17.16266632080078,20.551166534423828,9.034834861755371,12.902506828308105,3.3291518688201904,11.678457260131836,4.456356525421143,10.398150444030762,4.876846790313721,0.017622971907258034,0.7736738324165344,crackle,130_3p2_Tc_mc_AKGC417L.wav,icbhi
1121.919320791603,549.5218570438128,0.2036093920469284,0.07509610056877136,0.015832321273201857,2077.744159995369,19.442806958505454,2692.9243968423725,4.748048782348633,-215.31845092773438,88.3658676147461,10.28271484375,40.531288146972656,11.92020034790039,27.6599178314209,28.254615783691406,13.576641082763672,-0.2816832363605499,18.496004104614258,17.032258987426758,11.44864559173584,9.756631851196289,0.4170081913471222,0.7322182655334473,crackle_and_wheeze,130_3p3_Al_mc_AKGC417L.wav,icbhi
258.9005666065473,506.5235030458613,0.28757694363594055,0.1748729795217514,0.003334133918213457,1013.3415634421134,18.83217356581471,156.87762833526682,0.5715925097465515,-363.84344482421875,103.81500244140625,70.56822967529297,42.63252258300781,28.045175552368164,22.713083267211914,20.438365936279297,18.838422775268555,17.045589447021484,14.938942909240723,12.614788055419922,10.592823028564453,9.03121566772461,0.49041709303855896,0.7893140316009521,crackle_and_wheeze,130_3p3_Pl_mc_AKGC417L.wav,icbhi
604.0085776330167,482.4780023041333,0.18098317086696625,0.05392990633845329,0.006958291038283063,1705.1643775849195,19.280394087135605,402.86075034440256,2.645402669906616,-306.2297668457031,102.59336853027344,43.736385345458984,42.63849639892578,28.954153060913086,27.29094123840332,19.420026779174805,17.7335147857666,12.456399917602539,13.98869800567627,11.266729354858398,12.383042335510254,8.158257484436035,0.3765493929386139,0.6136096715927124,crackle_and_wheeze,130_3p3_Pr_mc_AKGC417L.wav,icbhi
1467.5653582415748,608.8115863176781,0.011050179600715637,0.004678694996982813,0.014779854263341068,2610.219772474073,19.04533890693708,4063.0056713130803,-21.00521469116211,-508.5677795410156,76.44442749023438,33.91413116455078,28.851505279541016,16.679603576660156,21.864906311035156,8.661151885986328,13.607722282409668,3.5734200477600098,11.713311195373535,5.176917552947998,10.829230308532715,4.183680534362793,0.018638120964169502,0.7718405723571777,crackle_and_wheeze,130_3p3_Tc_mc_AKGC417L.wav,icbhi
1331.372429689959,579.986273210302,0.19377435743808746,0.08150135725736618,0.021083327291183295,2229.4462391819666,19.63771221584359,3456.129062590632,4.570254802703857,-206.01019287109375,80.80829620361328,12.784655570983887,43.1584358215332,4.102882385253906,29.594741821289062,28.911048889160156,10.648405075073242,0.6524583697319031,18.33031463623047,12.523956298828125,14.457566261291504,9.4507417678833,0.40610215067863464,0.7206503748893738,crackle_and_wheeze,130_3p4_Al_mc_AKGC417L.wav,icbhi
261.01137932304715,504.4072117648409,0.259514719247818,0.1406540423631668,0.0030928255510440836,1035.8100351968922,18.84998421038195,149.40845462949537,0.22297416627407074,-364.5862731933594,94.87812042236328,68.41848754882812,44.6671257019043,30.44419288635254,23.892942428588867,20.48643684387207,18.38759994506836,16.78094482421875,15.183379173278809,13.249113082885742,11.349605560302734,9.747002601623535,0.4519472122192383,0.7859028577804565,crackle_and_wheeze,130_3p4_Pl_mc_AKGC417L.wav,icbhi
631.7432070070853,475.6228596654841,0.1708269566297531,0.038810476660728455,0.007270972302784223,1745.6220034476053,19.326623180726706,464.562620087732,2.440166711807251,-305.3307800292969,102.38313293457031,43.431583404541016,43.410091400146484,26.88575553894043,25.282623291015625,16.770845413208008,17.252920150756836,11.405014038085938,15.140946388244629,12.491006851196289,14.094021797180176,8.504986763000488,0.35745593905448914,0.6023046970367432,crackle_and_wheeze,130_3p4_Pr_mc_AKGC417L.wav,icbhi
1517.2458589706891,597.1452522934774,0.011412551626563072,0.005140199791640043,0.015705436122389792,2670.9859573861013,19.100799776026598,4325.725737746519,-20.877666473388672,-506.9630126953125,74.12837219238281,35.86703872680664,27.302276611328125,16.157737731933594,21.070087432861328,7.262125492095947,13.539290428161621,3.7826004028320312,13.081850051879883,6.5965895652771,11.934332847595215,4.831080913543701,0.019319871440529823,0.7723734974861145,crackle_and_wheeze,130_3p4_Tc_mc_AKGC417L.wav,icbhi
76.3347155249968,87.3203247457104,0.15168800950050354,0.09728309512138367,0.0012722502175174014,387.39021403672797,19.314553342997204,94.80105088094548,-8.27945613861084,-440.2787780761719,79.47937774658203,57.59849166870117,39.10723114013672,29.94270133972168,26.304706573486328,22.091529846191406,17.086191177368164,14.329155921936035,14.184517860412598,13.606204986572266,10.942362785339355,7.973310470581055,0.2415042668581009,0.8080467581748962,wheeze,131_1b1_Al_sc_Meditron.wav,icbhi
99.16383773460268,64.24452826999647,0.0564078651368618,0.05781430006027222,0.0013322940835266822,546.1623973699086,18.955666418388596,78.98838547708817,-13.854595184326172,-459.3946533203125,45.836273193359375,39.625587463378906,32.44562911987305,26.574047088623047,22.912508010864258,20.947877883911133,19.53329086303711,17.84747886657715,15.818851470947266,13.904102325439453,12.433525085449219,11.405685424804688,0.09271272271871567,0.8216727375984192,crackle,132_2b1_Lr_mc_LittC2SE.wav,icbhi
77.58432704728354,46.18252799631215,0.06721943616867065,0.04391883686184883,0.0013368256960556845,482.04633491060486,19.188871744792287,60.103116843097446,-14.633858680725098,-490.5379943847656,51.028202056884766,42.8094367980957,33.99032211303711,27.483806610107422,23.94029426574707,22.16523551940918,20.61717987060547,18.690567016601562,16.696168899536133,15.161073684692383,14.195759773254395,13.519804954528809,0.10566796362400055,0.7939020991325378,crackle,132_2b2_Lr_mc_LittC2SE.wav,icbhi
414.8067092770674,502.9647877918441,0.4598601162433624,0.1393236517906189,0.004945122172273782,1338.5702241307818,18.602087014649467,277.70837487311485,7.904514789581299,-248.80093383789062,127.03182983398438,46.951927185058594,36.18653106689453,28.435537338256836,29.644445419311523,20.10063362121582,16.86941909790039,11.630960464477539,12.144205093383789,9.071595191955566,8.904787063598633,4.587745666503906,0.806697428226471,0.7711901068687439,crackle,133_2p2_Al_mc_AKGC417L.wav,icbhi
355.8432540996351,490.0509857565288,0.22193412482738495,0.08639414608478546,0.004624510585846868,1226.511524886044,18.69851725751395,227.4725610861369,1.143983244895935,-339.4366149902344,124.72960662841797,51.2266731262207,32.58359146118164,31.161033630371094,27.83366584777832,20.918500900268555,14.863992691040039,12.779088020324707,12.43037223815918,11.69086742401123,8.646636962890625,5.444391250610352,0.4114740192890167,0.7853862047195435,normal_respiratory,133_2p2_Ar_mc_AKGC417L.wav,icbhi
520.2430997020804,501.1998547666129,0.35612952709198,0.10318958759307861,0.006362383990719258,1550.4959494457705,18.306347008971635,337.5117255474188,7.874532222747803,-246.8367919921875,113.38228607177734,53.97295379638672,49.124664306640625,31.61417007446289,27.40134048461914,16.8951358795166,17.039756774902344,9.98378849029541,10.40218448638916,6.361774444580078,8.632213592529297,4.39544677734375,0.6934601068496704,0.7278512716293335,crackle,133_2p2_Pl_mc_AKGC417L.wav,icbhi
264.8410219211798,491.07635938301746,0.11309747397899628,0.044633690267801285,0.006769096215197216,713.2467210981167,19.316583918154738,375.9567366951856,-5.817383766174316,-388.27813720703125,167.68768310546875,63.733516693115234,15.011242866516113,17.988868713378906,20.58928680419922,11.983429908752441,7.331315040588379,7.437339782714844,7.783487319946289,5.713000297546387,-2.503610849380493,-10.10342025756836,0.2213960587978363,0.6528895497322083,crackle,133_2p2_Tc_mc_AKGC417L.wav,icbhi
426.59132276004425,495.95574204766075,0.454047292470932,0.15650682151317596,0.004779718314965197,1358.6582816755351,18.569395381587505,287.90042461209396,7.652105808258057,-248.4536895751953,126.21220397949219,45.813995361328125,38.02543640136719,29.502769470214844,26.505369186401367,17.285449981689453,17.91040802001953,13.037181854248047,11.674661636352539,8.525850296020508,8.360269546508789,5.077467918395996,0.7891262769699097,0.776705265045166,normal_respiratory,133_2p3_Al_mc_AKGC417L.wav,icbhi
330.95330965196916,467.3245032587549,0.24610793590545654,0.09166119992733002,0.0039039841937354987,1183.3608557361952,18.801602220233658,197.02131443953016,1.5448037385940552,-335.3771667480469,118.0048599243164,52.0257568359375,34.263648986816406,35.080753326416016,27.153690338134766,19.604536056518555,16.449504852294922,13.155232429504395,11.654129028320312,12.295621871948242,9.666545867919922,6.105381488800049,0.46088582277297974,0.7844940423965454,normal_respiratory,133_2p3_Ar_mc_AKGC417L.wav,icbhi
512.0043973933493,494.92412026765066,0.37019434571266174,0.13761943578720093,0.00689371555974478,1535.8426762405272,18.315951315742776,320.1502682714617,7.895998954772949,-247.28970336914062,114.1300048828125,53.7679557800293,48.94444274902344,31.582239151000977,26.4600772857666,16.260366439819336,16.947195053100586,10.466198921203613,10.28783893585205,6.578711986541748,9.185003280639648,5.327657222747803,0.7036094665527344,0.7348692417144775,crackle,133_2p3_Pl_mc_AKGC417L.wav,icbhi
871.414558298696,492.2368428994677,0.12683789432048798,0.039309535175561905,0.011224804234338748,2030.7548944749847,18.145470379549078,1319.3958114305394,1.4853893518447876,-282.4058837890625,102.54238891601562,43.290409088134766,43.15549850463867,26.22127342224121,23.556547164916992,13.400056838989258,15.621614456176758,8.434652328491211,9.696490287780762,4.644984245300293,8.155564308166504,2.996459484100342,0.26036351919174194,0.7272424101829529,crackle,133_2p3_Pr_mc_AKGC417L.wav,icbhi
243.13509272503538,501.49591872124614,0.12114664167165756,0.04959015175700188,0.005573883410672854,718.0027042083776,19.66269304631263,326.82006552711715,-6.5348663330078125,-399.794189453125,154.9212188720703,69.77515411376953,25.621910095214844,21.991315841674805,19.333757400512695,8.933480262756348,3.458773612976074,5.164037227630615,9.157930374145508,7.951958179473877,-2.1357195377349854,-9.332921028137207,0.22942481935024261,0.68467116355896,crackle,133_2p3_Tc_mc_AKGC417L.wav,icbhi
418.26137494046725,499.38644822636496,0.45671403408050537,0.1413453370332718,0.005394884715777262,1322.0344025669467,18.598515113084044,306.6857711898202,8.371149063110352,-240.5467529296875,132.58216857910156,43.511390686035156,33.21187210083008,29.286483764648438,29.766958236694336,18.066802978515625,15.848761558532715,11.911384582519531,12.782514572143555,9.133739471435547,8.38275146484375,4.886836051940918,0.8099468350410461,0.7612367272377014,wheeze,133_2p4_Al_mc_AKGC417L.wav,icbhi
325.7786251811571,485.5434835894139,0.2572014033794403,0.09282366931438446,0.0044035944750580045,1143.0640761602488,18.74670671563055,215.28207022186774,2.2322731018066406,-328.87109375,131.11163330078125,47.314720153808594,30.401357650756836,34.160579681396484,30.529590606689453,20.318185806274414,12.990558624267578,11.241666793823242,12.36424446105957,12.994735717773438,9.295882225036621,5.167455673217773,0.4844384789466858,0.790505051612854,crackle,133_2p4_Ar_mc_AKGC417L.wav,icbhi
487.55991961072795,489.8867764679996,0.3903266489505768,0.11672849208116531,0.005879767256380511,1492.4690829364145,18.29172579403791,312.5312114812935,8.277239799499512,-244.07949829101562,116.93492889404297,54.96623992919922,49.58135223388672,31.544015884399414,26.726839065551758,16.110658645629883,16.65375328063965,9.84517765045166,9.940726280212402,5.7216339111328125,8.95102310180664,4.707287788391113,0.7487042546272278,0.7378720641136169,crackle,133_2p4_Pl_mc_AKGC417L.wav,icbhi
814.8422420196025,496.7669339197052,0.1379666030406952,0.04300284385681152,0.010616435252320186,1958.7733739182202,18.108877085789246,1070.9396185288574,2.265564441680908,-279.34979248046875,105.94915771484375,45.91992950439453,44.35272979736328,26.893375396728516,24.212730407714844,13.802238464355469,14.991721153259277,7.8814520835876465,9.32850456237793,4.348419666290283,7.977687835693359,3.1441490650177,0.2851482033729553,0.7023844122886658,crackle,133_2p4_Pr_mc_AKGC417L.wav,icbhi
270.6075506934708,495.66659882298745,0.11028661578893661,0.04141835495829582,0.007451103900812065,722.9196906979038,19.384201738092575,369.76156920678653,-5.7942304611206055,-390.93719482421875,175.9686279296875,62.53836441040039,15.958503723144531,21.381244659423828,19.110179901123047,8.502217292785645,6.2535810470581055,5.338836669921875,4.7079291343688965,5.854165554046631,-0.796821653842926,-9.20460319519043,0.21839068830013275,0.6604282259941101,crackle_and_wheeze,133_2p4_Tc_mc_AKGC417L.wav,icbhi
422.5209496101493,493.76615113598336,0.4119482636451721,0.11817803233861923,0.005356366009280742,1350.5460222230563,18.609747184885702,291.8723263486079,8.158726692199707,-248.2920684814453,128.369873046875,44.083988189697266,32.06144332885742,27.50006866455078,31.938405990600586,22.110294342041016,17.245254516601562,11.27730655670166,12.676240921020508,9.789630889892578,10.08574104309082,7.2172770500183105,0.7776374816894531,0.7593344449996948,wheeze,133_3p2_Al_mc_AKGC417L.wav,icbhi
336.95596171627056,487.158638677736,0.22151996195316315,0.06568840146064758,0.005074273129350348,1169.8464383156365,18.780349013381624,211.80977876667635,2.2799770832061768,-334.75848388671875,127.5814208984375,45.00968933105469,27.653358459472656,32.11954116821289,33.7413330078125,25.30315399169922,17.2550106048584,14.05538272857666,13.262079238891602,12.704448699951172,8.366676330566406,7.346138000488281,0.437400221824646,0.7543677091598511,wheeze,133_3p2_Ar_mc_AKGC417L.wav,icbhi
526.0996940063729,503.03624472983296,0.1629270762205124,0.06863462179899216,0.006008918213457077,1569.7188307107567,18.56104922873417,355.3977736187645,0.87882399559021,-333.4943542480469,108.1607666015625,50.03628921508789,48.25962829589844,33.447078704833984,26.30987548828125,17.91884994506836,18.098508834838867,10.739531517028809,9.579362869262695,8.4036283493042,9.57653522491455,4.388980388641357,0.30721235275268555,0.7396329641342163,crackle_and_wheeze,133_3p2_Pl_mc_AKGC417L.wav,icbhi
784.2883330456054,500.95788997615756,0.15375351905822754,0.056818097829818726,0.00941555793213457,1912.6682641792356,18.49425785028135,1003.092542325261,2.394501209259033,-276.16925048828125,105.78668975830078,43.60823440551758,45.42924880981445,28.86764907836914,23.338651657104492,13.985088348388672,15.749174118041992,7.196523189544678,7.3705973625183105,5.235967636108398,8.490629196166992,2.2393405437469482,0.31162241101264954,0.6689379215240479,crackle_and_wheeze,133_3p2_Pr_mc_AKGC417L.wav,icbhi
235.6405770511241,453.9167340664428,0.102010078728199,0.04286850616335869,0.005948874347447796,673.5660855154542,19.44336670112659,347.3040870613399,-5.613783836364746,-406.9280090332031,171.4077911376953,79.59716033935547,23.56423568725586,15.37510871887207,16.649946212768555,8.426153182983398,0.9893838763237,2.1107587814331055,6.914469242095947,7.807046413421631,2.8519155979156494,-1.7452068328857422,0.19891849160194397,0.7213276624679565,wheeze,133_3p4_Tc_mc_AKGC417L.wav,icbhi
139.59572311301153,83.52621929986167,0.07645372301340103,0.028574330732226372,0.0015067611658932715,781.6164300171894,18.81278848069357,64.17494063587587,-12.685285568237305,-530.8307495117188,72.0693130493164,60.847068786621094,49.66883850097656,40.29410934448242,32.6859245300293,26.29695701599121,21.405963897705078,17.551067352294922,14.263870239257812,11.669817924499512,10.097453117370605,9.071657180786133,0.12390300631523132,0.8027893304824829,normal_respiratory,134_2b1_Al_mc_LittC2SE.wav,icbhi
132.18310223284922,86.16556212735499,0.10147000849246979,0.04249144718050957,0.0015690708381670534,743.9851902129986,19.029272609885883,74.966522712442,-10.139896392822266,-483.10833740234375,72.88604736328125,62.37651062011719,49.7503547668457,37.85545349121094,28.497970581054688,22.135541915893555,18.160594940185547,15.593525886535645,13.579039573669434,11.741799354553223,10.057619094848633,8.655168533325195,0.16562771797180176,0.7876744270324707,normal_respiratory,134_2b1_Ar_mc_LittC2SE.wav,icbhi
132.03087264505052,88.77366130742794,0.13095934689044952,0.04651624336838722,0.0014739069750580047,760.834793330723,19.018778284934992,60.40288301189095,-9.336517333984375,-486.9432373046875,72.9902114868164,61.00959777832031,49.079708099365234,39.395084381103516,32.172523498535156,26.322999954223633,21.584226608276367,17.628414154052734,14.331713676452637,11.774301528930664,10.165077209472656,9.1146240234375,0.21472927927970886,0.7967333793640137,normal_respiratory,134_2b2_Al_mc_LittC2SE.wav,icbhi
96.40732632838076,67.70384819088775,0.1557413935661316,0.06054699420928955,0.0014093314965197216,617.4739563104824,19.095292218683745,51.63472257468097,-8.699475288391113,-479.1795654296875,73.78058624267578,63.996639251708984,51.493255615234375,39.370784759521484,29.77953338623047,23.30059242248535,19.318906784057617,16.7768497467041,14.768691062927246,12.873391151428223,11.0736083984375,9.553542137145996,0.24971507489681244,0.7880038619041443,normal_respiratory,134_2b2_Ar_mc_LittC2SE.wav,icbhi
100.67923661791755,84.30358222659125,0.152603417634964,0.05486828833818436,0.0014138631090487238,623.8517442574436,19.031213510265705,59.853311702436194,-8.541265487670898,-473.7425231933594,72.79716491699219,62.754154205322266,50.63797378540039,38.76393508911133,29.48259925842285,23.117626190185547,19.213598251342773,16.683910369873047,14.803325653076172,13.05693531036377,11.42922306060791,9.965643882751465,0.24970394372940063,0.7955533862113953,wheeze,134_2b3_Ar_mc_LittC2SE.wav,icbhi
105.27507323528928,91.88843055264842,0.18100605905056,0.07874748855829239,0.0021321236948955917,581.4125005299164,19.04113348267176,98.7729526174594,-4.48788595199585,-442.1853332519531,82.36418151855469,70.10731506347656,55.259986877441406,40.90080261230469,30.135400772094727,23.298603057861328,19.41460418701172,16.801239013671875,14.42579174041748,12.089642524719238,10.160764694213867,8.884529113769531,0.3059263229370117,0.7739487290382385,normal_respiratory,135_2b1_Al_mc_LittC2SE.wav,icbhi
109.23396545384405,100.09471550883303,0.29150477051734924,0.15282294154167175,0.001448983106148492,604.3758896807002,19.098463061129852,96.02509607018561,-2.2460901737213135,-382.58367919921875,83.29642486572266,66.27287292480469,47.1896858215332,31.74319839477539,22.933067321777344,19.34004020690918,18.000654220581055,16.405221939086914,14.09216594696045,11.94843864440918,11.01057243347168,11.152178764343262,0.46123647689819336,0.8075201511383057,normal_respiratory,135_2b1_Ar_mc_LittC2SE.wav,icbhi
198.89258564794514,61.569093255272044,0.06742145866155624,0.02365126647055149,0.004561068010440835,799.0770548757771,18.38041998384778,175.6379943989269,-6.219839096069336,-476.3779296875,126.20990753173828,85.87896728515625,51.03163528442383,32.04347610473633,23.912761688232422,19.82522964477539,16.66478729248047,13.427142143249512,9.861137390136719,6.9207987785339355,5.20796537399292,4.536283016204834,0.14603550732135773,0.7275477647781372,crackle,135_2b1_Pl_mc_LittC2SE.wav,icbhi
238.76877958442654,102.96290855764995,0.09123063832521439,0.04234549030661583,0.004310696418213457,828.5397040026666,18.98138354865356,333.26503815617747,-7.0148234367370605,-421.2789001464844,140.9936065673828,76.39376068115234,25.33074378967285,6.766176700592041,6.626272201538086,7.317136764526367,6.99306058883667,9.788214683532715,13.9054594039917,14.855045318603516,12.302340507507324,8.81430435180664,0.16176679730415344,0.7620717287063599,normal_respiratory,135_2b1_Tc_mc_LittC2SE.wav,icbhi
126.44585836143719,83.05843497962717,0.13526399433612823,0.06652753055095673,0.0019599224187935036,684.3778637517759,19.006202666678043,92.70268769939095,-6.5916666984558105,-450.80279541015625,72.55184936523438,62.24681854248047,50.54557418823242,39.15328598022461,30.3734130859375,24.328706741333008,20.41836929321289,17.55080223083496,14.995443344116211,12.626297950744629,10.754545211791992,9.565967559814453,0.23041480779647827,0.7854523658752441,normal_respiratory,135_2b2_Al_mc_LittC2SE.wav,icbhi
129.56766891847033,82.4919174525372,0.15155631303787231,0.055529069155454636,0.001519223100348028,731.9920710063863,19.232175569234823,72.06878308077147,-7.717754364013672,-471.04205322265625,89.1311264038086,65.62230682373047,43.7942008972168,29.6500301361084,24.109376907348633,22.649658203125,21.630855560302734,19.438886642456055,16.758378982543945,14.085445404052734,12.17192268371582,11.669047355651855,0.24915021657943726,0.810266375541687,normal_respiratory,135_2b2_Ar_mc_LittC2SE.wav,icbhi
244.313752356284,94.3857005214635,0.05861922353506088,0.03917764127254486,0.0045112202726218095,922.5827659589113,18.56001811420834,197.89563243184455,-8.082050323486328,-466.27581787109375,115.24333953857422,79.981201171875,46.918827056884766,27.95652198791504,20.83196258544922,18.212602615356445,15.50356674194336,12.021958351135254,8.668400764465332,6.212841987609863,4.969335079193115,4.688619613647461,0.12473876029253006,0.751316487789154,normal_respiratory,135_2b2_Pl_mc_LittC2SE.wav,icbhi
240.49606050238725,110.22065354728694,0.08023432642221451,0.04094242304563522,0.0028254604118329468,944.1175099751431,18.973632715053757,220.02836789443157,-9.436809539794922,-462.1622619628906,122.3703384399414,67.3625259399414,28.338855743408203,16.282560348510742,15.368926048278809,13.443400382995605,11.807929039001465,12.60288143157959,13.977132797241211,14.068011283874512,13.025712013244629,10.835466384887695,0.13935373723506927,0.7933736443519592,normal_respiratory,135_2b2_Tc_mc_LittC2SE.wav,icbhi
106.95317484193883,72.97482179422914,0.1774388700723648,0.08000059425830841,0.0018228411397911834,593.9738230245739,19.02246332906104,94.77607036687935,-4.5898590087890625,-437.410888671875,84.53699493408203,71.30518341064453,55.370323181152344,40.105857849121094,28.72556495666504,21.679895401000977,17.886760711669922,15.469869613647461,13.423754692077637,11.381793022155762,9.548810005187988,8.307942390441895,0.30078211426734924,0.7779248356819153,normal_respiratory,135_2b3_Al_mc_LittC2SE.wav,icbhi
136.73203301557737,103.42367528606312,0.15833885967731476,0.059638623148202896,0.001494299231438515,705.3218568342451,19.07177166869798,103.94391902914734,-6.183957576751709,-445.6400146484375,103.44159698486328,74.36805725097656,45.298458099365234,26.31696128845215,18.903478622436523,17.950654983520508,17.765195846557617,15.87771224975586,13.190418243408203,11.02470874786377,10.222394943237305,10.888907432556152,0.2604682147502899,0.7998186349868774,normal_respiratory,135_2b3_Ar_mc_LittC2SE.wav,icbhi
231.6174216288506,91.32570908870629,0.0546891912817955,0.02332957088947296,0.005001767328886311,889.3331755009714,18.903139659946703,210.0861232961137,-9.274515151977539,-492.8782653808594,133.69515991210938,83.95999145507812,48.261356353759766,30.861520767211914,20.445615768432617,14.32154655456543,12.137393951416016,10.376078605651855,7.431126117706299,4.6005706787109375,3.104945659637451,3.1142220497131348,0.10890325158834457,0.7212197184562683,normal_respiratory,135_2b3_Pl_mc_LittC2SE.wav,icbhi
77.85349021427398,94.2797857937009,0.1799653023481369,0.08124648034572601,0.001148763776102088,478.6746691367811,19.067879996228246,74.8666006561775,-7.4271063804626465,-455.88482666015625,75.97351837158203,65.67243957519531,53.47340774536133,41.28032684326172,31.183429718017578,23.536176681518555,18.043926239013672,13.960558891296387,11.077762603759766,9.232490539550781,8.25308609008789,7.645349025726318,0.27112627029418945,0.8075694441795349,normal_respiratory,135_2b3_Pr_mc_LittC2SE.wav,icbhi
244.7274390107621,101.43969139456682,0.08658581227064133,0.033793855458498,0.004001413863109048,860.3935279171474,18.94256854108753,322.5234171077436,-7.570601940155029,-434.89300537109375,147.49119567871094,73.8244857788086,22.082082748413086,8.179241180419922,9.47819709777832,8.17679500579834,6.8176188468933105,9.76058578491211,13.718695640563965,14.563919067382812,12.731209754943848,9.65121078491211,0.15434221923351288,0.7620943188667297,normal_respiratory,135_2b3_Tc_mc_LittC2SE.wav,icbhi
74.73486760926673,84.35946788437123,0.1815708428621292,0.09240961074829102,0.0016279818010440836,419.99964098725536,18.912673072349207,76.98994435179814,-4.726108074188232,-423.79510498046875,71.31948852539062,63.55553436279297,54.21554183959961,44.69377899169922,35.576820373535156,27.18355369567871,20.04686164855957,14.65307903289795,10.872087478637695,8.255348205566406,6.4821577072143555,5.501431941986084,0.3296741843223572,0.8084946870803833,normal_respiratory,136_1b1_Ar_sc_Meditron.wav,icbhi
73.76192062778439,71.57281992897508,0.11507561802864075,0.0390174500644207,0.001956523709396752,432.6597077907695,19.31758589327289,69.19602396316705,-8.644511222839355,-495.6210021972656,74.47689056396484,57.6579475402832,45.46438217163086,41.5161247253418,39.20487594604492,31.70047378540039,20.937082290649414,14.115097999572754,14.048474311828613,16.34531593322754,15.716743469238281,12.05893325805664,0.20353974401950836,0.7967849373817444,normal_respiratory,137_1b1_Ar_sc_Meditron.wav,icbhi
93.76721449911243,74.48046824006762,0.07503780722618103,0.03367530554533005,0.0016857598607888631,541.1522338345842,19.410443573526784,69.17104344910094,-12.573713302612305,-525.5012817382812,83.36066436767578,52.057838439941406,32.58857345581055,32.32069396972656,37.532833099365234,33.193634033203125,20.638368606567383,11.679675102233887,12.342361450195312,16.70343589782715,16.935150146484375,12.689815521240234,0.12816786766052246,0.8089150190353394,normal_respiratory,137_1b1_Ll_sc_Meditron.wav,icbhi
661.5683614517826,400.23231008857726,0.18784429132938385,0.06257820874452591,0.009579828886310905,1739.0339152190004,18.011828334476156,724.9594987130221,6.238990783691406,-264.0332946777344,115.88440704345703,41.28510284423828,35.6161994934082,26.608341217041016,27.461223602294922,22.797937393188477,23.336069107055664,15.667864799499512,15.693787574768066,9.129335403442383,8.200370788574219,3.4595084190368652,0.42549073696136475,0.6642284989356995,crackle_and_wheeze,138_1p2_Al_mc_AKGC417L.wav,icbhi
1474.6810382038755,580.1055005211656,0.10309846699237823,0.04564378038048744,0.03021339363399072,2214.858952020225,19.045369875026186,3371.320217336137,0.8013198375701904,-228.58326721191406,90.24317169189453,-0.0014339721528813243,42.64613723754883,10.747871398925781,9.74537467956543,19.42909812927246,20.675106048583984,10.389562606811523,17.18893051147461,6.04374361038208,7.06538200378418,4.827494144439697,0.22221003472805023,0.7449934482574463,crackle,138_1p2_Ar_mc_AKGC417L.wav,icbhi
505.1677322448095,502.05458124693524,0.23793905973434448,0.0843563824892044,0.006815545243619489,1511.2803427325216,18.08262498019653,353.67411814820184,5.21504020690918,-289.14117431640625,116.22358703613281,51.60517501831055,44.15431213378906,30.57689666748047,29.015825271606445,20.71764373779297,18.712984085083008,12.127506256103516,11.636905670166016,7.2185821533203125,8.60179615020752,6.345515251159668,0.4935150146484375,0.724790096282959,crackle,138_1p2_Ll_mc_AKGC417L.wav,icbhi
1231.771463204925,555.2572635438686,0.11830860376358032,0.05576981231570244,0.015557025812064966,2291.0566140756737,18.35006173905194,2962.7389292705916,1.0172361135482788,-258.1554260253906,88.53953552246094,22.01523780822754,41.46870422363281,18.600194931030273,16.251184463500977,21.40765953063965,17.767786026000977,7.195741176605225,14.543813705444336,7.767961502075195,9.636575698852539,6.185098171234131,0.24522821605205536,0.758566677570343,crackle_and_wheeze,138_1p2_Lr_mc_AKGC417L.wav,icbhi
402.245147138237,494.8644100381924,0.5009071230888367,0.15433795750141144,0.006063297563805105,1302.3418692497012,18.040577906711594,260.4218591393562,10.813558578491211,-235.41744995117188,129.8395233154297,59.60939407348633,48.38689422607422,31.841943740844727,27.036727905273438,18.561508178710938,16.604278564453125,10.95185661315918,11.40732479095459,8.000486373901367,8.658926010131836,5.094814777374268,0.8776328563690186,0.7088491320610046,crackle_and_wheeze,138_1p2_Pl_mc_AKGC417L.wav,icbhi
556.651112876131,491.03900672556836,0.2863480746746063,0.10720764100551605,0.006839336209396751,1617.9256503554122,18.178366217784593,387.2978900812065,6.993649959564209,-266.5367126464844,105.87191772460938,50.17661666870117,47.59044647216797,31.760173797607422,29.25680160522461,20.814199447631836,19.859216690063477,13.680356979370117,13.582710266113281,8.605069160461426,9.81784725189209,6.438826560974121,0.5787288546562195,0.7194865942001343,crackle_and_wheeze,138_1p2_Pr_mc_AKGC417L.wav,icbhi
324.6100793822129,490.99525717761327,0.2518078088760376,0.09612205624580383,0.009040566995359628,752.9707534341194,19.00182906599382,530.9358459614269,2.623218297958374,-278.5130920410156,178.4461212158203,61.385536193847656,10.457595825195312,6.893832206726074,1.120491623878479,-2.428337335586548,3.620345115661621,7.7035298347473145,9.15204906463623,12.200942993164062,13.669625282287598,10.393178939819336,0.5199337601661682,0.7289367914199829,wheeze,138_1p2_Tc_mc_AKGC417L.wav,icbhi
859.1492442510227,491.19708328417556,0.13654251396656036,0.047637633979320526,0.011721015806264501,1987.2800900015436,18.23239345511854,1387.0430435216067,3.6615540981292725,-271.31488037109375,103.05632019042969,32.417701721191406,37.21608352661133,27.719881057739258,25.985403060913086,19.38690757751465,21.368083953857422,14.174857139587402,16.766407012939453,9.184587478637695,7.61365270614624,4.025213718414307,0.3007124960422516,0.6884140968322754,normal_respiratory,138_1p3_Al_mc_AKGC417L.wav,icbhi
330.78229907532096,485.70596543319414,0.5592197179794312,0.15084941685199738,0.004779718314965197,1130.7878158324636,18.420062475235664,228.92143090197214,10.784958839416504,-241.9016876220703,140.37637329101562,53.927947998046875,43.933040618896484,30.240053176879883,26.654523849487305,19.835947036743164,20.017120361328125,14.894125938415527,14.995255470275879,8.361724853515625,5.0183587074279785,3.8516457080841064,0.9118732213973999,0.7610985636711121,crackle,138_1p3_Ar_mc_AKGC417L.wav,icbhi
595.0412631765926,500.343332249546,0.2062225043773651,0.09210319817066193,0.007345743909512761,1654.5715951040386,18.062387034011874,540.5533438768852,3.6564340591430664,-292.41278076171875,110.61454010009766,47.39250183105469,42.91309356689453,29.811017990112305,27.73542594909668,18.37713623046875,16.347375869750977,11.357872009277344,12.15267562866211,7.6543989181518555,8.827888488769531,6.762505054473877,0.4243949055671692,0.7489804029464722,crackle,138_1p3_Ll_mc_AKGC417L.wav,icbhi
1172.77574952074,546.6606679272096,0.1332862824201584,0.06964536756277084,0.01622883736948956,2238.014486839239,18.346381956875028,2684.5559246302205,1.6357779502868652,-254.76416015625,90.47540283203125,24.757736206054688,43.07357406616211,24.981719970703125,16.994718551635742,18.649864196777344,19.02540397644043,6.988311767578125,12.138864517211914,7.69326639175415,6.91524076461792,4.335146903991699,0.28325843811035156,0.763940155506134,crackle,138_1p3_Lr_mc_AKGC417L.wav,icbhi
483.04637668152236,486.4967411334331,0.41158807277679443,0.16386815905570984,0.005935279509860789,1481.2062616278429,18.22793548946373,323.397735100058,9.171242713928223,-247.7373046875,115.35259246826172,54.3248291015625,47.51723861694336,31.78862953186035,28.094675064086914,20.010866165161133,18.759870529174805,12.864445686340332,13.026374816894531,9.121217727661133,9.716044425964355,6.38671350479126,0.7452003359794617,0.7168301343917847,crackle_and_wheeze,138_1p3_Pl_mc_AKGC417L.wav,icbhi
606.6340630975761,486.95220325465294,0.2577817440032959,0.10393351316452026,0.007404654872389792,1683.6932110182656,17.93481031087156,531.9600470381381,6.637455463409424,-267.3624267578125,105.07706451416016,49.60955047607422,46.88127899169922,31.895545959472656,29.813926696777344,20.585853576660156,19.48794174194336,13.351313591003418,13.59595775604248,8.633865356445312,9.32374382019043,5.393282890319824,0.5536420345306396,0.7306995987892151,crackle,138_1p3_Pr_mc_AKGC417L.wav,icbhi
337.183036357685,473.8023623830621,0.2475939244031906,0.10335752367973328,0.008304179959396751,819.9431957650025,19.034391217101497,528.6376386673434,3.124011516571045,-276.4714660644531,173.34555053710938,48.70711135864258,13.992880821228027,19.14705467224121,6.162328243255615,-2.796658515930176,4.643089294433594,8.111574172973633,10.171204566955566,13.714853286743164,13.765130996704102,8.119447708129883,0.4952573776245117,0.7534177899360657,crackle_and_wheeze,138_1p3_Tc_mc_AKGC417L.wav,icbhi
400.9308027115073,477.7750081931232,0.5186039209365845,0.19770076870918274,0.005672445983178654,1229.7780377024465,18.364781080373792,387.7725198484629,9.887391090393066,-234.92630004882812,137.6575927734375,43.68198776245117,41.7533073425293,31.32159996032715,25.214797973632812,18.799945831298828,18.63005828857422,15.349541664123535,16.33844757080078,6.900036811828613,3.1315629482269287,4.683474063873291,0.8385233283042908,0.7682782411575317,crackle,138_1p4_Ar_mc_AKGC417L.wav,icbhi
625.5473940599181,511.9679688802342,0.19217512011528015,0.0772390142083168,0.0075066161542923435,1706.5525924425763,18.413000206596664,608.2505369960846,3.0836856365203857,-294.6873474121094,106.35359191894531,43.356056213378906,42.19294738769531,30.806955337524414,27.891517639160156,17.71521759033203,16.710472106933594,12.876702308654785,13.765165328979492,6.4498724937438965,8.139060020446777,8.51772403717041,0.3809976875782013,0.748586893081665,crackle,138_1p4_Ll_mc_AKGC417L.wav,icbhi
1256.0310315556442,578.4047222893081,0.13436062633991241,0.06968462467193604,0.017944052711716937,2285.1195366489046,18.53942161840499,2949.848984012471,1.1902395486831665,-251.41416931152344,84.9502944946289,18.916330337524414,43.57561492919922,24.51237678527832,14.341435432434082,18.055578231811523,19.282073974609375,7.571071147918701,13.78572940826416,8.367987632751465,7.43491792678833,6.0938520431518555,0.27231115102767944,0.7703205347061157,crackle,138_1p4_Lr_mc_AKGC417L.wav,icbhi
444.2224335332367,500.428647267592,0.47436651587486267,0.18197491765022278,0.005678110498839907,1389.768079335389,18.113253629437782,298.467182062065,9.7787446975708,-241.89622497558594,122.40774536132812,54.807369232177734,46.81819152832031,31.0206298828125,27.25592803955078,19.067157745361328,18.08815574645996,11.93452262878418,12.869588851928711,9.081228256225586,9.615094184875488,6.054291725158691,0.8164049983024597,0.7186241745948792,crackle_and_wheeze,138_1p4_Pl_mc_AKGC417L.wav,icbhi
577.9952825288065,499.68062061557987,0.2794458568096161,0.1077488511800766,0.007095372317285383,1654.494760524933,18.134512171523824,421.7709994924594,6.431520938873291,-268.8387145996094,102.63037109375,47.04849624633789,44.53116989135742,29.8870849609375,28.756580352783203,21.057138442993164,20.787202835083008,14.520995140075684,14.804657936096191,10.31695556640625,11.032919883728027,7.074913024902344,0.572519063949585,0.7326196432113647,crackle,138_1p4_Pr_mc_AKGC417L.wav,icbhi
342.89341710211835,499.7076824167676,0.26433265209198,0.10391190648078918,0.007316288428074246,835.3316492601493,19.167356206351585,546.2738815980279,3.6583187580108643,-272.64581298828125,173.16456604003906,48.48523712158203,17.839202880859375,18.909351348876953,5.948630332946777,-0.806270182132721,4.225535869598389,8.532151222229004,13.815106391906738,13.500061988830566,8.850624084472656,7.739747047424316,0.5209394693374634,0.7634873986244202,normal_respiratory,138_1p4_Tc_mc_AKGC417L.wav,icbhi
886.7839823342497,533.6206257563208,0.16410236060619354,0.06715525686740875,0.010153077871229698,2030.707449089174,18.391900725185344,1505.0010309418503,2.6979568004608154,-267.1336364746094,99.43721771240234,37.22309112548828,36.732505798339844,22.38094139099121,25.32663345336914,15.168213844299316,18.907833099365234,12.457381248474121,12.453831672668457,7.861511707305908,9.0585355758667,5.199366092681885,0.3415416181087494,0.73750239610672,crackle,138_2p2_Al_mc_AKGC417L.wav,icbhi
625.7029214849404,517.8361363580555,0.31515949964523315,0.12578287720680237,0.00800622643561485,1656.5947761009334,18.36731274659766,682.6425078850058,7.399425983428955,-237.0951385498047,117.13937377929688,43.63100814819336,38.660030364990234,24.375747680664062,27.634765625,15.945713996887207,18.720684051513672,12.63862419128418,10.835447311401367,8.88573169708252,8.927828788757324,5.892722129821777,0.6270831227302551,0.7397196888923645,crackle_and_wheeze,138_2p2_Ar_mc_AKGC417L.wav,icbhi
464.26794727658324,507.697968062502,0.402805894613266,0.15719610452651978,0.006957158135150812,1426.6404379841222,18.31170161213192,324.1471505220418,8.948269844055176,-254.4324188232422,118.60982513427734,54.395164489746094,46.1854248046875,31.054655075073242,28.26214027404785,20.0191707611084,19.768230438232422,14.89202880859375,14.083358764648438,8.764947891235352,8.625211715698242,6.0997538566589355,0.7455320954322815,0.7237100601196289,crackle,138_2p2_Ll_mc_AKGC417L.wav,icbhi
263.9909569551372,480.96341546658414,0.25201696157455444,0.14743901789188385,0.004309563515081207,1007.7420644936659,18.57030377507636,161.5989454937645,1.961272120475769,-366.7447204589844,103.59939575195312,70.36490631103516,46.4323616027832,36.44919204711914,30.568227767944336,24.630823135375977,20.71613121032715,18.506610870361328,15.328700065612793,10.955748558044434,7.781160354614258,6.907991409301758,0.4644477367401123,0.7740447521209717,crackle,138_2p2_Lr_mc_AKGC417L.wav,icbhi
848.3850187292079,520.6545939310811,0.18069367110729218,0.06364712119102478,0.009423488254060326,1989.830795108889,18.134315132886424,1310.6276509933296,4.258007526397705,-259.1861572265625,98.81452178955078,37.27326965332031,40.570648193359375,27.547256469726562,27.767688751220703,16.167964935302734,18.77400779724121,12.258625030517578,13.950346946716309,7.353482246398926,9.362872123718262,4.699592113494873,0.36892014741897583,0.6836787462234497,crackle,138_2p2_Pl_mc_AKGC417L.wav,icbhi
668.7522979616971,527.82181461527,0.23075585067272186,0.1398511826992035,0.008833245722157773,1744.0454391989776,18.16749489603292,761.830737474623,5.079184532165527,-277.5894470214844,105.99050903320312,47.715919494628906,43.84629821777344,29.97157096862793,27.479719161987305,19.297048568725586,17.83241844177246,13.47164249420166,13.060781478881836,9.544856071472168,9.331838607788086,6.076253414154053,0.4625161588191986,0.7001720666885376,crackle_and_wheeze,138_2p2_Pr_mc_AKGC417L.wav,icbhi
494.9693428450602,543.0071917633409,0.06249186769127846,0.0450955405831337,0.006684128480278422,1285.3476535682662,18.582722185217545,765.028243275087,-8.078939437866211,-425.1358642578125,130.43612670898438,41.87428665161133,20.46274757385254,28.338361740112305,18.752552032470703,8.664030075073242,9.768680572509766,12.513291358947754,14.599935531616211,15.160733222961426,12.078513145446777,7.4604172706604,0.12101607769727707,0.7739658951759338,crackle,138_2p2_Tc_mc_AKGC417L.wav,icbhi
96.00235572634746,84.90073459788252,0.06821006536483765,0.07706635445356369,0.003933439675174014,145.70226765869788,20.879068703879458,190.17665358541183,-11.421063423156738,-453.2291259765625,83.0833969116211,63.71419906616211,41.02986145019531,22.69415283203125,11.941705703735352,7.830862522125244,7.83776330947876,9.856431007385254,12.484169960021973,14.589146614074707,15.304879188537598,14.388769149780273,0.131188303232193,0.7030372023582458,normal_respiratory,139_1b1_Al_sc_Litt3200.wav,icbhi
92.31863398480084,55.48645780834079,0.056352630257606506,0.07529089599847794,0.004166817720417633,139.04436260365193,20.098431586383313,181.30857109193735,-10.86369514465332,-448.3759460449219,81.78974914550781,64.85905456542969,44.7415885925293,27.837026596069336,16.835771560668945,11.068290710449219,8.7073392868042,8.355578422546387,9.186602592468262,10.48701000213623,11.52178955078125,11.75810432434082,0.11468539386987686,0.7150458693504333,normal_respiratory,139_1b1_Ar_sc_Litt3200.wav,icbhi
138.29930982157063,70.17827743721894,0.04255157336592674,0.05006565898656845,0.006548180104408352,191.51221520068015,19.4673054552062,294.6701439240139,-11.530054092407227,-460.39093017578125,103.80396270751953,76.51605987548828,44.51605224609375,18.76607322692871,4.172215938568115,-0.32054615020751953,1.613779067993164,6.433399677276611,11.444160461425781,14.698135375976562,15.275501251220703,13.581415176391602,0.09066053479909897,0.6663819551467896,crackle_and_wheeze,139_1b1_Ll_sc_Litt3200.wav,icbhi
112.08692185621071,62.31753382864379,0.0598769448697567,0.0641217976808548,0.005376758265661253,160.39556219606183,18.952039166114666,224.92454865139212,-9.421648979187012,-444.7012023925781,96.59878540039062,75.97352600097656,50.39323043823242,27.547805786132812,11.805749893188477,3.8506357669830322,2.1894679069519043,4.568150520324707,8.611794471740723,12.24059009552002,14.193909645080566,14.246068000793457,0.1310851126909256,0.6785328388214111,crackle,139_1b1_Lr_sc_Litt3200.wav,icbhi
72.62262686873551,51.45394492538345,0.11997351795434952,0.0660691186785698,0.0038518706496519723,114.28781168311488,19.217866598295725,127.25073865284223,-5.224798679351807,-427.5001525878906,88.21807861328125,70.94002532958984,49.39518356323242,29.924104690551758,16.322568893432617,9.561193466186523,8.664205551147461,11.549421310424805,15.738045692443848,19.127750396728516,20.522172927856445,19.615039825439453,0.22917769849300385,0.7266284227371216,wheeze,139_1b1_Pl_sc_Litt3200.wav,icbhi
92.01387478682115,71.57776594503984,0.0847814530134201,0.07006585597991943,0.0051388486078886315,138.83175040010747,19.959891471092696,164.22189947070765,-7.15241813659668,-439.9727478027344,91.7798080444336,70.73429107666016,45.46120071411133,24.208087921142578,11.268486976623535,6.739236831665039,8.248347282409668,12.671331405639648,17.19847297668457,19.96242332458496,20.282958984375,18.43667221069336,0.17335794866085052,0.7036632895469666,wheeze,139_1b1_Pr_sc_Litt3200.wav,icbhi
59.77330181694672,55.048773914644634,0.15605773031711578,0.0656273141503334,0.0010366063660092806,434.0152227047969,18.978042859470808,48.861885513341065,-8.260701179504395,-475.5593566894531,57.514129638671875,54.06415939331055,49.68732833862305,44.137535095214844,37.9890022277832,31.70540428161621,25.73274803161621,20.416465759277344,15.993379592895508,12.539164543151855,10.034156799316406,8.3568115234375,0.2444373071193695,0.8218725323677063,crackle,140_2b2_Ll_mc_LittC2SE.wav,icbhi
315.8233025870978,150.22161561147237,0.07176899909973145,0.040186598896980286,0.0032593623114849186,1083.4404351234537,19.09967541870927,332.74044736078883,-10.585301399230957,-439.0619201660156,114.14148712158203,38.456504821777344,7.05592679977417,21.640769958496094,33.27742385864258,22.175827026367188,9.789624214172363,10.904879570007324,16.036334991455078,14.13339900970459,8.056302070617676,5.784512042999268,0.12101205438375473,0.7953743934631348,crackle,140_2b2_Tc_mc_LittC2SE.wav,icbhi
68.96749973534713,73.84556963310075,0.1350429803133011,0.05887656286358833,0.0012552566705336427,462.57027271005967,18.887482114798985,62.65112927784223,-8.38886547088623,-497.3009338378906,63.71491241455078,59.499755859375,54.15373229980469,47.3764533996582,40.11480712890625,32.78641128540039,26.04370880126953,20.146421432495117,15.411323547363281,11.8203763961792,9.367941856384277,7.809837818145752,0.21896915137767792,0.8186977505683899,wheeze,140_2b3_Ll_mc_LittC2SE.wav,icbhi
175.1241214115867,100.84227894543972,0.14391036331653595,0.059721291065216064,0.0017899869489559164,788.2062148912256,19.276378609667454,134.89477595707658,-6.17028284072876,-413.2488098144531,105.8183364868164,56.8035774230957,21.89764976501465,14.593803405761719,22.156415939331055,26.8371639251709,23.403894424438477,16.97553253173828,12.795693397521973,11.00052547454834,10.30060863494873,10.45189094543457,0.23716622591018677,0.7957658767700195,wheeze,140_2b3_Tc_mc_LittC2SE.wav,icbhi
359.7802422908129,122.17546202201012,0.006902124732732773,0.004192796070128679,0.007735462587006961,1145.9192097553555,18.84841873161098,333.11515507178075,-22.01078224182129,-654.0628662109375,158.13722229003906,73.2939224243164,34.89734649658203,19.03084945678711,15.602738380432129,17.555404663085938,16.370166778564453,11.947267532348633,7.0945844650268555,4.54316520690918,4.495614528656006,4.954398155212402,0.015343028120696545,0.5791318416595459,crackle_and_wheeze,141_1b1_Pr_mc_LittC2SE.wav,icbhi
289.7673103013809,129.9475018836203,0.019732924178242683,0.03657379746437073,0.0030305158787703014,1117.3734664036708,18.78420567101819,166.59504830698955,-17.76050567626953,-523.0464477539062,50.64951705932617,43.49267578125,36.23869323730469,29.65980339050293,24.399988174438477,20.556238174438477,18.232759475708008,16.809358596801758,15.664738655090332,14.075669288635254,12.121358871459961,10.259037971496582,0.032833367586135864,0.7733632326126099,crackle_and_wheeze,141_1b2_Ar_mc_LittC2SE.wav,icbhi
351.8753368405412,96.76866288086693,0.005671171471476555,0.001757090212777257,0.005231746664733179,1239.798080712249,18.726589774492034,231.5443848789153,-23.482179641723633,-676.3133544921875,138.7906036376953,60.02902603149414,43.29967498779297,24.130046844482422,21.657819747924805,18.114253997802734,19.628711700439453,14.88838005065918,11.493692398071289,6.163382530212402,6.766706943511963,6.082752704620361,0.011885755695402622,0.6887350082397461,wheeze,141_1b2_Lr_mc_LittC2SE.wav,icbhi
376.7775243416843,152.30980803394306,0.007565369829535484,0.0051522282883524895,0.00832343931264501,1117.3449102366494,18.447532674956815,373.2588411760441,-20.97580909729004,-627.4833984375,148.08920288085938,84.50618743896484,35.48012161254883,16.410179138183594,15.334988594055176,17.163480758666992,15.227577209472656,9.639294624328613,4.254205703735352,2.153499126434326,2.8207781314849854,3.718324661254883,0.01873536966741085,0.609780490398407,crackle_and_wheeze,141_1b2_Pr_mc_LittC2SE.wav,icbhi
501.35473587338544,172.05262620839153,0.005788806360214949,0.003422548295930028,0.004966647331786543,1468.5926472403135,18.821594441391962,545.1497584650522,-26.466917037963867,-646.6488037109375,125.48554229736328,48.56322479248047,18.843345642089844,14.603622436523438,14.00862979888916,14.476183891296387,12.606193542480469,12.17432689666748,13.746569633483887,12.925189018249512,9.233373641967773,5.9126811027526855,0.010456527583301067,0.7866086959838867,normal_respiratory,141_1b2_Tc_mc_LittC2SE.wav,icbhi
460.6239220710683,286.3346000128532,0.007581239100545645,0.005694600287824869,0.004518017691415313,1453.793471783877,18.708571001697724,379.05432043938515,-24.378419876098633,-650.5562744140625,92.47032928466797,53.71186065673828,36.88902282714844,33.30194091796875,27.329193115234375,21.120059967041016,17.026329040527344,14.001300811767578,12.035983085632324,10.292241096496582,8.360533714294434,7.097978115081787,0.014021150767803192,0.7616471648216248,wheeze,141_1b3_Al_mc_LittC2SE.wav,icbhi
291.127729502269,150.9100529639891,0.014507497660815716,0.015135706402361393,0.0032684255365429235,1125.3411888864816,18.678166940602562,179.03534431191994,-19.47089385986328,-590.1229248046875,73.93597412109375,57.99131393432617,41.938690185546875,30.704435348510742,24.233671188354492,20.715595245361328,18.921142578125,17.905668258666992,16.444082260131836,13.918127059936523,11.110870361328125,9.181743621826172,0.026633309200406075,0.7497212886810303,wheeze,141_1b3_Ar_mc_LittC2SE.wav,icbhi
370.82024344528656,141.18635445004924,0.00772682623937726,0.00497564859688282,0.010228982381090487,1083.0273930116502,18.70257181036141,385.7241176950406,-20.69407081604004,-619.6905517578125,150.04307556152344,88.27278137207031,37.679744720458984,15.571981430053711,12.987915992736816,14.737171173095703,13.316341400146484,8.356668472290039,3.3877010345458984,1.3421603441238403,1.9697606563568115,3.0024096965789795,0.019856786355376244,0.5349368453025818,crackle_and_wheeze,141_1b3_Pr_mc_LittC2SE.wav,icbhi
465.0417291986014,122.8033183599543,0.003595649730414152,0.0013328337809070945,0.005151310542343387,1485.5491467914496,18.19125570844811,279.43203034367747,-26.86245346069336,-703.662841796875,118.04373931884766,48.73439407348633,44.442256927490234,30.13146209716797,26.88827896118164,19.379379272460938,18.397890090942383,13.790031433105469,13.089632034301758,8.723782539367676,8.173510551452637,4.656567096710205,0.007240927312523127,0.7458196878433228,crackle,142_1b1_Pl_mc_LittC2SE.wav,icbhi
358.94115711598977,206.0963154117248,0.04629490152001381,0.03522375226020813,0.0022748694895591646,1280.138653293991,18.864293060795145,268.66542878117747,-15.081583976745605,-502.38311767578125,83.56637573242188,53.40620422363281,33.67912673950195,26.434545516967773,25.758501052856445,22.34514808654785,16.10486602783203,11.109244346618652,9.734599113464355,9.518269538879395,8.410895347595215,6.254691123962402,0.07583887130022049,0.8087142109870911,normal_respiratory,143_1b1_Al_sc_Meditron.wav,icbhi
283.95286324611004,148.72496974714736,0.07504424452781677,0.04812619090080261,0.0023292488399071927,1148.2557528165134,19.57125197845127,135.4193667524652,-11.205194473266602,-476.0855712890625,86.06778717041016,57.07599639892578,36.28599548339844,29.09079360961914,29.631290435791016,23.68497657775879,18.697986602783203,11.545692443847656,9.28311538696289,10.981461524963379,8.760590553283691,9.312335968017578,0.13214825093746185,0.8091292381286621,normal_respiratory,144_1b1_Al_sc_Meditron.wav,icbhi
483.84323487079064,196.33356811592714,0.04358842968940735,0.020344892516732216,0.00648473752900232,1308.014877238957,19.225609196422983,670.4769975348028,-11.126323699951172,-452.79815673828125,147.5796356201172,28.850008010864258,1.4337010383605957,11.611101150512695,30.107349395751953,21.071840286254883,11.437897682189941,6.351858139038086,12.50198745727539,18.454872131347656,11.468047142028809,7.287646293640137,0.08251304924488068,0.773369550704956,normal_respiratory,144_1b1_Tc_sc_Meditron.wav,icbhi
704.2035915686988,540.745124541516,0.050377000123262405,0.023907942697405815,0.009153857308584687,1812.3166683108911,18.111688454111984,868.8472597339037,-6.4101338386535645,-417.8040466308594,102.35535430908203,41.74492645263672,35.50725173950195,24.73244857788086,27.742626190185547,21.8633975982666,20.264904022216797,13.325823783874512,14.149740219116211,11.79635238647461,13.021512031555176,7.967964172363281,0.10364622622728348,0.7276666164398193,normal_respiratory,145_2b2_Al_mc_AKGC417L.wav,icbhi
367.9861054076381,497.8818313034369,0.054403211921453476,0.021742869168519974,0.004448910600348028,1264.1859701164149,18.516555688563635,218.9791863036543,-8.145672798156738,-468.4461975097656,121.21984100341797,60.111995697021484,34.817413330078125,26.652523040771484,23.8284969329834,21.316360473632812,16.707725524902344,12.999293327331543,11.644182205200195,11.766888618469238,11.56225299835205,9.92544937133789,0.10775914043188095,0.7517510652542114,crackle,145_2b2_Ar_mc_AKGC417L.wav,icbhi
697.5490247026901,530.784755931409,0.03546313941478729,0.017584005370736122,0.008235072868329467,1781.1109613027697,18.33061355262762,892.7785922092518,-11.05306625366211,-450.8025817871094,109.02522277832031,34.16905212402344,27.513948440551758,21.8481502532959,26.996496200561523,18.844480514526367,16.662424087524414,10.8219575881958,12.673955917358398,9.511905670166016,11.038976669311523,8.006123542785645,0.06941848248243332,0.7647802233695984,normal_respiratory,145_2b2_Lr_mc_AKGC417L.wav,icbhi
879.6995803320951,508.59011642530186,0.1375611573457718,0.0528380386531353,0.011508030017401392,2043.1470921183331,18.04562038762981,1402.3560986441416,2.3745908737182617,-279.5243835449219,100.67070007324219,43.84722900390625,40.34370803833008,24.53508758544922,23.98813819885254,15.73816204071045,16.11675453186035,10.302011489868164,12.121526718139648,7.64011812210083,9.566935539245605,5.52367639541626,0.28564244508743286,0.7231536507606506,normal_respiratory,145_2b2_Pr_mc_AKGC417L.wav,icbhi
375.0036543805024,503.3147322634112,0.12823793292045593,0.04834958165884018,0.00457126413863109,1311.3739940432115,18.69426973381809,190.52638078233758,-4.05674409866333,-405.1869201660156,109.43502044677734,49.633033752441406,36.35834503173828,28.586132049560547,24.957597732543945,21.3543701171875,18.43519401550293,15.650903701782227,13.580968856811523,12.44559097290039,11.72100830078125,10.2910795211792,0.23672907054424286,0.7853646278381348,normal_respiratory,145_3b2_Ar_mc_AKGC417L.wav,icbhi
323.03082479769785,507.5166309623995,0.12375561147928238,0.04448379576206207,0.004001413863109048,1174.9317817639335,18.685726460681558,197.89563243184455,-3.7340941429138184,-425.87811279296875,118.95903778076172,58.42447280883789,45.25876235961914,28.883913040161133,23.556196212768555,17.880529403686523,16.19089698791504,14.556057929992676,14.827309608459473,14.094671249389648,13.314912796020508,11.388114929199219,0.2328978329896927,0.7662271857261658,crackle,145_3b2_Lr_mc_AKGC417L.wav,icbhi
579.5645241745054,500.46653585241825,0.32927143573760986,0.14232179522514343,0.005689439530162413,1669.088722027859,18.375648406728082,417.9240003262761,6.063682556152344,-261.572509765625,103.43424987792969,47.72187042236328,43.1242561340332,28.381874084472656,27.18852424621582,18.976016998291016,18.5308837890625,12.837510108947754,13.822876930236816,9.253687858581543,10.42756462097168,6.701050758361816,0.5995827317237854,0.7464358806610107,normal_respiratory,145_3b4_Pl_mc_AKGC417L.wav,icbhi
398.34140488499077,505.3610583219694,0.018151622265577316,0.014893616549670696,0.004533878335266821,1314.8624322920048,18.592768744955283,271.2134412159223,-18.642959594726562,-562.7059936523438,89.26383972167969,69.53422546386719,47.97621536254883,30.617334365844727,19.68419647216797,13.553155899047852,10.321033477783203,8.586190223693848,7.856012344360352,7.677865982055664,7.728944778442383,7.54850435256958,0.03231934458017349,0.7759200930595398,crackle_and_wheeze,146_2b2_Pl_mc_AKGC417L.wav,icbhi
368.40757816824,507.1058401334695,0.024677038192749023,0.012716157361865044,0.004542941560324826,1268.8962531458433,18.734323296838205,222.40151673071347,-16.143159866333008,-569.4589233398438,113.03193664550781,59.49445343017578,35.70328140258789,26.54599952697754,23.027536392211914,21.53993797302246,18.10148048400879,14.7426176071167,13.175389289855957,12.512537002563477,11.62867546081543,10.093987464904785,0.04647713154554367,0.7746304273605347,normal_respiratory,146_2b4_Al_mc_AKGC417L.wav,icbhi
504.42564635135926,510.18626083409265,0.009250609204173088,0.004577853716909885,0.006588964617169374,1470.4702950783508,18.604972142402588,468.6844049086427,-20.998136520385742,-619.9138793945312,124.91407775878906,51.15330505371094,36.662540435791016,21.827917098999023,22.006616592407227,18.966035842895508,17.856496810913086,12.56592845916748,12.139323234558105,9.613251686096191,10.453333854675293,8.779296875,0.018443547189235687,0.7662401795387268,normal_respiratory,146_2b4_Ar_mc_AKGC417L.wav,icbhi
814.2759432377952,477.95034775055495,0.019833331927657127,0.0027325076516717672,0.010755782337587007,1909.1122881008876,18.45561251922961,1030.2713416292054,-10.582283973693848,-454.0169372558594,121.6951675415039,46.60367965698242,37.27093505859375,18.4245548248291,21.27748680114746,13.510543823242188,16.74313735961914,9.068982124328613,12.603299140930176,5.929586887359619,9.480566024780273,3.839296579360962,0.042519550770521164,0.608271062374115,normal_respiratory,146_2b4_Ll_mc_AKGC417L.wav,icbhi
546.1420137436953,387.50297186530867,0.022545551881194115,0.01072261855006218,0.007962043213457077,1500.0509060890615,18.26921063374713,640.7501857961137,-13.403101921081543,-494.3462829589844,143.34991455078125,53.89952850341797,28.022024154663086,12.372401237487793,13.662394523620605,10.789762496948242,11.333864212036133,9.756063461303711,11.547327995300293,9.948368072509766,9.202360153198242,6.221897125244141,0.04570695385336876,0.754152774810791,normal_respiratory,146_2b4_Lr_mc_AKGC417L.wav,icbhi
973.8812799149285,515.5250782715937,0.00258718803524971,0.0008407568675465882,0.011322233903712297,2157.6878926369864,18.03506849547656,1806.990465487239,-28.019371032714844,-661.5686645507812,97.39080810546875,38.287254333496094,33.2681770324707,19.041654586791992,23.309246063232422,16.823789596557617,19.05411720275879,11.28028678894043,13.743988990783691,8.063650131225586,11.434490203857422,5.619385242462158,0.0054116747342050076,0.7472422122955322,normal_respiratory,146_2b4_Pr_mc_AKGC417L.wav,icbhi
389.34525752552105,124.26945667002032,0.0379800982773304,0.012752757407724857,0.007235852305684454,1322.0696955518133,18.68770581804301,227.29769748767401,-9.105128288269043,-490.4857482910156,129.59165954589844,51.5245246887207,36.17338562011719,25.802000045776367,29.3575496673584,22.864669799804688,17.365386962890625,9.502975463867188,11.312532424926758,12.638345718383789,14.337801933288574,11.648201942443848,0.08111412823200226,0.6989917159080505,normal_respiratory,146_8p3_Al_mc_AKGC417L.wav,icbhi
615.9464103266529,218.27860551148405,0.03612250089645386,0.02137453854084015,0.010272032700116009,1636.567816077141,18.653770963576974,732.8783216719837,-8.614992141723633,-435.7969055175781,129.9701690673828,40.388885498046875,25.58628273010254,21.38697052001953,27.659576416015625,20.66590690612793,14.055330276489258,6.724220275878906,8.599686622619629,8.743277549743652,10.541330337524414,9.480379104614258,0.07908138632774353,0.6931189298629761,crackle,146_8p3_Ar_mc_AKGC417L.wav,icbhi
1609.7023634304921,215.72097181288925,0.0192436333745718,0.004732714034616947,0.04457747244779582,2355.2624414750194,18.27190134179616,3429.624737166473,-7.302012920379639,-310.6201477050781,113.6891098022461,-2.924053907394409,13.236797332763672,25.975339889526367,23.499311447143555,9.481054306030273,15.911352157592773,3.4847354888916016,4.052691459655762,1.777578353881836,6.935425758361816,0.5746254324913025,0.05377870425581932,0.67839115858078,wheeze,146_8p3_Lr_mc_AKGC417L.wav,icbhi
1187.011917260097,258.9081908624957,0.002383239334449172,0.0006932425312697887,0.020267637035962877,2325.367392238552,17.979847308314397,2712.0844511310906,-24.74390411376953,-607.591064453125,105.44002532958984,40.120750427246094,37.12862777709961,21.354644775390625,23.521705627441406,13.669092178344727,14.082939147949219,5.621758937835693,8.548110961914062,3.979538679122925,8.712943077087402,3.740222454071045,0.005731344223022461,0.6361411809921265,normal_respiratory,146_8p3_Pl_mc_AKGC417L.wav,icbhi
754.9180171315152,224.75083288980642,0.005958594847470522,0.0020079759415239096,0.01671485281322506,1810.5476521475225,17.872467632392482,959.2017791110788,-18.681949615478516,-567.6643676757812,125.30081176757812,56.83524703979492,49.19632339477539,28.889089584350586,26.673992156982422,13.792401313781738,12.341547966003418,2.1960132122039795,4.21989631652832,-0.270891010761261,4.989409446716309,0.63521808385849,0.01662176474928856,0.6207192540168762,normal_respiratory,146_8p3_Pr_mc_AKGC417L.wav,icbhi
399.79762018651763,467.0684183814293,0.13977950811386108,0.06338144838809967,0.013712659512761021,987.0990780318377,18.74421191872581,503.63214408715197,0.7726554274559021,-318.0076904296875,193.2745819091797,69.91259765625,20.136873245239258,9.193161964416504,9.23560905456543,7.6231303215026855,4.506412982940674,1.3220313787460327,-0.8279212117195129,1.4390676021575928,5.890137195587158,6.346507549285889,0.32610708475112915,0.5973287224769592,wheeze,147_1b2_Tc_mc_AKGC417L.wav,icbhi
346.847023116635,439.8960275599855,0.2386445552110672,0.15369556844234467,0.013082765371229698,863.3607545604868,19.258405020531928,471.0075927167923,1.9195736646652222,-286.0558776855469,173.65797424316406,83.33551788330078,18.460914611816406,0.8787761330604553,4.885056018829346,6.282100677490234,2.290351152420044,-0.8216854333877563,0.4799707233905792,4.9717254638671875,8.496821403503418,8.09278392791748,0.4993370473384857,0.6279090046882629,crackle,147_1b3_Tc_mc_AKGC417L.wav,icbhi
391.71706741408707,381.227885784668,0.15624774992465973,0.06053967773914337,0.014607652987238979,947.0457857720424,18.978095360239067,536.5564616263051,1.437004804611206,-309.5439453125,202.62985229492188,65.57095336914062,15.669795036315918,4.200605869293213,7.729767322540283,7.0593414306640625,5.4879608154296875,3.402885675430298,3.3975138664245605,5.179148197174072,4.696362495422363,3.200803279876709,0.3727952241897583,0.6173053979873657,wheeze,147_1b4_Tc_mc_AKGC417L.wav,icbhi
400.5044339415495,502.62999760531886,0.24580857157707214,0.11977031081914902,0.0060315762761020885,1230.6049801191205,18.765996235934235,400.5375625362529,3.842848539352417,-310.2641296386719,133.3008270263672,45.82450866699219,21.26078987121582,24.427244186401367,28.457828521728516,27.105083465576172,19.155765533447266,11.259317398071289,9.732278823852539,13.339995384216309,15.10828971862793,11.24925422668457,0.4744678735733032,0.7317610383033752,wheeze,147_2b2_Al_mc_AKGC417L.wav,icbhi
236.67323244796387,464.44482541228496,0.2981078028678894,0.12532249093055725,0.0051988924738979115,820.9027028444016,18.737048217588686,240.83713611151393,4.4128193855285645,-324.6174621582031,139.82156372070312,63.27140808105469,24.783771514892578,22.558645248413086,27.544742584228516,25.662532806396484,17.95184326171875,11.212241172790527,10.054193496704102,13.163712501525879,14.721858978271484,11.23758602142334,0.5849764347076416,0.7468712329864502,wheeze,147_2b2_Ar_mc_AKGC417L.wav,icbhi
380.0996979703968,476.63748702803144,0.12436839938163757,0.06605751067399979,0.006029310469837587,1257.129354876579,18.331131975065762,259.0978918938515,0.387963205575943,-356.8145446777344,107.62764739990234,74.40479278564453,46.88481140136719,31.491802215576172,23.32982063293457,18.59528350830078,15.193327903747559,12.041552543640137,9.878090858459473,8.978626251220703,7.852177619934082,5.580108642578125,0.25812628865242004,0.7120072841644287,wheeze,147_2b2_Pl_mc_AKGC417L.wav,icbhi
391.2710667630095,473.41791827749046,0.2585914134979248,0.13116291165351868,0.007172409730278422,1193.80723419022,18.75548771062315,378.5047491299304,4.572026252746582,-305.9783630371094,133.49832153320312,46.61628723144531,22.627111434936523,27.385005950927734,29.532941818237305,25.911951065063477,17.185157775878906,11.363821983337402,12.103143692016602,15.190808296203613,14.854424476623535,9.145734786987305,0.5099159479141235,0.7155987620353699,wheeze,147_2b3_Al_mc_AKGC417L.wav,icbhi
232.2574397645743,502.15097203368816,0.3193376362323761,0.15194518864154816,0.004734402189675174,793.3598276543183,18.824587980592824,242.03620078668794,4.924531936645508,-312.9006042480469,134.269287109375,67.38560485839844,27.472700119018555,20.07648468017578,22.014759063720703,20.69854736328125,16.256023406982422,12.353800773620605,12.939469337463379,16.511167526245117,16.568151473999023,10.373522758483887,0.6010948419570923,0.751089870929718,wheeze,147_2b3_Ar_mc_AKGC417L.wav,icbhi
682.2380741947067,437.3336505650792,0.31348320841789246,0.1354472041130066,0.010475955263921114,1691.4088042241137,18.307944032774405,852.0603542814675,8.594541549682617,-217.34796142578125,117.5694808959961,29.645858764648438,30.117948532104492,25.413145065307617,31.065753936767578,21.802127838134766,18.004121780395508,9.977165222167969,13.196640014648438,12.75893497467041,14.227499008178711,5.298343181610107,0.6371796727180481,0.6843945384025574,normal_respiratory,147_2b3_Ll_mc_AKGC417L.wav,icbhi
506.4642486984801,504.1247473301972,0.1652563363313675,0.06137480214238167,0.0071995994054524365,1417.4259702940662,19.021858887825356,530.3363136238399,1.5247509479522705,-322.7710266113281,121.27996063232422,18.46230125427246,20.719846725463867,25.45240020751953,31.10531997680664,24.327281951904297,21.317350387573242,13.185165405273438,15.566986083984375,18.978010177612305,20.893098831176758,11.305036544799805,0.3317471742630005,0.7364248037338257,normal_respiratory,147_2b3_Lr_mc_AKGC417L.wav,icbhi
401.898429322967,432.408192926019,0.5043034553527832,0.1419556885957718,0.007213194243039443,1266.4249586088706,18.231373582977902,316.15338602088167,11.512794494628906,-215.8863983154297,143.72792053222656,62.32564926147461,46.50761795043945,26.832656860351562,22.057817459106445,13.485773086547852,14.460752487182617,8.771778106689453,9.856266975402832,6.035087585449219,8.462478637695312,3.0289275646209717,0.906701385974884,0.6836041808128357,wheeze,147_2b3_Pl_mc_AKGC417L.wav,icbhi
375.54383068161764,496.8269064306285,0.2605440020561218,0.11395952105522156,0.005189829248839907,1226.866841267886,18.677917852898407,300.09091547636314,2.911393642425537,-318.0360412597656,127.14945983886719,45.27824020385742,24.939647674560547,26.208168029785156,27.14609718322754,24.958820343017578,18.35272789001465,11.976025581359863,11.032486915588379,14.165305137634277,14.575201988220215,10.102001190185547,0.48746994137763977,0.7620230913162231,normal_respiratory,147_2b4_Al_mc_AKGC417L.wav,icbhi
213.39491518324297,503.10586039672074,0.34601283073425293,0.1372571885585785,0.003601499057424594,792.2313382452718,18.770744840204134,192.9245101326856,3.507981300354004,-323.632568359375,135.1439666748047,68.60372161865234,26.610332489013672,17.40663719177246,19.36741828918457,19.032909393310547,16.261253356933594,12.698586463928223,11.696220397949219,14.607295989990234,16.026485443115234,11.781514167785645,0.6235231161117554,0.7852171659469604,normal_respiratory,147_2b4_Ar_mc_AKGC417L.wav,icbhi
715.0076674803994,516.1662163916608,0.2699449360370636,0.11570800095796585,0.008913681844547564,1766.0993893691143,18.191279184964163,976.9129635839618,6.445511341094971,-233.12120056152344,111.58647918701172,30.00550079345703,30.283388137817383,22.41659164428711,29.400028228759766,20.898693084716797,18.699729919433594,11.022902488708496,12.203253746032715,10.987444877624512,13.3837251663208,6.025096416473389,0.5491727590560913,0.7215330600738525,normal_respiratory,147_2b4_Ll_mc_AKGC417L.wav,icbhi
470.46179237942334,380.9078834824341,0.1742987334728241,0.06546839326620102,0.0069446962006960555,1401.2749132788103,18.818873268590956,456.8436412412993,1.2914056777954102,-326.6048583984375,121.8655014038086,22.75181770324707,21.44242286682129,23.295486450195312,28.04875946044922,22.25640296936035,21.941261291503906,14.802650451660156,16.405059814453125,19.55573844909668,20.34654426574707,10.681442260742188,0.36039847135543823,0.7645016312599182,normal_respiratory,147_2b4_Lr_mc_AKGC417L.wav,icbhi
363.3157733785222,500.12317144329546,0.22341366112232208,0.08944858610630035,0.0052883918213457075,1212.7799400575436,18.396726845894456,265.5428645229118,3.3818252086639404,-324.7605895996094,125.1507568359375,69.61063385009766,45.972206115722656,31.230649948120117,19.76018524169922,16.43545913696289,14.60886287689209,11.190345764160156,9.70138931274414,9.837382316589355,8.931719779968262,6.294738292694092,0.4490882456302643,0.7438169121742249,wheeze,147_2b4_Pl_mc_AKGC417L.wav,icbhi
281.41960347285,149.97938810902963,0.06309711188077927,0.027973998337984085,0.0060395065980278426,760.8315029632033,19.952232047576164,536.8562277950986,-9.257372856140137,-447.0520935058594,164.1409912109375,40.014976501464844,-10.047967910766602,16.55987548828125,43.13735580444336,33.596012115478516,11.577259063720703,2.2794675827026367,5.465760231018066,8.6766939163208,6.628672122955322,4.67712926864624,0.11597102880477905,0.7400761842727661,normal_respiratory,148_1b1_Al_sc_Meditron.wav,icbhi
335.062714093054,194.71442120612326,0.05453799292445183,0.025229694321751595,0.003932306772041763,1105.0256733000147,19.00662827397564,334.41414180321925,-9.934818267822266,-486.2415466308594,137.19717407226562,41.729713439941406,19.563817977905273,36.789817810058594,41.95444869995117,25.801729202270508,8.059057235717773,8.630282402038574,18.68474006652832,16.005802154541016,2.721832513809204,-0.0495145209133625,0.1203676387667656,0.7709963917732239,crackle_and_wheeze,149_1b1_Al_sc_Meditron.wav,icbhi
554.3487776939477,220.7011084007139,0.021376563236117363,0.009606224484741688,0.006056500145011601,1552.9619309295695,18.78093687725725,618.3426646787993,-16.845272064208984,-522.039306640625,123.1030502319336,38.64030838012695,29.680925369262695,24.24410057067871,31.738666534423828,19.516132354736328,10.234448432922363,3.7654311656951904,9.550935745239258,8.199474334716797,4.72559118270874,-0.3483000099658966,0.043539997190237045,0.7289397120475769,crackle,149_1b1_Lr_sc_Meditron.wav,icbhi
241.46737078366073,116.47800727410306,0.08920352160930634,0.07410074770450592,0.0023756978683294665,1005.1992400951914,18.824815299924325,162.62314657047563,-9.524247169494629,-437.707763671875,82.99077606201172,57.968528747558594,40.31321334838867,31.481000900268555,25.974414825439453,19.91502571105957,13.677396774291992,10.44909381866455,10.419416427612305,9.543648719787598,6.550381183624268,4.609700679779053,0.15063691139221191,0.7663915157318115,crackle_and_wheeze,149_1b1_Pl_sc_Meditron.wav,icbhi
223.65583639661398,151.24902953148728,0.11086393892765045,0.053554438054561615,0.0024187481873549884,956.8160933001334,18.916502722488126,149.78316234048725,-7.892359733581543,-464.9198913574219,105.51234436035156,61.48167419433594,37.23406219482422,30.569368362426758,29.82143211364746,21.80579376220703,15.358442306518555,12.693547248840332,14.195846557617188,13.847607612609863,10.104659080505371,9.694428443908691,0.20857936143875122,0.8108752965927124,crackle_and_wheeze,150_1b2_Al_sc_Meditron.wav,icbhi
428.4358616125296,497.138541111134,0.19110266864299774,0.08328530192375183,0.005315581496519722,1344.252584003079,19.27072367028988,337.3118814348898,0.02160533331334591,-342.82098388671875,121.38917541503906,37.01465606689453,30.51597023010254,35.486690521240234,28.85056495666504,12.56259536743164,11.627877235412598,19.094562530517578,19.027175903320312,11.609903335571289,7.8553571701049805,8.067329406738281,0.3607771694660187,0.7253499627113342,crackle_and_wheeze,151_2p2_Al_mc_AKGC417L.wav,icbhi
321.8486123790111,473.38042311527596,0.004814748652279377,0.0021418908145278692,0.005843514356148492,1116.5800404933611,19.270150572333375,223.17591266676334,-26.043109893798828,-709.892822265625,121.30236053466797,59.29774475097656,37.24167251586914,41.7913703918457,31.886003494262695,12.72269058227539,9.328961372375488,17.09920310974121,17.317419052124023,10.222789764404297,6.434936046600342,6.687243938446045,0.00968955922871828,0.6973611116409302,normal_respiratory,151_2p2_Ar_mc_AKGC417L.wav,icbhi
757.77540600691,524.2322935742922,0.3125860393047333,0.20475813746452332,0.008460520591647331,1833.0721801322265,18.87883808882957,1142.858518525232,5.128312110900879,-238.62416076660156,107.06177520751953,33.65495300292969,33.35443115234375,26.05232048034668,25.086023330688477,13.016112327575684,14.558695793151855,13.359424591064453,15.377208709716797,8.67678451538086,8.523673057556152,6.570821285247803,0.539881706237793,0.7094711661338806,crackle_and_wheeze,151_2p2_Ll_mc_AKGC417L.wav,icbhi
671.2669990480143,496.54434747376376,0.10583420097827911,0.04381931945681572,0.009127800536542923,1725.4043040343597,19.20330008368366,808.9439870033352,-0.14652585983276367,-327.9818115234375,111.87735748291016,32.783042907714844,32.68486404418945,31.26995277404785,32.07632064819336,13.381613731384277,13.994503021240234,15.055560111999512,19.587461471557617,9.904627799987793,7.614321708679199,5.8473687171936035,0.2189180999994278,0.661556601524353,crackle_and_wheeze,151_2p2_Lr_mc_AKGC417L.wav,icbhi
352.46089488719895,501.4795661876102,0.1667279452085495,0.1085662916302681,0.007146352958236659,1124.2308476775308,18.345816202203242,274.86059626957655,1.6323635578155518,-355.8954772949219,120.8403091430664,77.22116088867188,45.855247497558594,32.63046646118164,26.066003799438477,19.413022994995117,13.79951000213623,10.676878929138184,9.118221282958984,7.9549360275268555,7.079825401306152,6.460611343383789,0.3724631071090698,0.6865681409835815,wheeze,151_2p2_Pl_mc_AKGC417L.wav,icbhi
710.7325517848469,499.4148905545793,0.18694759905338287,0.06300464272499084,0.00941442502900232,1824.0789873280423,18.292851400847137,737.699560886746,4.422385215759277,-267.1916809082031,108.83405303955078,51.472312927246094,47.35972213745117,28.478904724121094,25.317562103271484,13.278397560119629,14.073204040527344,7.715901851654053,10.46580982208252,5.7276082038879395,8.330724716186523,3.6284725666046143,0.39820635318756104,0.6806323528289795,wheeze,151_2p2_Pr_mc_AKGC417L.wav,icbhi
463.54069187008025,479.483895207356,0.08978737890720367,0.04471509903669357,0.013483813080046404,1130.5038523490384,18.956552924209575,569.1560324825986,-2.8555145263671875,-351.0467529296875,183.7456817626953,58.2010612487793,21.963611602783203,12.875333786010742,8.730037689208984,-0.5390949845314026,-3.5163559913635254,-2.198368787765503,5.052646160125732,11.417707443237305,11.589807510375977,6.603016376495361,0.20091389119625092,0.6079001426696777,wheeze,151_2p2_Tc_mc_AKGC417L.wav,icbhi
430.17624668803296,498.81671688139244,0.5010448694229126,0.1726575642824173,0.006105214979698376,1322.2830386842707,18.95954976736618,352.79980015588745,9.115300178527832,-234.71197509765625,134.053466796875,44.696693420410156,34.885093688964844,28.90557861328125,24.812870025634766,10.521347999572754,10.667941093444824,12.048816680908203,15.76211166381836,12.37960433959961,13.499926567077637,10.977428436279297,0.8305614590644836,0.6750829219818115,crackle_and_wheeze,151_2p3_Al_mc_AKGC417L.wav,icbhi
295.79526765577174,498.6820414775118,0.22524741291999817,0.07711514085531235,0.005849178871809745,1026.440084931273,19.287890476746355,226.12361332656613,3.4958958625793457,-347.02899169921875,141.25698852539062,58.285247802734375,39.847171783447266,39.62019729614258,26.509403228759766,10.939821243286133,8.927464485168457,14.61889934539795,15.688089370727539,13.773787498474121,12.578818321228027,10.42974853515625,0.4628077447414398,0.6621883511543274,crackle_and_wheeze,151_2p3_Ar_mc_AKGC417L.wav,icbhi
665.5786284726562,536.7271629775998,0.3851644694805145,0.23255999386310577,0.008372154147331787,1671.2340860647148,19.27318742934175,867.0236822070766,7.044083595275879,-227.5025177001953,120.4160385131836,41.04209899902344,33.875244140625,22.397891998291016,20.812210083007812,10.357576370239258,11.44330883026123,9.124809265136719,13.272719383239746,10.912156105041504,13.90108585357666,11.520471572875977,0.6480891108512878,0.610971987247467,crackle_and_wheeze,151_2p3_Ll_mc_AKGC417L.wav,icbhi
642.5570071807578,487.27692672518384,0.292409211397171,0.09677661210298538,0.010259570765661252,1675.6087615739418,19.211861223547775,692.3099668285963,8.27978515625,-225.2884979248047,118.88469696044922,38.85395050048828,34.79698944091797,26.809640884399414,26.610675811767578,10.022368431091309,11.57514476776123,7.940101146697998,17.43659210205078,13.405268669128418,15.107612609863281,11.482681274414062,0.6276575326919556,0.6109562516212463,normal_respiratory,151_2p3_Lr_mc_AKGC417L.wav,icbhi
324.4587840115558,486.30742931755185,0.20534776151180267,0.12016890197992325,0.00689484846287703,1059.132278096191,18.923233984642724,270.8637140189965,2.7265148162841797,-360.0009765625,129.37574768066406,79.4847183227539,47.40946578979492,33.12677001953125,23.70073699951172,16.036012649536133,10.982354164123535,9.191150665283203,10.188545227050781,11.835865020751953,12.416365623474121,11.697944641113281,0.4383605718612671,0.6443479657173157,wheeze,151_2p3_Pl_mc_AKGC417L.wav,icbhi
707.7611873322298,454.00286862627166,0.18842200934886932,0.05594226345419884,0.010597175899071925,1812.4266677701303,18.883240239954855,703.1265294192285,4.510530948638916,-263.5129089355469,113.27073669433594,53.15854263305664,46.68050765991211,25.1149959564209,20.951946258544922,8.043022155761719,9.71518611907959,3.205906629562378,9.977237701416016,8.168805122375488,14.157330513000488,9.705592155456543,0.40753471851348877,0.6205198168754578,normal_respiratory,151_2p3_Pr_mc_AKGC417L.wav,icbhi
462.53167668713826,487.4514381999942,0.24757374823093414,0.12728285789489746,0.010829421041183295,1195.8476439119977,18.885122415469276,551.7446141785093,4.735256195068359,-260.900390625,174.18331909179688,58.028865814208984,27.25067901611328,14.414518356323242,10.841683387756348,3.9815762042999268,1.3211058378219604,-2.6177146434783936,4.411391258239746,12.889496803283691,13.021527290344238,4.732268333435059,0.5264744162559509,0.6217164993286133,wheeze,151_2p3_Tc_mc_AKGC417L.wav,icbhi
380.97325183436635,489.69191859134935,0.34220579266548157,0.14605985581874847,0.005615800826566125,1234.7237805094567,19.447705511044646,275.11040141023784,5.5438618659973145,-296.1289367675781,125.00326538085938,41.71469497680664,32.05552673339844,39.024932861328125,32.451820373535156,17.187015533447266,12.713266372680664,18.13719940185547,18.948335647583008,13.705134391784668,9.352923393249512,7.905045509338379,0.6404339671134949,0.6511619687080383,crackle_and_wheeze,151_2p4_Al_mc_AKGC417L.wav,icbhi
274.46779122664395,501.4698298611044,0.28340262174606323,0.1118464320898056,0.0056645156612529,947.384349917615,19.450277508133517,211.23522694315545,4.573704242706299,-331.9464111328125,138.76336669921875,56.81613540649414,35.54534149169922,45.054786682128906,34.462162017822266,13.774768829345703,9.311407089233398,16.48143196105957,17.29086685180664,10.829198837280273,6.79926872253418,6.275879383087158,0.5605425238609314,0.629597544670105,crackle_and_wheeze,151_2p4_Ar_mc_AKGC417L.wav,icbhi
617.414397372991,559.6394853558494,0.4510853588581085,0.25984761118888855,0.008943137325986079,1577.9650390847428,18.928492064015593,842.592739450406,8.320423126220703,-227.89537048339844,123.15440368652344,39.443302154541016,35.56226348876953,28.144071578979492,27.974924087524414,16.058176040649414,15.556282997131348,13.129130363464355,14.548653602600098,8.785713195800781,8.112421035766602,5.591526031494141,0.7150399684906006,0.6249880194664001,crackle_and_wheeze,151_2p4_Ll_mc_AKGC417L.wav,icbhi
590.4024769227941,502.3315784495885,0.3715663254261017,0.17783333361148834,0.008209016096287703,1582.2656941586622,18.948193823665598,610.0491340088457,8.89182186126709,-226.68099975585938,119.17412567138672,34.71037292480469,34.48106384277344,33.00358963012695,33.40181350708008,16.03609275817871,15.003838539123535,13.467626571655273,18.503355026245117,10.477412223815918,8.605072021484375,5.410337448120117,0.6966434717178345,0.6009092926979065,wheeze,151_2p4_Lr_mc_AKGC417L.wav,icbhi
316.8612466137809,481.39464885728523,0.27101436257362366,0.16012728214263916,0.006859728465777262,1028.4240712027959,18.571113900684246,250.8043612238979,5.076457500457764,-335.5033264160156,125.94481658935547,77.30829620361328,47.83641815185547,37.10291290283203,29.434280395507812,21.677555084228516,15.86337661743164,12.507552146911621,10.838784217834473,9.298315048217773,7.509331703186035,6.175628185272217,0.5648205280303955,0.6186469793319702,crackle_and_wheeze,151_2p4_Pl_mc_AKGC417L.wav,icbhi
646.2612018412817,511.50947819047485,0.22847887873649597,0.12135334312915802,0.008735816052784224,1715.4689303411928,18.306584866712274,631.8821033026392,5.335287094116211,-268.4214782714844,111.40058898925781,52.011844635009766,45.91096115112305,29.70051383972168,26.036611557006836,15.997051239013672,14.488430976867676,9.24377155303955,10.68248462677002,7.872290134429932,8.9325590133667,5.503095626831055,0.4646405279636383,0.6173401474952698,wheeze,151_2p4_Pr_mc_AKGC417L.wav,icbhi
475.3118827527042,494.1081959880551,0.4596467614173889,0.19097772240638733,0.01263526863399072,1153.1917707436585,18.620939449257847,591.963241824971,10.452717781066895,-182.5829620361328,182.50613403320312,49.90550994873047,26.192808151245117,15.169031143188477,12.416954040527344,0.7313725352287292,-0.43222174048423767,-0.42349839210510254,6.924558639526367,9.797551155090332,10.800389289855957,4.879732608795166,0.8330363035202026,0.5875948071479797,wheeze,151_2p4_Tc_mc_AKGC417L.wav,icbhi
427.6303773746445,443.8848639671695,0.2974241077899933,0.14667752385139465,0.006625217517401392,1263.607677287869,19.26265030594274,465.48689910817865,5.588254928588867,-280.0886535644531,135.83009338378906,32.74577331542969,30.699581146240234,36.728370666503906,23.939002990722656,8.619019508361816,13.482880592346191,20.66355323791504,17.028898239135742,10.58792495727539,10.578258514404297,11.832592964172363,0.5671126842498779,0.7408636212348938,crackle_and_wheeze,151_3p2_Al_mc_AKGC417L.wav,icbhi
348.74701806208344,487.9908371222307,0.2382921576499939,0.10498064756393433,0.006806482018561485,1057.015395403134,19.19309213852874,324.32201412050466,5.946378707885742,-302.983154296875,145.0440673828125,44.937862396240234,34.18408966064453,47.79817199707031,27.8651065826416,8.05091381072998,11.37630844116211,18.29313850402832,14.555102348327637,9.722156524658203,9.895325660705566,8.563790321350098,0.502396821975708,0.6789789795875549,crackle_and_wheeze,151_3p2_Ar_mc_AKGC417L.wav,icbhi
597.8384914736159,503.9795565415146,0.31063878536224365,0.13964828848838806,0.009718043068445476,1529.8456498025894,19.1981285358518,755.4856869018272,8.990758895874023,-221.75685119628906,128.7845001220703,29.688129425048828,32.975364685058594,35.04807662963867,30.381837844848633,11.964753150939941,13.480171203613281,12.5787353515625,12.733131408691406,10.373985290527344,11.713048934936523,8.914977073669434,0.638826310634613,0.6260787844657898,crackle_and_wheeze,151_3p2_Lr_mc_AKGC417L.wav,icbhi
446.9235989271043,476.4680424838706,0.14027532935142517,0.09071851521730423,0.007678817430394431,1357.4624120135115,18.49867512758256,355.4727151609629,0.8480623364448547,-344.5461730957031,125.30696868896484,68.97259521484375,46.84115982055664,32.56065368652344,19.61211585998535,11.35656452178955,7.267016410827637,7.664090633392334,9.143778800964355,9.620875358581543,8.85912036895752,8.36607551574707,0.2967662811279297,0.6824141144752502,crackle_and_wheeze,151_3p2_Pl_mc_AKGC417L.wav,icbhi
487.7252257973139,449.5580264508071,0.31251147389411926,0.11122901737689972,0.00857494380800464,1434.072576037893,18.533165329433462,393.2182719148782,7.775515079498291,-248.3118896484375,132.47726440429688,65.43392944335938,50.751304626464844,27.432363510131836,20.26624870300293,9.438145637512207,8.569835662841797,4.864496231079102,8.060397148132324,6.645712852478027,9.06573486328125,6.388171672821045,0.6511384844779968,0.6480330228805542,crackle_and_wheeze,151_3p2_Pr_mc_AKGC417L.wav,icbhi
1991.0092743546054,509.57909173236214,0.139947772026062,0.06827154010534286,0.14233341792343387,1694.4899562130336,20.286095180197808,2921.6210031177493,-1.158186912536621,-123.94007110595703,104.56950378417969,-54.46502685546875,45.76749801635742,46.91087341308594,-19.61568832397461,-13.73261547088623,5.166887283325195,-8.07146167755127,-1.444336175918579,-5.654017448425293,13.208268165588379,-3.7562501430511475,0.4433140456676483,0.4469059705734253,wheeze,151_3p2_Tc_mc_AKGC417L.wav,icbhi
783.5226935544395,527.7267641811218,0.23273691534996033,0.11287703365087509,0.010500879132830626,1788.8858505711112,18.664107593043155,1300.2357571418213,6.473555564880371,-230.4574737548828,112.06953430175781,22.14318084716797,37.192344665527344,36.30174255371094,27.095308303833008,11.205947875976562,18.9461727142334,14.580803871154785,12.645870208740234,8.0327730178833,8.887574195861816,5.512441635131836,0.48487651348114014,0.6647886037826538,crackle_and_wheeze,151_3p3_Ll_mc_AKGC417L.wav,icbhi
213.80689794649302,112.39005652673735,0.07277112454175949,0.03801271691918373,0.0023428436774941995,945.4617216601783,18.84412455333668,131.99703632540604,-9.541596412658691,-469.8697814941406,90.34074401855469,65.02149200439453,41.6032829284668,28.266742706298828,23.602645874023438,21.21201515197754,17.91644287109375,14.43957805633545,12.384234428405762,11.47293758392334,10.546432495117188,9.022525787353516,0.13153700530529022,0.802899956703186,normal_respiratory,152_1b1_Al_sc_Meditron.wav,icbhi
298.0004551835002,154.7904425750412,0.06089183688163757,0.028048794716596603,0.002513912050464037,1145.988103640692,18.93960766258646,201.3179628589037,-11.685073852539062,-499.2914123535156,115.00927734375,48.3077507019043,34.23448944091797,31.51912498474121,27.828296661376953,22.97646141052246,15.463722229003906,11.616677284240723,12.204861640930176,11.977767944335938,9.296515464782715,6.950464725494385,0.10497131943702698,0.8030738830566406,normal_respiratory,153_1b1_Al_sc_Meditron.wav,icbhi
200.29025873339387,462.4706745159492,0.2716715931892395,0.08879001438617706,0.0042699119054524365,757.4340806195154,19.001157628570915,177.91122117894432,4.103908538818359,-347.93792724609375,143.6407012939453,78.41998291015625,30.3101806640625,19.58833885192871,28.538291931152344,32.7943229675293,25.518497467041016,13.970643997192383,5.969114303588867,4.197205543518066,7.2057976722717285,11.135656356811523,0.5427784323692322,0.744689404964447,crackle,154_1b3_Al_mc_AKGC417L.wav,icbhi
496.9066806562255,493.2998109028261,0.017932793125510216,0.008469076827168465,0.018877564892691417,1007.2668185271984,18.776739660733934,689.5371297672564,-13.596447944641113,-476.16082763671875,209.67767333984375,36.62491226196289,17.50151824951172,13.986015319824219,7.294532299041748,11.93536376953125,9.804954528808594,-7.555333137512207,-1.8818961381912231,0.47847121953964233,-2.2184560298919678,3.7592015266418457,0.046871084719896317,0.5806819796562195,crackle,154_1b3_Ar_mc_AKGC417L.wav,icbhi
214.57911578569127,467.7431477135993,0.060553520917892456,0.019536741077899933,0.004383202218677495,836.9438047889288,18.646505739122883,187.82848526319606,-9.259404182434082,-509.6436462402344,139.2333984375,86.96508026123047,44.832252502441406,24.662948608398438,18.34612274169922,16.716577529907227,14.84956169128418,11.597837448120117,8.552531242370605,7.377190113067627,7.851377487182617,8.286511421203613,0.11695883423089981,0.7590817213058472,crackle,154_1b3_Ll_mc_AKGC417L.wav,icbhi
308.3285697322442,495.57773019799254,0.18634836375713348,0.06368687748908997,0.00523514537412993,1056.0527242590126,18.93984024744702,231.16967716792342,2.41976261138916,-349.240966796875,144.0516357421875,59.95585250854492,18.906360626220703,18.002683639526367,29.26972198486328,33.59426498413086,25.329509735107422,13.326781272888184,6.659945487976074,6.925391674041748,11.034000396728516,13.641769409179688,0.37607815861701965,0.7403677701950073,crackle,154_1b3_Lr_mc_AKGC417L.wav,icbhi
379.78091369620927,494.02175822874483,0.0809868723154068,0.029689418151974678,0.009054161832946635,1180.1353111470705,18.071442114288047,285.17754857888633,-0.9144968390464783,-406.8294372558594,143.32958984375,72.82774353027344,54.788204193115234,32.35206604003906,29.812562942504883,21.56627082824707,18.910558700561523,9.401591300964355,6.688886642456055,0.8697664141654968,2.9307632446289062,1.4629582166671753,0.19491909444332123,0.6446638107299805,crackle,154_1b3_Pl_mc_AKGC417L.wav,icbhi
659.351389325508,500.5685211168559,0.040500666946172714,0.014548019506037235,0.009736169518561485,1687.5240773638682,18.498535420697017,800.6254758193155,-6.101321220397949,-412.08404541015625,125.32083892822266,41.38264083862305,27.366893768310547,16.96068000793457,29.38595199584961,26.647926330566406,26.146072387695312,13.265498161315918,8.893197059631348,1.4984642267227173,7.753769397735596,8.14498519897461,0.0887976810336113,0.6860221028327942,crackle,154_1b3_Pr_mc_AKGC417L.wav,icbhi
1389.0365564033548,569.0990896368875,0.007174440659582615,0.003167809685692191,0.012868646679234338,2472.4703739790843,19.11758224393601,3497.771579538863,-24.473663330078125,-531.4617309570312,95.69901275634766,27.772607803344727,15.02581787109375,6.621542453765869,20.455726623535156,14.01962661743164,18.297292709350586,2.4128804206848145,6.520532131195068,-2.867016077041626,5.567116737365723,3.778963327407837,0.011973531916737556,0.6979026794433594,normal_respiratory,154_1b3_Tc_mc_AKGC417L.wav,icbhi
535.0601247226267,497.648325165036,0.055040549486875534,0.027951834723353386,0.006509661397911833,1537.8860764804156,18.780378824186997,473.18089744054527,-7.3087382316589355,-433.3719482421875,120.72582244873047,41.67618179321289,26.812789916992188,20.075315475463867,26.15604591369629,21.548742294311523,20.234233856201172,15.676977157592773,15.56623363494873,11.432245254516602,10.353428840637207,8.100322723388672,0.10982707142829895,0.755183219909668,crackle,154_2b4_Al_mc_AKGC417L.wav,icbhi
1393.4351032601646,473.9475400671484,0.012218968942761421,0.004251460079103708,0.04034607924883991,2174.7337157758375,18.72999648798146,2708.73706224623,-12.460386276245117,-380.9729919433594,123.58383178710938,5.019538402557373,12.710834503173828,27.09724998474121,25.21546745300293,2.1837892532348633,8.92814826965332,6.925474166870117,6.671319961547852,-3.8296687602996826,3.3642427921295166,1.1177488565444946,0.03156954050064087,0.5804945826530457,crackle,154_2b4_Ar_mc_AKGC417L.wav,icbhi
610.6962449773047,502.14269965085856,0.05534249544143677,0.02326415479183197,0.006200378842807425,1703.2247464432696,18.768836104274236,571.9288695439385,-8.294224739074707,-429.6851806640625,106.38304901123047,44.0350456237793,36.42401123046875,23.06795310974121,23.740619659423828,17.97389030456543,18.280576705932617,13.732763290405273,14.041194915771484,8.886886596679688,9.049297332763672,6.244981288909912,0.10432315617799759,0.7748556137084961,crackle,154_2b4_Ll_mc_AKGC417L.wav,icbhi
1108.7723670087191,500.3281057957521,0.017798904329538345,0.006296246312558651,0.01617445801914153,2148.7265675068084,18.386596493356205,2199.4593219801336,-12.398143768310547,-423.51605224609375,112.65687561035156,20.875246047973633,19.646953582763672,20.038667678833008,25.871047973632812,13.148951530456543,14.790793418884277,8.906254768371582,11.877809524536133,4.321702003479004,7.102367877960205,3.1035099029541016,0.0388348214328289,0.7140069603919983,crackle,154_2b4_Lr_mc_AKGC417L.wav,icbhi
773.4212086942547,516.1496901099783,0.08319265395402908,0.04065453261137009,0.010809028784802784,1880.8170568845453,17.887248163680532,1027.5484655959976,-1.183506965637207,-342.1458740234375,109.28168487548828,48.59184265136719,43.349552154541016,27.660184860229492,26.81275749206543,17.720197677612305,17.480865478515625,10.657965660095215,11.43943977355957,5.756739616394043,6.132940292358398,1.876142144203186,0.19389641284942627,0.7142938375473022,crackle,154_2b4_Pl_mc_AKGC417L.wav,icbhi
1440.4114878206872,543.1999434140877,0.04486521705985069,0.024244215339422226,0.02341710774361949,2469.95968409336,18.22456955697404,3625.9965582402842,-5.167527198791504,-316.6349182128906,96.7438735961914,24.673751831054688,22.73122787475586,14.724699020385742,22.93084716796875,14.395031929016113,15.888496398925781,8.867669105529785,12.902480125427246,5.892813205718994,7.66708517074585,2.039091110229492,0.09672681242227554,0.6851143836975098,crackle,154_2b4_Pr_mc_AKGC417L.wav,icbhi
1910.9297355422357,525.0176959678024,0.008470037020742893,0.004345330409705639,0.037261184019721574,2794.727046730208,18.650134616278343,5346.754289171258,-16.789661407470703,-436.3313293457031,86.79683685302734,25.156362533569336,20.566020965576172,18.003183364868164,20.71656036376953,8.453288078308105,14.631969451904297,3.766505241394043,12.88298511505127,0.9063503742218018,6.086010456085205,0.09965264052152634,0.018223578110337257,0.6365678906440735,normal_respiratory,154_2b4_Tc_mc_AKGC417L.wav,icbhi
413.4772351689175,491.13533768205036,0.12157924473285675,0.06512100994586945,0.004585991879350348,1354.5963439229718,18.395900148325893,262.1704951239849,-3.7414660453796387,-390.710693359375,114.69381713867188,53.69577407836914,28.86859703063965,22.604734420776367,22.272903442382812,22.995054244995117,19.569473266601562,14.978221893310547,12.268289566040039,10.879868507385254,10.029061317443848,9.2158784866333,0.23378776013851166,0.7840402722358704,crackle,154_3b3_Al_mc_AKGC417L.wav,icbhi
627.9263830452873,500.0542390756127,0.06333990395069122,0.025783395394682884,0.009071155379930394,1605.754352299241,18.68689024644453,758.8330757866879,-3.2539756298065186,-368.6925354003906,134.50831604003906,38.22755813598633,23.153667449951172,22.38511085510254,32.31877899169922,21.936687469482422,14.203012466430664,5.525170803070068,8.023415565490723,6.819079875946045,11.506299018859863,7.783742904663086,0.1392037719488144,0.6682881116867065,crackle,154_3b3_Ar_mc_AKGC417L.wav,icbhi
679.323907914686,540.0610809524258,0.04230562597513199,0.022898131981492043,0.007163346505220418,1791.7258937676127,18.717014880551034,824.2070810977378,-12.195080757141113,-461.2437744140625,101.1534194946289,43.260677337646484,36.57773971557617,21.87519645690918,20.799175262451172,15.157220840454102,14.976304054260254,11.412031173706055,12.520611763000488,8.574319839477539,9.524967193603516,6.876009464263916,0.07788029313087463,0.7849085927009583,crackle,154_3b3_Ll_mc_AKGC417L.wav,icbhi
248.4589876799287,490.4820493778991,0.393852561712265,0.12624450027942657,0.0034564874564965197,956.7895913319252,18.878509700941887,165.49590568808006,5.596153736114502,-310.20269775390625,136.38388061523438,60.12860870361328,25.78680992126465,26.433435440063477,29.872343063354492,25.5836238861084,18.3892879486084,15.487979888916016,15.654290199279785,13.178620338439941,8.96703815460205,7.086778163909912,0.7095624208450317,0.7788638472557068,crackle_and_wheeze,154_4b4_Al_mc_AKGC417L.wav,icbhi
1651.647100405378,565.7164291232265,0.0383441336452961,0.023620909079909325,0.0402407192575406,2293.949134924914,19.501454832780368,3894.487123422999,-5.651880264282227,-292.06805419921875,93.87242889404297,6.246578693389893,43.364322662353516,5.669138431549072,22.92170524597168,20.58426284790039,3.220261573791504,-0.7383829355239868,17.240489959716797,1.7894161939620972,3.9973907470703125,0.4260069727897644,0.08766039460897446,0.6749329566955566,crackle,154_4b4_Ar_mc_AKGC417L.wav,icbhi
1108.7414975083245,524.7302795855383,0.1214446946978569,0.0388701930642128,0.011869426116589327,2229.645669753541,18.45662554840116,2450.188741661833,-0.5182700753211975,-264.20452880859375,96.13581848144531,23.61227035522461,31.55437469482422,21.983930587768555,23.021493911743164,14.171924591064453,15.109918594360352,5.794157028198242,10.768869400024414,4.695906162261963,7.4020094871521,3.2163376808166504,0.23752884566783905,0.7763727307319641,normal_respiratory,154_4b4_Ll_mc_AKGC417L.wav,icbhi
415.02258187342096,508.0099781128348,0.4557735025882721,0.14883078634738922,0.004537277044663573,1326.1394254679703,18.59498141275011,296.3188578523782,8.464259147644043,-245.86341857910156,130.81385803222656,43.885746002197266,27.047649383544922,21.589048385620117,30.652873992919922,24.447704315185547,19.05780601501465,13.249994277954102,16.608198165893555,12.889737129211426,10.212238311767578,5.443932056427002,0.816719651222229,0.7653249502182007,crackle,154_4b4_Lr_mc_AKGC417L.wav,icbhi
809.3436924279351,510.7909287181997,0.18304196000099182,0.06705562770366669,0.009289805684454757,1942.5253132446078,18.161140814016083,1148.1044264791183,2.8335115909576416,-260.998291015625,108.38253784179688,43.073612213134766,38.33272171020508,22.597118377685547,22.215160369873047,13.113250732421875,13.22713565826416,7.484098434448242,9.889698028564453,5.950345039367676,8.774150848388672,4.7941131591796875,0.36183106899261475,0.7697328925132751,crackle,154_4b4_Pl_mc_AKGC417L.wav,icbhi
776.6047020913318,522.8502452433373,0.08578775078058243,0.042134884744882584,0.007862347737819025,1905.0515728695518,18.550970882906242,1109.6843958454176,-3.884645462036133,-352.41644287109375,102.9249038696289,34.45891571044922,30.027246475219727,20.81511688232422,26.468130111694336,20.46726417541504,17.645858764648438,11.3934326171875,14.185503959655762,8.572221755981445,9.810577392578125,5.146894454956055,0.16787956655025482,0.7706573605537415,crackle,154_4b4_Pr_mc_AKGC417L.wav,icbhi
142.6530642644093,95.11719807101746,0.09414663910865784,0.03725382685661316,0.0016540385730858468,775.9099980899225,19.072019423637755,76.51531458454177,-10.380928039550781,-498.2447814941406,81.28733825683594,63.6251106262207,45.112911224365234,31.60638999938965,24.879108428955078,22.19301986694336,20.621965408325195,18.61294937133789,16.34885597229004,14.297374725341797,12.845990180969238,11.861724853515625,0.15565182268619537,0.803290069103241,normal_respiratory,155_2b1_Al_mc_LittC2SE.wav,icbhi
339.86811803243233,129.44565169694587,0.013466727919876575,0.004391282796859741,0.005446998259860789,1181.1790937680241,19.03914505103847,296.79348761963456,-18.276655197143555,-594.4639892578125,151.2540283203125,54.90894317626953,23.183605194091797,12.405008316040039,21.942584991455078,24.246137619018555,19.059011459350586,9.603316307067871,8.720128059387207,10.475300788879395,10.790990829467773,10.278399467468262,0.026233544573187828,0.7521101236343384,crackle_and_wheeze,156_2b3_Al_mc_AKGC417L.wav,icbhi
889.9160253177278,279.01230717662963,0.0029503575060516596,0.005677754059433937,0.019968550609048723,1646.9269278713593,18.908424595320426,1672.5703192974188,-28.243206024169922,-597.0222778320312,109.0737533569336,26.098657608032227,7.332818984985352,14.569535255432129,15.034677505493164,15.356392860412598,11.600662231445312,2.2340168952941895,3.463414192199707,12.033961296081543,9.675933837890625,3.3866841793060303,0.00703755347058177,0.6704036593437195,crackle_and_wheeze,156_2b3_Ar_mc_AKGC417L.wav,icbhi
665.7666548209305,167.09602237137366,0.006212417967617512,0.0021207004319876432,0.008349496084686775,1800.119310177295,18.689281952695996,696.1319854807134,-21.49802017211914,-607.2832641601562,112.34139251708984,44.497467041015625,34.62553024291992,21.28447151184082,26.421419143676758,19.889270782470703,19.01567268371582,10.911317825317383,12.720504760742188,9.564523696899414,10.752811431884766,5.784679412841797,0.012808815576136112,0.7277565598487854,crackle_and_wheeze,156_2b3_Ll_mc_AKGC417L.wav,icbhi
246.3473450099863,77.29780038568437,0.038836583495140076,0.015445777215063572,0.004465904147331786,980.9973826187837,19.03244077293656,196.02209387688515,-12.163522720336914,-510.14453125,136.16909790039062,74.33295440673828,27.108386993408203,12.551445007324219,16.1431941986084,18.790470123291016,14.808426856994629,9.493215560913086,8.262129783630371,10.50841999053955,12.295929908752441,11.55502986907959,0.0727258250117302,0.780838131904602,crackle_and_wheeze,156_2b3_Lr_mc_AKGC417L.wav,icbhi
437.39574482842454,95.31517599759245,0.027045849710702896,0.004327497445046902,0.0070160690980278426,1377.9751508561176,19.370371264859862,312.8059971360209,-9.4649076461792,-492.5016174316406,139.6686553955078,55.82617950439453,37.431358337402344,22.820331573486328,30.566373825073242,18.853361129760742,19.75571060180664,11.295843124389648,13.224055290222168,10.10066032409668,4.976914882659912,4.938407897949219,0.05682869628071785,0.6227056980133057,crackle_and_wheeze,156_2b3_Pl_mc_AKGC417L.wav,icbhi
523.9502130162796,140.3589248242791,0.041819293051958084,0.01784284971654415,0.007479426479118329,1529.9132744828298,18.38827275800917,502.63292352450696,-8.077225685119629,-434.2972717285156,133.9855499267578,46.76365280151367,26.68509292602539,18.500003814697266,23.46308135986328,19.097986221313477,16.518739700317383,10.94693374633789,9.857019424438477,7.624841213226318,8.647784233093262,7.2027082443237305,0.0857197493314743,0.7491353154182434,crackle,156_2b3_Pr_mc_AKGC417L.wav,icbhi
429.8759602383973,124.9601443201467,0.027330277487635612,0.008857925422489643,0.007007005872969837,1298.560240187242,18.68285651832517,438.7577490574246,-10.218281745910645,-480.27349853515625,151.3123321533203,35.762176513671875,19.169822692871094,18.084535598754883,33.59601974487305,28.057334899902344,17.676776885986328,8.045265197753906,11.00218677520752,9.382832527160645,9.713658332824707,5.632835865020752,0.05848244950175285,0.7315824031829834,crackle_and_wheeze,156_5b3_Al_mc_AKGC417L.wav,icbhi
284.07717794141655,164.2622874110696,0.06559232622385025,0.040648262947797775,0.006143733686194895,747.1629332342449,19.055400988184736,481.4494475964327,-8.160760879516602,-412.5415344238281,153.93016052246094,52.827571868896484,8.025473594665527,10.492085456848145,15.421408653259277,13.60117244720459,9.312893867492676,4.938699722290039,7.217952251434326,13.929893493652344,12.582629203796387,4.171742916107178,0.11948423087596893,0.7206401824951172,crackle_and_wheeze,156_5b3_Ar_mc_AKGC417L.wav,icbhi
1425.4249941752726,326.9559592637064,0.03813892602920532,0.01997397467494011,0.028413210556844547,2246.535842949256,18.382418797128118,3054.592279491734,-5.2736711502075195,-312.385009765625,102.35160064697266,-2.919292449951172,27.126495361328125,27.51282501220703,17.52401351928711,10.140987396240234,20.908977508544922,11.610734939575195,9.087031364440918,4.268499374389648,10.2667875289917,5.9486212730407715,0.08921419084072113,0.7363390326499939,crackle_and_wheeze,156_5b3_Ll_mc_AKGC417L.wav,icbhi
341.212541752408,121.44377569596489,0.058343205600976944,0.02551347203552723,0.006125607236078886,1108.7638623719067,18.605664356601064,352.4500729589617,-6.834107398986816,-426.9811096191406,153.72067260742188,46.501922607421875,17.731172561645508,22.77401351928711,25.615076065063477,24.433612823486328,12.545653343200684,4.73836088180542,9.599028587341309,8.9173002243042,4.589878082275391,6.970992088317871,0.11868369579315186,0.7672337889671326,crackle_and_wheeze,156_5b3_Lr_mc_AKGC417L.wav,icbhi
255.00690039999822,89.5616866273729,0.04302630200982094,0.03523886948823929,0.006548180104408352,916.2565980200918,18.425903496770054,252.7778218351218,-7.727564334869385,-434.84185791015625,98.09278106689453,74.38709259033203,49.85810089111328,32.48774337768555,23.03481101989746,18.05523109436035,14.031593322753906,9.731799125671387,5.805659294128418,3.376966714859009,2.6747615337371826,2.8469882011413574,0.09622073173522949,0.7020504474639893,crackle_and_wheeze,156_5b3_Pl_mc_AKGC417L.wav,icbhi
258.1697511650305,95.82911365561732,0.04193846136331558,0.01216792594641447,0.005454928581786543,1032.2737174924305,18.598816748425115,174.4389297237529,-8.921000480651855,-515.7485961914062,142.83985900878906,66.5910415649414,39.96390151977539,28.505197525024414,25.38841438293457,22.18703269958496,18.326074600219727,15.312628746032715,12.344257354736328,10.975250244140625,10.138298034667969,7.203632354736328,0.08624055236577988,0.6982059478759766,crackle_and_wheeze,156_5b3_Pr_mc_AKGC417L.wav,icbhi
171.5629067253871,103.31245745547166,0.029755642637610435,0.009212392382323742,0.0040229390226218095,810.4638611641284,19.083854681192317,108.14064539225637,-14.41617488861084,-569.5238037109375,113.9949951171875,64.38916015625,29.838584899902344,22.829044342041016,27.503643035888672,27.0065975189209,20.409420013427734,15.148528099060059,14.75193977355957,16.337505340576172,16.3148193359375,13.589306831359863,0.054679639637470245,0.7831308245658875,crackle_and_wheeze,156_8b3_Al_mc_AKGC417L.wav,icbhi
2251.3628535161847,465.2325169880472,0.038522761315107346,0.01227038074284792,0.06967580843967518,2507.737912788144,19.191396215930222,4831.081537304234,-3.7067906856536865,-245.06568908691406,76.29466247558594,-3.5062501430511475,42.40535354614258,-3.7065932750701904,24.061620712280273,21.167675018310547,4.434562683105469,3.131620168685913,10.859814643859863,1.050103783607483,16.302831649780273,4.381974220275879,0.10320432484149933,0.7150078415870667,crackle_and_wheeze,156_8b3_Ar_mc_AKGC417L.wav,icbhi
332.7315121243769,127.57390919701676,0.26215052604675293,0.08720367401838303,0.004704946708236659,1267.4489419250228,18.83130540752102,151.85654500797563,2.8003594875335693,-334.97332763671875,115.10926818847656,50.54251480102539,37.248573303222656,27.44756317138672,25.693849563598633,22.901193618774414,21.37795639038086,18.81281089782715,15.965994834899902,13.520727157592773,12.0554780960083,10.702077865600586,0.5001040697097778,0.7835743427276611,crackle_and_wheeze,156_8b3_Ll_mc_AKGC417L.wav,icbhi
1707.4682039836678,281.54854654218093,0.010252834297716618,0.0027458914555609226,0.04403481184744779,2117.750563237402,19.694298836099456,3744.1044287449245,-16.095720291137695,-423.1263122558594,91.8565444946289,-24.720176696777344,48.83847427368164,2.0930535793304443,11.536755561828613,32.865665435791016,3.785634994506836,-1.983491063117981,20.01103401184082,6.027224063873291,12.422015190124512,11.149210929870605,0.023338472470641136,0.7419925332069397,wheeze,156_8b3_Lr_mc_AKGC417L.wav,icbhi
543.6118044708601,134.39902685817896,0.13566847145557404,0.043151043355464935,0.008706360571345708,1579.4954182989757,18.47933617842044,436.65938587587004,3.392669200897217,-307.3966369628906,125.22447967529297,47.163963317871094,38.009185791015625,25.95058250427246,31.162639617919922,18.289216995239258,20.967830657958984,13.896384239196777,12.223812103271484,6.672026634216309,6.471380710601807,5.469850540161133,0.29793140292167664,0.6727802157402039,crackle_and_wheeze,156_8b3_Pl_mc_AKGC417L.wav,icbhi
49.73147065969012,52.633769999538195,0.20560461282730103,0.12166746705770493,0.0009663663718097447,158.04239732631123,23.034910407896383,57.030513612964036,-6.262162685394287,-419.5614013671875,86.644287109375,55.40768051147461,29.51650047302246,21.299129486083984,25.587411880493164,30.10420036315918,28.27253532409668,21.741943359375,14.929524421691895,10.295966148376465,7.819903373718262,6.53422212600708,0.30309730768203735,0.7757226824760437,crackle,157_1b1_Al_sc_Meditron.wav,icbhi
75.97275408675883,76.27515747114029,0.18183527886867523,0.090738445520401,0.0017661959831786543,192.64644045747755,20.572709075192424,94.05163545896171,-3.2957205772399902,-398.5979919433594,121.40025329589844,66.7780990600586,26.032564163208008,15.140060424804688,19.18714714050293,20.56642723083496,17.856647491455078,16.640031814575195,16.62767219543457,14.490957260131836,11.270050048828125,9.763726234436035,0.3146374225616455,0.708953857421875,normal_respiratory,157_1b1_Ar_sc_Meditron.wav,icbhi
84.971734780879,49.22846149622698,0.18924644589424133,0.05423726141452789,0.0037804977523201856,190.41987931065285,21.093696397509586,107.29130791400812,0.07601536065340042,-386.8084716796875,136.1133575439453,69.00763702392578,27.297016143798828,23.845197677612305,29.153762817382812,23.375337600708008,16.56669044494629,19.034727096557617,21.539735794067383,14.345712661743164,4.650444984436035,2.8670666217803955,0.3636041283607483,0.5732632279396057,crackle,157_1b1_Lr_sc_Meditron.wav,icbhi
63.10447393019232,57.782646120188716,0.24127420783042908,0.1648005098104477,0.0012937753770301623,182.69182690334006,24.695995551134125,70.89469891966357,-2.546128988265991,-393.7227478027344,115.70885467529297,61.76946258544922,23.59307098388672,15.80820369720459,21.243234634399414,22.626399993896484,20.747610092163086,21.343263626098633,21.877159118652344,17.820772171020508,11.339102745056152,6.745909214019775,0.36215588450431824,0.6294570565223694,crackle,157_1b1_Pl_sc_Meditron.wav,icbhi
68.97780746173054,39.68439513156557,0.1649467945098877,0.06568136066198349,0.0018636256525522042,193.59470421427085,21.623148795782004,74.04224369199535,-4.699530601501465,-417.7733154296875,118.32625579833984,59.29618453979492,21.178672790527344,17.273469924926758,24.28636360168457,24.947912216186523,24.09429168701172,26.285959243774414,23.685646057128906,12.531136512756348,2.656693696975708,2.1168746948242188,0.2839485704898834,0.7124306559562683,crackle,157_1b1_Pr_sc_Meditron.wav,icbhi
210.3158100701573,87.40860652856865,0.017639845609664917,0.008934843353927135,0.00201203596287703,982.0961826917696,19.041219141838734,91.32875942575406,-21.640872955322266,-622.8433837890625,81.33528137207031,63.45459747314453,45.715396881103516,33.20614242553711,25.858154296875,20.963167190551758,17.389291763305664,14.71894645690918,12.535439491271973,10.313322067260742,8.469022750854492,7.553269863128662,0.029681973159313202,0.7964460849761963,crackle,158_1b3_Ar_mc_LittC2SE.wav,icbhi
347.69067714597134,475.4617064096727,0.2234504520893097,0.07800571620464325,0.005536497607308585,1194.2419934648015,18.432342422690052,231.64430693517983,4.129779815673828,-328.94866943359375,134.8620147705078,58.91658020019531,35.898834228515625,24.18609046936035,21.283201217651367,19.749252319335938,19.619125366210938,18.14657211303711,16.28464126586914,14.127153396606445,11.238191604614258,8.324116706848145,0.4553132951259613,0.7154682874679565,crackle_and_wheeze,158_1p2_Al_mc_AKGC417L.wav,icbhi
225.0986867012871,494.12944974686064,0.24756725132465363,0.0759710818529129,0.005145646026682134,874.361093882072,18.345466615971564,171.09154083889212,4.519155502319336,-366.7035827636719,127.64700317382812,79.16168212890625,46.87875747680664,33.63676452636719,27.222003936767578,22.946659088134766,20.114273071289062,17.6697998046875,16.349470138549805,14.942261695861816,11.367924690246582,7.516002178192139,0.511836588382721,0.7112611532211304,crackle_and_wheeze,158_1p2_Ar_mc_AKGC417L.wav,icbhi
514.5522091826542,499.7621672664135,0.13151268661022186,0.055238332599401474,0.0070681826421113685,1521.4915419634704,18.29878961478695,377.230742912558,1.173580288887024,-352.069091796875,111.95110321044922,48.00241470336914,43.899757385253906,31.060932159423828,30.1009578704834,22.622568130493164,21.674516677856445,14.885436058044434,13.482902526855469,10.743361473083496,11.720943450927734,7.180729866027832,0.28302109241485596,0.7007973194122314,crackle_and_wheeze,158_1p2_Ll_mc_AKGC417L.wav,icbhi
390.8903979372241,492.30182955734546,0.22563020884990692,0.07704989612102509,0.005629395664153132,1242.082462427912,18.465325182870718,321.77400168575986,4.4951372146606445,-311.0495910644531,136.85679626464844,47.39341735839844,33.21369552612305,27.815610885620117,28.43336296081543,21.259841918945312,18.70960807800293,14.330854415893555,12.713348388671875,11.454011917114258,10.700859069824219,6.6049604415893555,0.4594886898994446,0.729661762714386,crackle_and_wheeze,158_1p2_Lr_mc_AKGC417L.wav,icbhi
189.03612627299634,494.2399467973436,0.3365216553211212,0.11275888234376907,0.003990084831786543,778.8130438733941,18.491958528763874,167.39442475710558,4.481762409210205,-362.990234375,120.34085083007812,88.29127502441406,59.684608459472656,40.70671463012695,28.78433609008789,20.97665023803711,16.228899002075195,12.995710372924805,10.64517879486084,8.893306732177734,7.473847389221191,6.231807231903076,0.6360725164413452,0.7326897382736206,crackle_and_wheeze,158_1p2_Pl_mc_AKGC417L.wav,icbhi
228.2764972787663,482.3026682329124,0.3201974332332611,0.11430341750383377,0.0037351816270301623,952.792711153106,18.81357582761148,141.88931989559165,3.38260817527771,-359.4087829589844,114.88721466064453,75.19612121582031,51.68595886230469,38.6274299621582,27.839107513427734,20.795236587524414,17.06866455078125,14.471753120422363,12.446558952331543,11.124083518981934,10.309255599975586,8.93131160736084,0.5936951041221619,0.7707725763320923,crackle_and_wheeze,158_1p2_Pr_mc_AKGC417L.wav,icbhi
325.3609747996369,479.4601497738299,0.20033125579357147,0.09590009599924088,0.00626948593387471,1002.9779346663453,19.01905454729302,407.9817557279582,0.18078693747520447,-334.99267578125,155.77029418945312,70.67516326904297,24.972620010375977,15.913778305053711,11.441929817199707,4.684516906738281,-0.05917061120271683,0.977975606918335,10.186012268066406,18.714426040649414,15.638971328735352,8.426387786865234,0.393583208322525,0.7240097522735596,crackle,158_1p2_Tc_mc_AKGC417L.wav,icbhi
288.90279875034344,432.14256236623737,0.3328000605106354,0.14089976251125336,0.0058344511310904875,1006.2901862650573,18.423909453625054,221.92688696345706,7.2095866203308105,-299.68719482421875,145.11766052246094,62.615882873535156,32.74957275390625,27.827083587646484,23.84844398498535,21.397327423095703,19.450387954711914,17.476736068725586,15.35554027557373,12.450697898864746,8.614871978759766,6.507620811462402,0.6527055501937866,0.6866694688796997,crackle_and_wheeze,158_1p3_Al_mc_AKGC417L.wav,icbhi
210.57451853715733,498.03821533579406,0.33968156576156616,0.13203270733356476,0.005538763413573086,769.2314477828638,18.387508878906857,189.2773550790313,6.814402103424072,-326.9823913574219,137.02125549316406,79.78534698486328,43.12356185913086,29.577930450439453,25.54995346069336,22.15677833557129,18.379880905151367,16.226905822753906,15.347296714782715,13.279105186462402,9.22664737701416,5.894961833953857,0.6636420488357544,0.6777174472808838,crackle_and_wheeze,158_1p3_Ar_mc_AKGC417L.wav,icbhi
444.8047760223567,482.07570510584605,0.46669989824295044,0.15967659652233124,0.0072494471432714615,1339.8208165127458,18.154961755651506,304.0378366988109,11.515868186950684,-220.2829132080078,134.43389892578125,49.274349212646484,41.423492431640625,28.520071029663086,28.492460250854492,20.41104507446289,19.05022621154785,11.855355262756348,12.186464309692383,9.263725280761719,10.292913436889648,4.785243034362793,0.8473951816558838,0.668047308921814,crackle_and_wheeze,158_1p3_Ll_mc_AKGC417L.wav,icbhi
348.08380111806235,496.167379653611,0.28679725527763367,0.10502412170171738,0.006453016241299304,1109.4867370904512,18.50916299584988,315.8036588239559,6.471637725830078,-292.7439880371094,147.85385131835938,50.367149353027344,29.33466339111328,29.139469146728516,28.84950828552246,21.75643539428711,16.18051528930664,13.563420295715332,12.692523002624512,12.159004211425781,9.102609634399414,5.876120567321777,0.5807977914810181,0.6937549710273743,crackle_and_wheeze,158_1p3_Lr_mc_AKGC417L.wav,icbhi
174.93722320115467,319.3069564080124,0.4330879747867584,0.14610382914543152,0.005053880872969837,686.2131857536982,18.593863305367314,184.63097946273203,6.97623348236084,-318.5044250488281,140.51686096191406,85.6164321899414,49.311866760253906,33.34783172607422,25.03870964050293,19.26312828063965,15.761642456054688,13.836810111999512,11.119779586791992,7.018820762634277,4.126441955566406,4.237131118774414,0.782459020614624,0.6990615725517273,crackle_and_wheeze,158_1p3_Pl_mc_AKGC417L.wav,icbhi
201.9005925282491,507.45809464629446,0.44696471095085144,0.13786150515079498,0.0038530035527842227,808.4246346333327,18.66758304799374,173.08998196418213,5.970690727233887,-329.83123779296875,134.18255615234375,79.81242370605469,44.09980392456055,30.540306091308594,25.62925910949707,22.032419204711914,17.425094604492188,12.226807594299316,9.578920364379883,9.986664772033691,11.169511795043945,10.766450881958008,0.7939455509185791,0.754859209060669,crackle_and_wheeze,158_1p3_Pr_mc_AKGC417L.wav,icbhi
317.91778942169606,488.2180271895158,0.26534271240234375,0.12578502297401428,0.008896688297563805,873.0676782120191,18.815895934487493,454.72029754567865,3.6345152854919434,-288.052001953125,166.74285888671875,71.41084289550781,22.214046478271484,11.612380981445312,9.296243667602539,4.170682430267334,0.4996013939380646,1.2114348411560059,8.85656452178955,17.50343132019043,15.227290153503418,6.555351734161377,0.5402056574821472,0.6973889470100403,wheeze,158_1p3_Tc_mc_AKGC417L.wav,icbhi
314.8159678487482,410.03565815578503,0.2809899151325226,0.10424480587244034,0.00544926406612529,1091.4312591286987,18.449473371203776,234.2172998839907,5.732901096343994,-306.1105651855469,144.77859497070312,53.12826919555664,28.726938247680664,25.409639358520508,22.872310638427734,20.939340591430664,19.0768985748291,17.6773624420166,17.242643356323242,14.69732666015625,9.425119400024414,6.663829326629639,0.5670440196990967,0.7217081785202026,crackle_and_wheeze,158_1p4_Al_mc_AKGC417L.wav,icbhi
223.9837516504438,484.0315226695981,0.28872865438461304,0.10762040317058563,0.005158107961136891,830.1719990578373,18.36181644886465,177.68639655234918,5.591508388519287,-332.32989501953125,137.40106201171875,74.31704711914062,37.04887390136719,28.03860092163086,25.317527770996094,21.231782913208008,17.83330726623535,16.094877243041992,16.435436248779297,15.340832710266113,10.219975471496582,5.740177631378174,0.5942517518997192,0.7293790578842163,crackle_and_wheeze,158_1p4_Ar_mc_AKGC417L.wav,icbhi
401.058607833245,503.61257039902415,0.2557324469089508,0.1050758808851242,0.0068110136310904875,1179.233212812484,18.49668114427825,414.95131915240717,5.578367710113525,-281.1718444824219,153.51968383789062,37.97325897216797,22.276052474975586,26.202411651611328,28.219573974609375,19.67154884338379,14.830035209655762,12.85775089263916,14.23429012298584,11.864774703979492,7.461770057678223,4.579477310180664,0.5291825532913208,0.7299275994300842,crackle_and_wheeze,158_1p4_Lr_mc_AKGC417L.wav,icbhi
179.16948267034078,493.1278974013353,0.4112469553947449,0.13543105125427246,0.003987819025522042,720.4897948232206,18.58603649324509,164.97131489269142,5.60301399230957,-336.0291442871094,132.8401641845703,86.70903778076172,50.73017120361328,32.724388122558594,24.459177017211914,18.991273880004883,15.73408317565918,13.786832809448242,11.645648002624512,8.850008964538574,6.5794453620910645,5.818124294281006,0.7596545815467834,0.7466007471084595,crackle_and_wheeze,158_1p4_Pl_mc_AKGC417L.wav,icbhi
194.09851292403653,456.1541338984088,0.4268024265766144,0.14330723881721497,0.003382848752900232,831.1197977916144,18.70322071972851,143.66293639428653,5.223428249359131,-335.759521484375,124.13799285888672,79.79767608642578,47.19597244262695,32.01466369628906,25.067447662353516,20.701038360595703,16.86318016052246,13.509181022644043,11.635248184204102,11.162637710571289,11.133100509643555,10.445971488952637,0.7494632601737976,0.7845909595489502,crackle_and_wheeze,158_1p4_Pr_mc_AKGC417L.wav,icbhi
319.36607273016745,485.63610448622154,0.2466437816619873,0.11395658552646637,0.007388794228538283,910.4419943466148,18.803418862614954,443.92871546911255,2.574105739593506,-303.4127197265625,164.12730407714844,68.00165557861328,19.18496322631836,13.21267318725586,10.683241844177246,4.961712837219238,1.3385426998138428,1.190508246421814,9.567975997924805,19.91214942932129,17.200483322143555,7.494874954223633,0.4916899800300598,0.702592134475708,crackle,158_1p4_Tc_mc_AKGC417L.wav,icbhi
1659.0266674272575,713.18113747971,0.24669373035430908,0.12940220534801483,0.05509987674013921,2183.8359654772917,19.722728951390508,3478.411681137616,6.850179195404053,-159.426513671875,74.5184326171875,-5.827999591827393,54.56342315673828,22.836700439453125,7.695011138916016,21.748865127563477,28.600099563598633,5.795145034790039,17.786104202270508,12.391383171081543,5.575244426727295,2.796440601348877,0.5486788749694824,0.6201512813568115,crackle_and_wheeze,158_2p2_Ar_mc_AKGC417L.wav,icbhi
912.5882614198161,562.6654743551047,0.27543675899505615,0.12935836613178253,0.013542724042923435,1867.25502261378,20.089285740443305,1695.377528639791,7.455038070678711,-194.29379272460938,122.74909210205078,27.484846115112305,31.965391159057617,11.904605865478516,5.198587894439697,2.1433162689208984,23.348573684692383,24.087560653686523,11.049782752990723,-0.8497164845466614,17.03585433959961,15.091416358947754,0.5601359605789185,0.7214882969856262,crackle_and_wheeze,158_2p3_Lr_mc_AKGC417L.wav,icbhi
300.1218616963556,493.16276530780846,0.2502809464931488,0.10169291496276855,0.008670107671113689,769.5415785298127,19.38294727434093,444.1285595816415,4.625330924987793,-291.7295227050781,177.36575317382812,63.90882110595703,21.07160186767578,22.527122497558594,14.96823787689209,-1.832405686378479,-3.073478937149048,11.555349349975586,20.898557662963867,15.184385299682617,5.637391567230225,3.647494316101074,0.5509350299835205,0.6418848633766174,crackle_and_wheeze,158_2p3_Tc_mc_AKGC417L.wav,icbhi
259.2208328683278,125.00397951481114,0.08090078830718994,0.03826618194580078,0.0024538681844547563,1121.1582181876881,20.550827648798386,125.20233649941996,-10.595913887023926,-498.686767578125,103.80916595458984,60.64378356933594,31.112869262695312,35.4759407043457,38.06406784057617,27.401575088500977,11.11528491973877,9.409911155700684,15.719303131103516,17.018064498901367,8.185153007507324,2.984740972518921,0.1681239902973175,0.8240284323692322,wheeze,159_1b1_Al_sc_Meditron.wav,icbhi
435.5584859862543,169.048208609711,0.03308059275150299,0.013298300094902515,0.005035754422853828,1574.7129987551348,20.342150656725174,201.16807977450696,-14.566337585449219,-539.5956420898438,95.84477996826172,68.28367614746094,30.758440017700195,37.26936721801758,35.03928756713867,25.924152374267578,12.213639259338379,10.470702171325684,11.812914848327637,13.623672485351562,6.705826759338379,2.2867672443389893,0.06018116697669029,0.7927302718162537,normal_respiratory,159_1b1_Ar_sc_Meditron.wav,icbhi
175.6839526536543,97.44870109311252,0.12137788534164429,0.04500247538089752,0.001923669518561485,944.0894107129519,21.131398479161142,79.96262552566705,-9.620789527893066,-472.2583312988281,73.37274932861328,54.58616256713867,40.38895797729492,34.70146942138672,32.98980712890625,25.99468421936035,19.682523727416992,16.27031135559082,15.16927433013916,14.958160400390625,10.608675003051758,8.465361595153809,0.20135806500911713,0.7973974347114563,normal_respiratory,159_1b1_Ll_sc_Meditron.wav,icbhi
252.88388450366605,112.62737578829933,0.07390861213207245,0.029349908232688904,0.0023383120649651972,1215.7877754970898,20.886095223879252,88.08129259715777,-12.069352149963379,-530.9119262695312,71.0487060546875,66.35352325439453,49.43880844116211,43.681396484375,34.800437927246094,26.714195251464844,19.75896644592285,16.51893424987793,13.621649742126465,13.56637191772461,10.036686897277832,8.470735549926758,0.13010436296463013,0.7993254661560059,normal_respiratory,159_1b1_Pr_sc_Meditron.wav,icbhi
258.14120859316546,495.73607184379154,0.24276350438594818,0.09000858664512634,0.004005945475638051,1017.0210532979813,18.972016328953675,146.0860462587007,0.6065130829811096,-369.69366455078125,118.51148223876953,61.25910949707031,30.926870346069336,24.112051010131836,24.019853591918945,24.724367141723633,23.326969146728516,20.252124786376953,17.117324829101562,13.674944877624512,10.612215995788574,9.041017532348633,0.45739689469337463,0.734686553478241,crackle_and_wheeze,160_1b2_Al_mc_AKGC417L.wav,icbhi
181.133672753687,459.2546725831686,0.39556992053985596,0.15707091987133026,0.00345762035962877,805.3393954054329,18.736213426587597,112.18748867096868,3.3109188079833984,-345.57269287109375,105.99893188476562,68.9581298828125,38.910430908203125,26.740633010864258,25.594846725463867,25.424121856689453,23.10865592956543,20.43585968017578,18.141870498657227,15.191084861755371,11.483240127563477,8.626786231994629,0.6860740780830383,0.7740622758865356,wheeze,160_1b2_Ar_mc_AKGC417L.wav,icbhi
178.91825155849517,497.40463900631096,0.33645832538604736,0.147261843085289,0.003967426769141531,719.9986131422094,18.33538747356524,156.9525698774652,4.168154716491699,-355.6229553222656,116.28079986572266,84.3608169555664,56.40428161621094,36.40633773803711,24.519298553466797,18.36125946044922,15.514154434204102,14.283687591552734,13.464139938354492,12.094194412231445,10.103128433227539,8.016875267028809,0.6308773756027222,0.7378621697425842,crackle_and_wheeze,160_1b2_Lr_mc_AKGC417L.wav,icbhi
508.39278483342736,494.5602901717253,0.10552074015140533,0.0423765555024147,0.005707565980278422,1559.7539925908993,18.51583235414876,324.0971894939095,-2.8581905364990234,-389.3425598144531,105.37943267822266,50.86490249633789,44.17864227294922,31.01495933532715,28.124799728393555,20.39304542541504,18.70018196105957,13.690747261047363,13.699495315551758,9.638665199279785,10.223043441772461,6.278139114379883,0.20362015068531036,0.7234271764755249,wheeze,160_1b2_Pl_mc_AKGC417L.wav,icbhi
534.1249584341105,487.05793510786236,0.09989244490861893,0.048936933279037476,0.007205263921113689,1566.6806475804979,18.398324861099383,386.37361106075986,-2.261307716369629,-374.2677001953125,113.34178924560547,57.23176956176758,47.49608612060547,31.117115020751953,24.424579620361328,17.396196365356445,14.093611717224121,10.699816703796387,9.45974063873291,7.249122142791748,6.7343878746032715,5.626497745513916,0.20353765785694122,0.7093931436538696,crackle_and_wheeze,160_1b2_Pr_mc_AKGC417L.wav,icbhi
268.42461224040545,507.56892891627757,0.4774460792541504,0.21441753208637238,0.00429710158062645,873.2336302419819,18.76615305744074,267.81609130292924,7.840291500091553,-271.6316833496094,147.95440673828125,44.47099685668945,28.2955322265625,35.89379119873047,28.55570411682129,18.803630828857422,12.036836624145508,10.638802528381348,13.474945068359375,14.079341888427734,12.454302787780762,6.897147178649902,0.7779301404953003,0.7672083377838135,wheeze,160_1b2_Tc_mc_AKGC417L.wav,icbhi
286.92881156735984,493.1007807932426,0.22404487431049347,0.08791474997997284,0.004344683512180974,1031.2756611235097,18.801142953520397,220.72782228828305,1.1004449129104614,-351.9671630859375,131.82351684570312,58.35390090942383,26.376028060913086,22.94841194152832,22.950279235839844,22.381244659423828,19.398550033569336,16.237741470336914,14.626483917236328,12.44253921508789,10.153671264648438,8.580584526062012,0.4365202486515045,0.7296199202537537,crackle_and_wheeze,160_1b3_Al_mc_AKGC417L.wav,icbhi
200.7631311103553,501.2912117177726,0.3312535881996155,0.11010580509901047,0.003385114559164733,862.4481481233726,18.869484066083693,128.27493972955335,2.309039354324341,-350.8208312988281,106.72681427001953,65.85087585449219,35.38553237915039,25.497865676879883,25.925914764404297,25.074207305908203,22.307065963745117,20.366676330566406,18.783489227294922,15.425565719604492,11.135725021362305,8.358644485473633,0.6050333380699158,0.7684000730514526,wheeze,160_1b3_Ar_mc_AKGC417L.wav,icbhi
165.66866296998097,494.8827168896621,0.3307247757911682,0.11791669577360153,0.003414570040603248,718.8262593156156,18.411874061483132,135.69415240719258,2.901127815246582,-372.35028076171875,107.87845611572266,81.27704620361328,55.817283630371094,37.62176513671875,26.976539611816406,21.135299682617188,17.914154052734375,15.768586158752441,14.034377098083496,12.249902725219727,10.501896858215332,8.889653205871582,0.6163303852081299,0.7605156898498535,wheeze,160_1b3_Lr_mc_AKGC417L.wav,icbhi
502.6890141797923,494.02158009615766,0.10478979349136353,0.03881704434752464,0.005355233106148492,1557.9379172226018,18.74216110649527,282.929302312935,-3.0493156909942627,-388.28240966796875,104.38069152832031,49.76784896850586,43.650123596191406,30.548133850097656,28.306835174560547,21.496278762817383,19.701690673828125,14.390909194946289,13.430219650268555,8.800227165222168,8.31856918334961,5.849769115447998,0.2006833702325821,0.735799252986908,crackle_and_wheeze,160_1b3_Pl_mc_AKGC417L.wav,icbhi
557.0605870138972,472.32734581694706,0.09092790633440018,0.03691425547003746,0.00656290784512761,1618.867718362086,18.41561881447121,402.48604263341065,-2.6860909461975098,-377.4290771484375,110.31587982177734,54.687744140625,48.07093811035156,31.774993896484375,26.505529403686523,18.0467472076416,15.730539321899414,10.75987434387207,9.704257011413574,6.229256629943848,6.409811973571777,4.274333477020264,0.18597540259361267,0.7156749367713928,crackle_and_wheeze,160_1b3_Pr_mc_AKGC417L.wav,icbhi
291.12448758557395,503.6458490228497,0.37071090936660767,0.1635577231645584,0.004966647331786543,924.6305398464447,18.619095415534694,298.7919287449246,7.2593865394592285,-269.522216796875,151.6516876220703,52.70539093017578,23.20492935180664,30.1850643157959,28.05293083190918,17.89313316345215,10.646550178527832,9.230603218078613,12.023483276367188,13.076869010925293,10.156834602355957,5.066803932189941,0.6890703439712524,0.746284008026123,wheeze,160_1b3_Tc_mc_AKGC417L.wav,icbhi
283.1357233143444,494.0377415108665,0.2261267900466919,0.09811276197433472,0.004085248694895591,1033.8203962660718,18.569627771316043,204.4655076312355,1.3706663846969604,-344.9924011230469,121.32896423339844,64.97038269042969,31.06076431274414,23.340980529785156,23.69782257080078,21.16956901550293,16.806459426879883,14.363485336303711,14.124957084655762,13.008349418640137,10.46463394165039,8.474662780761719,0.43140682578086853,0.7510533928871155,crackle_and_wheeze,160_1b4_Al_mc_AKGC417L.wav,icbhi
189.20801764087983,483.5419724504196,0.3537757694721222,0.11400306224822998,0.0035561829321345707,839.3501005197047,18.83733941522721,115.73472166835847,2.480651378631592,-360.10626220703125,105.59998321533203,67.93753051757812,39.03691864013672,28.50934410095215,27.56674575805664,26.09193229675293,22.811222076416016,20.2857723236084,18.398731231689453,15.369279861450195,11.55962085723877,9.187623977661133,0.6477028131484985,0.781643807888031,crackle_and_wheeze,160_1b4_Ar_mc_AKGC417L.wav,icbhi
166.73679506143483,471.5542678890066,0.3093666136264801,0.11837819963693619,0.0034383610063805103,755.3219588471633,18.63768808812746,119.98140905959977,2.355931043624878,-367.8665771484375,94.8113784790039,75.35511779785156,55.09813690185547,38.71665573120117,28.028257369995117,22.05105972290039,18.888700485229492,16.916688919067383,15.157050132751465,13.273648262023926,11.178723335266113,9.018290519714355,0.5664443969726562,0.7697448134422302,wheeze,160_1b4_Lr_mc_AKGC417L.wav,icbhi
453.03818979110554,492.6850785197976,0.12176632881164551,0.03829334303736687,0.00484429379350348,1475.279196196492,18.64918975013997,228.7465673035093,-2.4780077934265137,-387.25,105.26756286621094,50.861228942871094,44.44188690185547,31.099668502807617,28.623435974121094,21.46538543701172,19.603403091430664,14.438424110412598,13.505818367004395,9.068757057189941,9.65838623046875,7.001941204071045,0.2365799844264984,0.7657618522644043,crackle_and_wheeze,160_1b4_Pl_mc_AKGC417L.wav,icbhi
559.8240791293529,426.10211680919286,0.08850432187318802,0.03023674339056015,0.0070999039298143855,1634.0717649194726,18.37609778595431,410.45482662050466,-3.076911211013794,-378.0469055175781,110.41178131103516,54.912540435791016,48.600433349609375,31.62572479248047,26.770097732543945,17.529415130615234,15.048940658569336,9.210980415344238,8.645195960998535,5.2817463874816895,6.356215000152588,3.653989791870117,0.17996647953987122,0.7517411708831787,crackle_and_wheeze,160_1b4_Pr_mc_AKGC417L.wav,icbhi
280.5818535260914,500.4862193194336,0.42796680331230164,0.2308923602104187,0.004484030597447796,924.4090434819328,19.04200026951983,268.4905651827146,6.892148494720459,-277.69989013671875,150.72914123535156,53.88947296142578,26.651762008666992,30.543270111083984,27.299114227294922,17.238765716552734,9.324952125549316,9.104262351989746,13.0433349609375,14.030112266540527,10.474825859069824,4.968818187713623,0.7017881870269775,0.7528021335601807,wheeze,160_1b4_Tc_mc_AKGC417L.wav,icbhi
569.0929881786052,530.5510342742243,0.11216307431459427,0.06410226970911026,0.0035754422853828305,1648.3942765001837,18.710559243824296,538.8296884063225,-7.7878618240356445,-398.12188720703125,100.81327819824219,41.96345520019531,35.88538360595703,23.181907653808594,21.010499954223633,16.190832138061523,14.521400451660156,10.83304214477539,9.665974617004395,8.145135879516602,8.456345558166504,6.212435722351074,0.17850279808044434,0.7947341203689575,crackle,160_2b3_Lr_mc_AKGC417L.wav,icbhi
266.54026496114056,505.42075761817404,0.2582646608352661,0.11798635125160217,0.0028798397621809745,1051.526087580208,19.29316239248021,143.4131312536253,-1.495916724205017,-360.3822021484375,103.26397705078125,59.14272689819336,26.647327423095703,17.33557891845703,20.858245849609375,24.025150299072266,23.451719284057617,20.56493377685547,16.528501510620117,12.000802040100098,8.903207778930664,8.213128089904785,0.4366409182548523,0.7993156313896179,crackle,160_2b4_Ar_mc_AKGC417L.wav,icbhi
655.3935749492725,507.09352762141765,0.2930122911930084,0.1138257160782814,0.006136936267401392,1789.68305011156,18.607476999247748,617.5682687427494,3.595607280731201,-262.7350158691406,101.62078857421875,44.984859466552734,40.63685989379883,24.60281753540039,23.99276351928711,15.441070556640625,16.455963134765625,10.106066703796387,11.949445724487305,6.839962482452393,8.67324161529541,4.174091339111328,0.5214087963104248,0.7873761057853699,crackle,160_2b4_Pl_mc_AKGC417L.wav,icbhi
782.4852068083169,505.8387707186036,0.1670638471841812,0.05765436217188835,0.008446925754060326,1931.3477726880428,18.150012246188346,986.4805004712877,2.3026113510131836,-278.5333557128906,103.95860290527344,46.01641845703125,43.67049789428711,25.886764526367188,25.357580184936523,14.870221138000488,15.556819915771484,8.303628921508789,10.37125015258789,4.464346408843994,7.419068813323975,2.592085123062134,0.3211502134799957,0.7153156995773315,crackle,160_2b4_Pr_mc_AKGC417L.wav,icbhi
420.4405074056694,471.59415219182904,0.2058546394109726,0.10926682502031326,0.005759679524361949,1317.2057361300078,19.34927632416005,309.58351082149073,2.00588059425354,-313.7610168457031,124.90071868896484,48.22153854370117,27.4300537109375,31.373863220214844,28.506969451904297,20.163419723510742,13.969764709472656,13.335572242736816,12.211077690124512,8.960173606872559,6.157832622528076,4.6064934730529785,0.3893570601940155,0.7501512169837952,normal_respiratory,160_2b4_Tc_mc_AKGC417L.wav,icbhi
141.23431329991965,76.78024829473783,0.08944004774093628,0.037517908960580826,0.002417615284222738,645.1962859025057,18.708555437191315,136.74333399796984,-8.19235610961914,-477.94842529296875,117.34156799316406,74.1224365234375,41.24346160888672,29.915403366088867,28.188148498535156,22.47172737121582,13.886588096618652,9.886015892028809,11.041035652160645,11.151711463928223,7.6929097175598145,4.50679349899292,0.16739334166049957,0.7918961644172668,crackle_and_wheeze,161_1b1_Al_sc_Meditron.wav,icbhi
129.03390496435694,68.92583658357188,0.0917440801858902,0.049150414764881134,0.0022861985208816704,655.0141993140768,19.306506677282194,109.81433983468678,-9.136883735656738,-447.54083251953125,78.75614166259766,56.73966979980469,38.23602294921875,29.815752029418945,27.085405349731445,23.211856842041016,17.266437530517578,12.81736946105957,11.790900230407715,12.22299861907959,11.472549438476562,9.346220970153809,0.1591099053621292,0.7996137738227844,wheeze,161_1b1_Pl_sc_Meditron.wav,icbhi
453.5644429549051,517.4482714815616,0.1532798856496811,0.08858252316713333,0.006332928509280742,1343.0610922000305,18.566405716902505,446.1769617350638,-0.11047408729791641,-344.9207763671875,133.76266479492188,52.08308410644531,25.269134521484375,22.089004516601562,24.124448776245117,22.266218185424805,17.01943016052246,13.86541748046875,11.80470085144043,9.336363792419434,6.627899169921875,5.236253261566162,0.3124288320541382,0.7416692972183228,normal_respiratory,162_1b2_Al_mc_AKGC417L.wav,icbhi
339.67711545530744,488.173934852649,0.18563944101333618,0.11886362731456757,0.005835584034222738,1091.100669869484,18.748656695911947,322.5733781358759,1.2808163166046143,-330.72991943359375,126.67179107666016,70.04480743408203,30.207731246948242,20.071613311767578,22.180330276489258,20.558364868164062,15.397841453552246,11.853087425231934,10.417375564575195,8.76261043548584,6.3467583656311035,4.86820650100708,0.36766284704208374,0.7508385181427002,crackle_and_wheeze,162_1b2_Ar_mc_AKGC417L.wav,icbhi
1118.3872365540358,542.1308462829131,0.07929835468530655,0.0322127640247345,0.010434037848027843,2302.3537212680544,18.45374055096816,2380.418165875145,-3.6350438594818115,-316.0480041503906,96.40172576904297,30.944229125976562,24.28789710998535,17.360084533691406,21.60873794555664,18.122671127319336,16.290578842163086,10.466023445129395,12.40885066986084,7.390142917633057,9.798178672790527,3.7133188247680664,0.14562594890594482,0.7530991435050964,normal_respiratory,162_1b2_Ll_mc_AKGC417L.wav,icbhi
469.79850570642486,511.7760544695777,0.08385676145553589,0.047379110008478165,0.004032002247679814,1496.8311800795025,18.857657050042008,356.64679932207076,-10.357426643371582,-449.4245910644531,105.61564636230469,49.48027420043945,35.27537536621094,20.930665969848633,14.926377296447754,13.606818199157715,13.43181037902832,13.977337837219238,13.20986270904541,12.441934585571289,11.626681327819824,10.255266189575195,0.14128299057483673,0.8022527098655701,normal_respiratory,162_1b2_Lr_mc_AKGC417L.wav,icbhi
477.85249966080244,482.4546190166711,0.11600170284509659,0.05433245748281479,0.005518371157192575,1474.0181368629885,18.550691118065064,352.67489758555683,-2.2325379848480225,-371.74493408203125,120.30110168457031,59.053077697753906,42.7579231262207,27.195816040039062,21.14888572692871,15.948029518127441,13.658876419067383,11.644819259643555,10.449437141418457,8.144553184509277,6.923152923583984,5.4962897300720215,0.21954908967018127,0.7607102990150452,normal_respiratory,162_1b2_Pl_mc_AKGC417L.wav,icbhi
576.6890165504694,501.30242275734275,0.12226621061563492,0.040936119854450226,0.0066297491299303945,1643.6023393861476,18.252195537042102,459.14184853538285,-0.5524635314941406,-344.0321960449219,111.99560546875,52.0890998840332,44.47933578491211,26.71458625793457,24.271583557128906,16.748584747314453,16.688703536987305,11.61158275604248,12.23431396484375,7.737304210662842,7.956394672393799,4.323051929473877,0.24006858468055725,0.7392368316650391,normal_respiratory,162_1b2_Pr_mc_AKGC417L.wav,icbhi
748.3853875085749,414.82711972182994,0.14712072908878326,0.07812762260437012,0.023849876740139213,1510.627575758199,19.22946372197819,1163.392501087587,0.7447950839996338,-248.16876220703125,171.45140075683594,27.508148193359375,-2.547795295715332,17.15902328491211,11.805201530456543,5.910626411437988,-2.9095749855041504,3.1829018592834473,4.938885688781738,6.758831977844238,9.806900024414062,4.786542892456055,0.3617263436317444,0.6414183378219604,crackle,162_1b2_Tc_mc_AKGC417L.wav,icbhi
455.8876274595446,488.2859563224564,0.1957893967628479,0.1500140130519867,0.0056792434019721574,1371.9958107673538,18.842795002717548,398.31429678436774,0.9936891794204712,-329.7779846191406,120.94071197509766,56.87078094482422,25.018207550048828,20.90003776550293,22.028425216674805,21.172204971313477,18.789775848388672,16.73225975036621,14.456609725952148,11.079964637756348,7.936612606048584,6.7703633308410645,0.36606457829475403,0.7567383646965027,normal_respiratory,162_2b2_Al_mc_AKGC417L.wav,icbhi
345.82644809215776,482.8055681936529,0.3185766935348511,0.16405077278614044,0.006142600783062645,1125.5664103648487,18.807571999285653,291.8473458345418,5.391963958740234,-299.4264831542969,145.00003051757812,66.55658721923828,31.85702896118164,21.354488372802734,18.3286075592041,18.635303497314453,17.82819938659668,15.79516315460205,12.660390853881836,9.172880172729492,6.64414119720459,5.689173698425293,0.5935023427009583,0.7354612946510315,normal_respiratory,162_2b2_Ar_mc_AKGC417L.wav,icbhi
511.7486610546374,467.3746474877721,0.07896307110786438,0.027080949395895004,0.006829140081206496,1512.2644040314885,18.77401435515942,409.1058788609339,-4.324522495269775,-391.9979248046875,126.98712921142578,58.18718338012695,43.140316009521484,22.266096115112305,18.521146774291992,10.907614707946777,13.206905364990234,9.484803199768066,11.796041488647461,7.247320652008057,8.858708381652832,5.175840377807617,0.15425091981887817,0.7326709032058716,normal_respiratory,162_2b2_Pl_mc_AKGC417L.wav,icbhi
755.6308173621317,504.89755837331626,0.08620971441268921,0.04591019079089165,0.008094592879930394,1878.116775646139,18.671402691572062,926.2025200297273,-2.9669694900512695,-343.4403381347656,108.99151611328125,47.891441345214844,38.143028259277344,21.369308471679688,18.372020721435547,13.282270431518555,13.789368629455566,10.815485954284668,11.202662467956543,8.417535781860352,7.628551006317139,4.966556549072266,0.16913409531116486,0.7188725471496582,normal_respiratory,162_2b2_Pr_mc_AKGC417L.wav,icbhi
531.7383800682353,482.0368331883815,0.09770538657903671,0.03556627780199051,0.0166015625,1206.77858000926,19.030984817512312,696.5566542198376,-1.5496852397918701,-320.8873596191406,177.91807556152344,36.98073196411133,10.441044807434082,12.391512870788574,16.32010269165039,8.483960151672363,1.6818827390670776,0.5339766144752502,8.990965843200684,11.865754127502441,10.158491134643555,4.974955081939697,0.22982116043567657,0.6685712933540344,normal_respiratory,162_2b2_Tc_mc_AKGC417L.wav,icbhi
470.60651917835014,483.11011314689046,0.17254583537578583,0.13585202395915985,0.007682216139791183,1352.7550138536785,18.825921267807484,477.3026822614559,1.642506718635559,-313.3133850097656,128.99493408203125,54.20209503173828,18.585451126098633,19.48859405517578,24.00495719909668,21.614749908447266,17.176828384399414,14.81609058380127,13.5860595703125,10.710926055908203,6.74333381652832,4.741950511932373,0.337403267621994,0.7488294243812561,normal_respiratory,162_2b3_Al_mc_AKGC417L.wav,icbhi
327.41996224022955,488.8777923068852,0.3416566848754883,0.15266083180904388,0.007240383918213457,1035.4920047983535,18.702863367120504,320.49999546838745,6.522938251495361,-285.64990234375,161.20352172851562,63.58666229248047,27.963380813598633,19.831356048583984,19.342317581176758,18.528690338134766,16.812450408935547,15.238546371459961,12.231348037719727,7.801241397857666,4.2499237060546875,3.65864896774292,0.6643522381782532,0.7463105320930481,normal_respiratory,162_2b3_Ar_mc_AKGC417L.wav,icbhi
567.7938820414195,512.9398807242637,0.09678155928850174,0.05364729091525078,0.005414144069025522,1619.7237984509907,19.031909035007814,531.0357680176915,-6.094608783721924,-378.5244445800781,104.79685974121094,57.155113220214844,33.84571075439453,20.51561164855957,11.407429695129395,9.079014778137207,9.353240966796875,10.541352272033691,11.789655685424805,11.794819831848145,10.518195152282715,8.497527122497559,0.17172697186470032,0.7633707523345947,normal_respiratory,162_2b3_Lr_mc_AKGC417L.wav,icbhi
462.89333680469804,457.79523215091706,0.4150455892086029,0.13615112006664276,0.006911842009860789,1404.4507218336068,18.53225772753842,364.26585611223896,8.93582534790039,-230.3726806640625,134.7228240966797,62.10920333862305,46.100284576416016,24.573060989379883,20.23988151550293,12.121455192565918,12.986055374145508,8.09592056274414,9.785784721374512,5.604630470275879,6.822030067443848,3.3772573471069336,0.7874420285224915,0.7198156118392944,normal_respiratory,162_2b3_Pl_mc_AKGC417L.wav,icbhi
713.928410529985,486.38051308560324,0.18583594262599945,0.06117960810661316,0.008606665095707657,1818.0206188047548,18.548330810689436,785.4123427530452,3.970628261566162,-263.1324462890625,114.49715423583984,50.998077392578125,42.60508728027344,24.04657554626465,21.773120880126953,13.574264526367188,14.513790130615234,8.9535551071167,10.162140846252441,5.28009033203125,6.27252197265625,2.0742156505584717,0.3861435055732727,0.71805739402771,normal_respiratory,162_2b3_Pr_mc_AKGC417L.wav,icbhi
1682.806621543646,577.9786983025115,0.02117168717086315,0.00782738346606493,0.04202504169083527,2325.3299658244946,19.66973714076479,4153.435132232454,-11.527495384216309,-332.87884521484375,105.70526123046875,10.577279090881348,24.065645217895508,-10.691679954528809,16.666072845458984,3.3838083744049072,3.5154311656951904,6.478950500488281,10.912786483764648,5.388295650482178,12.063541412353516,-5.043981552124023,0.04764968529343605,0.5919170379638672,normal_respiratory,162_2b3_Tc_mc_AKGC417L.wav,icbhi
495.52221808798873,524.0544973252227,0.16795802116394043,0.12150004506111145,0.00748055938225058,1383.158199157446,18.908533987115124,542.8515511709687,1.3975436687469482,-316.7449645996094,122.13908386230469,53.98213577270508,23.455684661865234,22.98729705810547,23.401369094848633,19.779388427734375,16.001792907714844,14.505472183227539,14.277694702148438,11.305089950561523,6.973228454589844,6.104832172393799,0.3322852551937103,0.7154828310012817,normal_respiratory,162_2b4_Al_mc_AKGC417L.wav,icbhi
362.64365713134003,498.139562880369,0.37555012106895447,0.20658673346042633,0.006227568517981438,1098.8181145894127,18.705593794128156,355.84742287195473,6.2898383140563965,-282.7928161621094,154.146484375,56.8608512878418,28.476408004760742,22.995506286621094,19.587648391723633,17.74054718017578,15.710477828979492,14.058568000793457,13.02776050567627,10.108981132507324,6.492022514343262,5.355480194091797,0.6749688386917114,0.7177849411964417,normal_respiratory,162_2b4_Ar_mc_AKGC417L.wav,icbhi
536.5192627090697,531.4673977519597,0.13426052033901215,0.11246523261070251,0.005149044736078886,1538.0981460490482,19.2714827049585,557.5400934418503,-5.903800010681152,-374.96405029296875,104.95708465576172,59.260986328125,34.176856994628906,20.971622467041016,11.552596092224121,8.040839195251465,8.112605094909668,9.880547523498535,11.522005081176758,11.38346004486084,9.97637939453125,8.37965202331543,0.23071402311325073,0.7482970952987671,normal_respiratory,162_2b4_Lr_mc_AKGC417L.wav,icbhi
482.26579800422365,506.38948014441297,0.4429306983947754,0.178171768784523,0.0062490936774941995,1411.426829150852,18.687012090481673,440.2815604154582,8.64330005645752,-230.6132049560547,133.72039794921875,58.5064811706543,43.51178741455078,23.46143341064453,19.688135147094727,11.343106269836426,12.437416076660156,8.537569999694824,11.02952766418457,7.162413120269775,8.441381454467773,5.136462688446045,0.7774836421012878,0.7129570841789246,normal_respiratory,162_2b4_Pl_mc_AKGC417L.wav,icbhi
685.7034700333544,439.0880702912806,0.2145509421825409,0.08673180639743805,0.008526228973317866,1768.138858027669,18.57651916745416,833.5497933584687,4.276409149169922,-260.2300720214844,116.86219024658203,51.1556510925293,41.74635696411133,22.40034294128418,20.24397087097168,12.22524642944336,13.514899253845215,8.78355884552002,11.072687149047852,6.615702152252197,7.712462425231934,3.4902689456939697,0.4363979399204254,0.7174500226974487,wheeze,162_2b4_Pr_mc_AKGC417L.wav,icbhi
1643.9713826982559,756.5287941321778,0.026216750964522362,0.01129935123026371,0.055074952871229696,2237.9585678548146,19.652176615006304,3716.600882758121,-10.200950622558594,-328.63323974609375,103.58211517333984,11.001893043518066,34.55013656616211,-4.626661777496338,17.081235885620117,5.6543684005737305,4.2306108474731445,6.108151912689209,12.292160034179688,2.203139543533325,8.626242637634277,-4.682509422302246,0.06257371604442596,0.5915734767913818,crackle,162_2b4_Tc_mc_AKGC417L.wav,icbhi
264.46794068712586,499.1784575032663,0.0525340735912323,0.01925637759268284,0.0035108668068445474,990.2557555881922,19.003825476966266,205.46472819388052,-11.662074089050293,-495.4884033203125,126.37517547607422,67.2228012084961,30.468360900878906,22.075172424316406,21.423439025878906,17.55997085571289,13.42034912109375,12.04321002960205,12.078042984008789,10.017605781555176,6.324827194213867,4.872438430786133,0.09493829309940338,0.7717552781105042,normal_respiratory,163_2b2_Al_mc_AKGC417L.wav,icbhi
392.4616786294577,462.675050557114,0.09232141822576523,0.032021041959524155,0.005978329828886311,1230.4540112994064,18.909265405762547,363.5164406902552,-4.924757957458496,-388.5513000488281,151.21177673339844,48.61379623413086,25.44292640686035,19.499488830566406,20.601871490478516,12.701334953308105,8.266945838928223,6.847831726074219,11.033063888549805,9.957724571228027,6.104738235473633,4.247924327850342,0.18111436069011688,0.7598382830619812,normal_respiratory,163_2b2_Ar_mc_AKGC417L.wav,icbhi
782.9808699655014,508.62349216942835,0.0998314917087555,0.0452168807387352,0.008920479263341068,1891.9018675557315,18.32415385552558,1093.9216914696926,-1.3930089473724365,-316.1940002441406,112.6213150024414,34.349365234375,27.018783569335938,19.774301528930664,24.981243133544922,18.22962760925293,18.698753356933594,11.157248497009277,11.485105514526367,6.991444110870361,8.444080352783203,4.333590030670166,0.19961494207382202,0.7453112602233887,crackle,163_2b2_Ll_mc_AKGC417L.wav,icbhi
707.4206223350134,508.6509260662308,0.23236802220344543,0.09627029299736023,0.007856683222157773,1819.2374165259673,18.3237768393454,818.5365044047273,4.7743353843688965,-256.74609375,109.97840881347656,41.440120697021484,33.305686950683594,21.3223934173584,25.49633026123047,19.56867218017578,19.510190963745117,12.916744232177734,13.135923385620117,7.674720764160156,8.597338676452637,5.865932464599609,0.458727091550827,0.7434983849525452,crackle,163_2b2_Lr_mc_AKGC417L.wav,icbhi
419.03746989066065,488.7235532517585,0.1982692927122116,0.0695219486951828,0.0047740537993039445,1370.0893881656536,18.304217496609446,260.64668376595125,1.758594036102295,-337.3533935546875,120.25750732421875,59.84999084472656,48.38008499145508,30.3297061920166,25.144916534423828,17.214113235473633,15.422940254211426,11.658488273620605,11.110111236572266,7.981640815734863,7.5953755378723145,5.270266532897949,0.39184752106666565,0.7653964161872864,crackle,163_2b2_Pl_mc_AKGC417L.wav,icbhi
577.7350320283009,444.57950713946155,0.13831481337547302,0.021874062716960907,0.007615374854988399,1593.6179669650178,18.74168166957941,487.8444591973608,3.0236833095550537,-298.1228332519531,130.7833709716797,43.2736930847168,33.41306686401367,26.55658531188965,30.848224639892578,19.607912063598633,18.35831642150879,9.608927726745605,9.692630767822266,4.666605472564697,6.272134780883789,4.349244594573975,0.3036940097808838,0.6113604307174683,normal_respiratory,163_2b2_Pr_mc_AKGC417L.wav,icbhi
403.5803157493085,480.7832171710697,0.19545158743858337,0.07496274262666702,0.015303255510440835,929.8764571014141,18.549333370097973,529.961605912848,3.838710069656372,-278.0016174316406,202.63925170898438,66.8051986694336,15.947869300842285,15.103887557983398,16.057748794555664,5.542515754699707,-5.0831074714660645,-9.008329391479492,-1.1698459386825562,10.290304183959961,9.323826789855957,1.4554996490478516,0.4713076055049896,0.6054432988166809,normal_respiratory,163_2b2_Tc_mc_AKGC417L.wav,icbhi
341.3720620618212,132.7387802515105,0.05053072050213814,0.01945684477686882,0.006463212369489559,1119.220332898879,18.801172398752403,330.7420062354988,-6.0379157066345215,-439.7564392089844,147.4114532470703,45.62840270996094,11.06788158416748,22.44222640991211,30.174816131591797,27.168813705444336,20.44442367553711,15.471824645996094,13.840328216552734,12.21629810333252,9.484274864196777,5.9127655029296875,0.10534337908029556,0.7251348495483398,normal_respiratory,163_8b3_Al_mc_AKGC417L.wav,icbhi
528.1712429917009,158.78877846781256,0.07654546946287155,0.03214633837342262,0.009476734701276102,1409.7813620239172,19.156419250725573,785.562225837442,-3.422262668609619,-356.84918212890625,158.97171020507812,23.625411987304688,-2.266500949859619,15.697071075439453,27.47487449645996,25.706623077392578,18.45591163635254,13.909873962402344,8.82507610321045,7.335104942321777,6.751507759094238,7.873138427734375,0.15688179433345795,0.7400132417678833,normal_respiratory,163_8b3_Ar_mc_AKGC417L.wav,icbhi
330.032176613171,102.72428979076123,0.08068647980690002,0.023436039686203003,0.005998722085266821,1212.462780336543,18.71613317799403,212.5591941886601,-3.8301844596862793,-427.3719482421875,138.0147705078125,63.77902603149414,40.77565002441406,24.320606231689453,23.12181854248047,19.732385635375977,18.842601776123047,15.610790252685547,13.378090858459473,9.284754753112793,6.3786211013793945,4.340456008911133,0.16778415441513062,0.6992294788360596,normal_respiratory,163_8b3_Ll_mc_AKGC417L.wav,icbhi
1831.4216697585557,154.61853304117065,0.03633054345846176,0.00925175566226244,0.0851557968387471,2215.2655492796644,18.24561946993272,3252.3380288391822,-2.039193630218506,-200.62355041503906,114.19539642333984,-27.018503189086914,8.236480712890625,30.362010955810547,14.422919273376465,-2.061140537261963,14.270540237426758,8.90372085571289,7.180567741394043,-0.6564622521400452,4.7666850090026855,1.511815071105957,0.11243454366922379,0.6155189275741577,normal_respiratory,163_8b3_Lr_mc_AKGC417L.wav,icbhi
1027.46630623847,257.33131100053646,0.01652996987104416,0.006400738842785358,0.018478782990139213,2098.1024982050326,18.333507198126593,1955.5995436666183,-10.358099937438965,-424.3829040527344,118.98558807373047,24.52302360534668,21.44746208190918,26.408199310302734,31.92641830444336,15.42785930633545,14.226834297180176,10.760228157043457,11.888050079345703,3.111382007598877,6.4091105461120605,4.613443851470947,0.03956381231546402,0.657810389995575,normal_respiratory,163_8b3_Pl_mc_AKGC417L.wav,icbhi
425.53839742734243,149.93232866592368,0.02881227806210518,0.008206306025385857,0.007755854843387471,1392.8978675985827,18.445190967428537,264.76846858686196,-8.856369972229004,-499.1495361328125,126.86366271972656,56.62939453125,42.70444869995117,31.42441749572754,31.24519157409668,24.878475189208984,21.309545516967773,15.857030868530273,14.047472953796387,8.831501007080078,6.542963981628418,3.6825926303863525,0.06357850879430771,0.6669444441795349,normal_respiratory,163_8b3_Pr_mc_AKGC417L.wav,icbhi
102.7385803669833,82.65474778492816,0.06795255839824677,0.03437080979347229,0.003396443590487239,455.2973332900797,19.20225499935528,123.57860308512181,-10.610550880432129,-522.0913696289062,99.15752410888672,69.77448272705078,49.17652893066406,39.75484848022461,34.26139831542969,26.883562088012695,18.883644104003906,14.112129211425781,12.256985664367676,9.603079795837402,5.9928436279296875,4.297187805175781,0.12930896878242493,0.7248451709747314,crackle_and_wheeze,164_1b1_Ll_sc_Meditron.wav,icbhi
412.6860978473247,202.31877718509813,0.022947797551751137,0.011285362765192986,0.0038133519431554526,1338.1025552574413,19.18747933756274,371.8099713602088,-18.74013900756836,-563.4932861328125,118.88744354248047,39.17144012451172,23.526405334472656,25.80722999572754,29.813283920288086,24.923553466796875,11.887042045593262,7.001403331756592,11.690600395202637,12.94945240020752,10.006726264953613,4.20690393447876,0.04391473904252052,0.7830101251602173,crackle,165_1b1_Ar_sc_Meditron.wav,icbhi
389.8222964323334,153.6896056129268,0.022719191387295723,0.008042633533477783,0.003089426841647332,1349.124858550883,19.550135011739318,263.66932596795243,-19.771760940551758,-565.1646728515625,112.67407989501953,33.045047760009766,20.820117950439453,25.586997985839844,32.23710632324219,26.955305099487305,13.296759605407715,6.986673831939697,10.942451477050781,12.28647232055664,9.903873443603516,3.3969016075134277,0.03910038247704506,0.7889601588249207,normal_respiratory,165_1b1_Pl_sc_Meditron.wav,icbhi
333.07834337802717,124.08596060496309,0.025536037981510162,0.009866267442703247,0.0026555249419953596,1260.5348287143684,19.13965330553247,155.5536610897622,-16.520700454711914,-564.8779907226562,113.00555419921875,40.12451171875,29.57798957824707,29.134550094604492,32.529502868652344,28.87401580810547,18.200231552124023,11.446866989135742,12.806182861328125,13.657517433166504,12.826057434082031,7.925895690917969,0.045675378292798996,0.7941545248031616,crackle_and_wheeze,165_1b1_Pr_sc_Meditron.wav,icbhi
45.55289852310041,42.93657685175531,0.14566564559936523,0.06067672744393349,0.0016449753480278421,124.47295408125854,23.11920618490967,62.15151899651972,-7.153146743774414,-480.2821350097656,99.0873794555664,72.03547668457031,48.182579040527344,35.574615478515625,30.329660415649414,25.83975601196289,20.605396270751953,16.221389770507812,13.027729034423828,10.299057006835938,8.328120231628418,7.7600417137146,0.23930978775024414,0.6710253357887268,crackle,166_1p1_Al_sc_Meditron.wav,icbhi
47.8729053845531,88.82005850850818,0.21318139135837555,0.08364742994308472,0.0014671095562645011,127.37293084964267,21.917492797141033,72.56839336209397,-4.710910797119141,-440.7806701660156,89.82392120361328,65.96939086914062,44.49103546142578,33.15232849121094,29.553129196166992,27.487205505371094,24.010141372680664,19.58217430114746,15.241453170776367,11.654647827148438,9.530278205871582,9.043102264404297,0.35040923953056335,0.8041612505912781,normal_respiratory,166_1p1_Ar_sc_Meditron.wav,icbhi
31.186516925304783,53.42536295377857,0.12386396527290344,0.04945557564496994,0.0009108541183294663,84.27886645160108,22.67744153011001,49.511378879060324,-11.021300315856934,-513.6089477539062,64.55706787109375,58.051231384277344,50.506072998046875,42.65394973754883,35.22889709472656,28.680543899536133,23.152185440063477,18.628753662109375,15.128357887268066,12.614914894104004,11.008444786071777,10.121652603149414,0.19068022072315216,0.8155074119567871,crackle,166_1p1_Ll_sc_Meditron.wav,icbhi
39.87597048028802,73.45217300376568,0.22153368592262268,0.11263681203126907,0.001168023129350348,113.14573731570566,22.33525859422027,58.82911062572506,-6.042381763458252,-452.6334533691406,79.97834014892578,59.29393768310547,42.6147575378418,35.56745147705078,33.390052795410156,29.863563537597656,24.53736114501953,19.934267044067383,16.482791900634766,13.025835990905762,10.087034225463867,9.307060241699219,0.34442973136901855,0.8112393617630005,crackle,166_1p1_Pl_sc_Meditron.wav,icbhi
28.87032791477937,40.432262046732305,0.23647600412368774,0.10325174778699875,0.0007760386455916474,95.71335252682948,21.743645507304276,41.36773129350348,-7.787189960479736,-453.3758850097656,52.918251037597656,45.42650604248047,39.40727233886719,36.298065185546875,33.68586349487305,29.682697296142578,25.182025909423828,21.98586654663086,20.14429473876953,18.275157928466797,15.77238655090332,13.364029884338379,0.3480425775051117,0.8265950083732605,wheeze,166_1p1_Pr_sc_Meditron.wav,icbhi
320.1150959346057,139.55538578839278,0.022000178694725037,0.010281323455274105,0.005697369852088167,1155.5590430244092,19.606695457816894,253.82700342589908,-17.61922264099121,-579.4918823242188,132.88523864746094,71.59149932861328,30.737356185913086,30.250146865844727,28.61513328552246,17.66659927368164,3.2736878395080566,6.024960517883301,12.957193374633789,11.57327651977539,3.6824116706848145,1.1844720840454102,0.045957066118717194,0.7547107934951782,normal_respiratory,167_1b1_Al_sc_Meditron.wav,icbhi
197.55429241780428,102.97016571722212,0.039319828152656555,0.013665850274264812,0.002662322360788863,916.7612201594748,19.965256651949023,166.59504830698955,-15.49313735961914,-570.8977661132812,116.4326400756836,78.77068328857422,49.2979621887207,38.956424713134766,31.631425857543945,21.33403968811035,9.071471214294434,4.57144021987915,6.026192665100098,6.751337051391602,4.385850429534912,2.257549285888672,0.07086394727230072,0.7352794408798218,wheeze,167_1b1_Pr_sc_Meditron.wav,icbhi
322.5956982149384,192.81815874627696,0.02607566863298416,0.01562723144888878,0.005153576348607888,1153.5639155924785,18.443276908028498,238.11426007830627,-12.672571182250977,-559.9547119140625,114.40966796875,65.11223602294922,32.9389533996582,30.942861557006836,38.9361572265625,36.3079948425293,24.251564025878906,14.956215858459473,12.336710929870605,11.190194129943848,8.21528148651123,5.613469123840332,0.05439829081296921,0.7422962784767151,normal_respiratory,168_1b1_Al_sc_Meditron.wav,icbhi
163.6049610912329,78.65206713306453,0.06821329891681671,0.037889230996370316,0.004343550609048724,691.2072941711315,18.64119679651839,167.49434681337007,-5.757892608642578,-463.5412292480469,99.53912353515625,72.22022247314453,48.84623336791992,37.31200408935547,33.56283950805664,29.800369262695312,23.141923904418945,15.450554847717285,9.61938762664795,6.725541591644287,6.066885471343994,6.403497219085693,0.1392909586429596,0.7439424395561218,crackle,169_1b1_Lr_sc_Meditron.wav,icbhi
324.9272038857285,147.8703409340054,0.02819545939564705,0.023884713649749756,0.0049893053944315546,1127.6920130921662,18.435055439579376,240.4374478864559,-12.691319465637207,-516.1013793945312,99.3630599975586,60.74493408203125,33.41493225097656,27.242767333984375,31.52699851989746,31.786104202270508,23.828052520751953,13.465008735656738,7.6077775955200195,6.7052321434021,7.582145690917969,7.847177028656006,0.06050219014286995,0.7686493992805481,crackle,169_1b2_Ll_sc_Meditron.wav,icbhi
1227.055496394906,639.8495590152527,0.14293712377548218,0.08970912545919418,0.019294473245359628,2180.33745175072,18.567670126409553,2773.561496247825,1.4100781679153442,-241.5628204345703,97.23635864257812,15.865288734436035,33.3404655456543,17.773193359375,18.42955207824707,16.59676742553711,16.73180389404297,10.75646686553955,15.398580551147461,6.2630934715271,6.526464462280273,4.975795745849609,0.2894642651081085,0.6951276659965515,normal_respiratory,170_1b2_Al_mc_AKGC417L.wav,icbhi
484.70313840094883,518.351973457966,0.1318347156047821,0.12420616298913956,0.00738199680974478,1372.289314285701,18.53899198928435,455.8444206786543,-0.30413883924484253,-347.89508056640625,104.46286010742188,55.65802001953125,31.181777954101562,27.59361457824707,26.92982292175293,23.076583862304688,19.14749526977539,16.77399253845215,14.237907409667969,10.951126098632812,7.852021217346191,6.076030254364014,0.26370176672935486,0.6875558495521545,normal_respiratory,170_1b2_Ar_mc_AKGC417L.wav,icbhi
968.620380358112,612.9536945178888,0.04923415556550026,0.031530167907476425,0.011677965487238979,2065.9177886151692,18.625246221185925,1887.327798723898,-8.241403579711914,-394.9838562011719,96.03211975097656,32.593902587890625,33.0685920715332,26.059499740600586,24.360971450805664,15.309930801391602,14.388667106628418,11.731880187988281,13.780296325683594,8.062416076660156,7.050806045532227,5.406518459320068,0.09606829285621643,0.7031224370002747,normal_respiratory,170_1b2_Lr_mc_AKGC417L.wav,icbhi
682.0327223534164,538.5865151837122,0.04579416662454605,0.025135381147265434,0.008991852160672853,1735.031524398751,18.360468584288892,890.9050536542924,-8.837965965270996,-428.9531555175781,114.95976257324219,47.874691009521484,37.239959716796875,21.629541397094727,20.285545349121094,13.592906951904297,14.658981323242188,9.847764015197754,11.505227088928223,7.489639759063721,9.049576759338379,5.925973415374756,0.09224217385053635,0.705778181552887,crackle,170_1b2_Pl_mc_AKGC417L.wav,icbhi
889.3236345934761,550.1853002701417,0.14657150208950043,0.0748734176158905,0.012585420896171694,1983.4131294458996,18.219463751542282,1553.8878969692576,1.993062138557434,-270.22698974609375,110.2829818725586,45.5106086730957,39.264034271240234,22.98040008544922,21.984668731689453,12.544736862182617,13.116103172302246,7.56372594833374,9.615150451660156,4.534651756286621,6.5770134925842285,2.1627328395843506,0.30401986837387085,0.6728523373603821,normal_respiratory,170_1b2_Pr_mc_AKGC417L.wav,icbhi
678.2392064891524,516.2916877478946,0.12907537817955017,0.06846702098846436,0.010818092009860789,1683.2364124954443,19.230969838852637,847.3140566089037,1.3795204162597656,-299.9507751464844,136.75001525878906,43.719356536865234,23.328855514526367,27.1971435546875,22.975502014160156,19.400081634521484,8.628777503967285,8.575562477111816,9.859576225280762,6.753790855407715,7.577256679534912,3.1186280250549316,0.29158875346183777,0.6673793196678162,normal_respiratory,170_1b2_Tc_mc_AKGC417L.wav,icbhi
1198.9919755248075,626.170178406529,0.1446077674627304,0.10069207102060318,0.017821699173433875,2177.452825282669,18.447764594029252,2678.860367423144,1.4620672464370728,-240.8839111328125,103.80689239501953,15.315640449523926,23.609806060791016,16.40812873840332,19.067317962646484,15.64499568939209,19.072246551513672,12.820332527160645,14.692344665527344,6.857413291931152,7.607376575469971,4.988302230834961,0.28562289476394653,0.7062829732894897,normal_respiratory,170_1b3_Al_mc_AKGC417L.wav,icbhi
455.92551601158505,514.2810168017701,0.14222899079322815,0.1374264359474182,0.00810705481438515,1321.6075732342974,18.24668849964813,391.8443436412413,0.440430223941803,-341.4782409667969,110.60752868652344,58.317161560058594,28.122346878051758,24.771455764770508,27.368812561035156,24.659774780273438,20.021583557128906,16.699825286865234,14.080684661865234,10.730561256408691,7.135696887969971,4.688436508178711,0.2846827805042267,0.6900418400764465,normal_respiratory,170_1b3_Ar_mc_AKGC417L.wav,icbhi
1097.3378063779633,640.8145647406996,0.2123764306306839,0.17162764072418213,0.01226480930974478,2192.345070106712,18.332796585338606,2517.7110711825694,2.470771074295044,-249.9698028564453,94.42858123779297,32.26828384399414,29.397293090820312,18.737707138061523,23.342348098754883,18.376964569091797,16.674102783203125,11.697288513183594,12.617323875427246,9.790637016296387,9.705592155456543,5.0536932945251465,0.3791482746601105,0.76750248670578,normal_respiratory,170_1b3_Ll_mc_AKGC417L.wav,icbhi
957.9896452864929,591.7940921589854,0.04869148135185242,0.03292607143521309,0.01103674231438515,2091.2083150014478,18.357774257945646,1890.350440925899,-7.953125476837158,-398.9161682128906,94.84545135498047,33.956111907958984,31.23251724243164,26.059743881225586,26.574203491210938,17.970680236816406,15.098516464233398,12.808732032775879,14.417581558227539,9.156496047973633,8.361882209777832,5.043595790863037,0.09473244845867157,0.7230239510536194,crackle,170_1b3_Lr_mc_AKGC417L.wav,icbhi
719.0054034367082,422.16652872295026,0.09372429549694061,0.05626895651221275,0.009955952726218097,1784.0768494251527,18.3212411720971,1070.9895795569896,-2.736846923828125,-347.87652587890625,118.27037048339844,54.12095260620117,41.2313117980957,21.04873275756836,18.00473403930664,10.563056945800781,11.53812026977539,6.98380184173584,9.617633819580078,6.418187618255615,9.04523754119873,5.455348968505859,0.1902000606060028,0.7086721062660217,crackle,170_1b3_Pl_mc_AKGC417L.wav,icbhi
899.1942178463046,567.3325728940493,0.14291809499263763,0.07503992319107056,0.012346378335266821,2001.3502471498928,18.132570919718905,1597.7286991553074,2.03377366065979,-274.2254638671875,108.07007598876953,46.6148681640625,40.9547233581543,23.50082778930664,22.417200088500977,13.4552583694458,14.193825721740723,7.867400646209717,9.843138694763184,4.949467658996582,6.654796600341797,2.1429498195648193,0.29151368141174316,0.6868478059768677,crackle,170_1b3_Pr_mc_AKGC417L.wav,icbhi
592.6870187090744,493.704149439488,0.17062221467494965,0.08920568972826004,0.01164171258700696,1486.7836348410872,19.092945602919393,669.8774651972158,3.1268017292022705,-275.9341735839844,156.9883270263672,44.144989013671875,18.50326156616211,24.766220092773438,20.138853073120117,17.22016716003418,7.023748874664307,5.3901286125183105,7.449408054351807,4.927252769470215,7.588290691375732,2.4419047832489014,0.3848314881324768,0.6829710602760315,normal_respiratory,170_1b3_Tc_mc_AKGC417L.wav,icbhi
1245.337240217084,634.854066098442,0.15087436139583588,0.0967857837677002,0.021588602088167052,2143.0223235617177,18.585405799139707,2733.093063460702,1.8643155097961426,-223.67422485351562,102.47109985351562,7.697700023651123,26.374292373657227,15.562007904052734,18.250141143798828,15.030116081237793,19.251876831054688,11.403696060180664,14.04819107055664,6.172521114349365,6.95552921295166,4.693181037902832,0.2986598610877991,0.7307962775230408,normal_respiratory,170_1b4_Al_mc_AKGC417L.wav,icbhi
443.5270980511274,508.7309321523913,0.14435386657714844,0.12504322826862335,0.00816483287412993,1264.2997500475694,18.462014609088644,424.1441483287413,1.2559823989868164,-327.5575256347656,118.00556182861328,55.61935043334961,25.63140106201172,26.093931198120117,28.061603546142578,22.873937606811523,18.084625244140625,15.856983184814453,13.33629322052002,9.64285659790039,6.276165962219238,4.402579307556152,0.2979433536529541,0.6807436943054199,crackle_and_wheeze,170_1b4_Ar_mc_AKGC417L.wav,icbhi
955.8138911736539,636.0629645186094,0.05258006229996681,0.03145887702703476,0.011629250652552204,2059.624717652237,18.456427557450954,1810.8874256815545,-7.199358940124512,-385.8733825683594,97.8852767944336,32.86929702758789,31.180728912353516,27.001550674438477,27.72125816345215,16.14640998840332,13.592369079589844,11.042107582092285,15.234579086303711,8.307480812072754,7.62445068359375,3.6762337684631348,0.10369744151830673,0.7254446744918823,normal_respiratory,170_1b4_Lr_mc_AKGC417L.wav,icbhi
694.0636642187047,556.4216387616918,0.10201171040534973,0.06001238897442818,0.010206324318445476,1710.5037664495221,18.27437658013468,927.3016626486369,-2.238490343093872,-337.9590759277344,125.84532165527344,55.33888626098633,37.74013137817383,17.627351760864258,15.527801513671875,9.473724365234375,11.0584716796875,6.875484943389893,8.579686164855957,6.24241304397583,8.768370628356934,5.781063079833984,0.20782694220542908,0.7171364426612854,crackle,170_1b4_Pl_mc_AKGC417L.wav,icbhi
837.1485585775133,554.0046091144046,0.15530915558338165,0.07406579703092575,0.012329384788283063,1909.7062931954838,18.041984605218044,1324.2170506453017,2.3336451053619385,-264.60821533203125,116.55766296386719,49.304344177246094,39.58942794799805,20.847383499145508,19.57962989807129,11.080155372619629,11.820955276489258,5.959037780761719,8.315536499023438,4.1886677742004395,6.127195358276367,1.5755996704101562,0.31997567415237427,0.6839520335197449,crackle,170_1b4_Pr_mc_AKGC417L.wav,icbhi
557.0246595529993,488.20881425235166,0.2033960223197937,0.096380814909935,0.012737229915893272,1376.7803113251994,19.010971422463246,708.6472230278422,5.067767143249512,-257.9770202636719,165.5788116455078,40.19595718383789,15.15945053100586,25.351457595825195,20.36571502685547,16.779645919799805,8.12341594696045,7.191253185272217,7.228226184844971,5.799758434295654,8.424315452575684,3.6599602699279785,0.47503384947776794,0.6764731407165527,normal_respiratory,170_1b4_Tc_mc_AKGC417L.wav,icbhi
845.6592700530831,582.4790555764657,0.0750712975859642,0.0468653067946434,0.010187064965197216,1905.369456825295,18.600954678978116,1533.054148238109,-3.278722047805786,-354.68133544921875,106.99644470214844,28.096065521240234,26.922273635864258,24.532772064208984,25.794334411621094,17.570695877075195,20.452388763427734,16.395872116088867,17.899433135986328,11.380935668945312,11.31208610534668,4.70463228225708,0.1578521430492401,0.7040386199951172,normal_respiratory,170_2b2_Al_mc_AKGC417L.wav,icbhi
876.1151092265632,555.9263024112956,0.10046107321977615,0.07345768064260483,0.012583155089907193,1862.423509396121,18.63159034025313,1645.9910523310614,-1.4231842756271362,-311.4284973144531,109.93402099609375,18.789249420166016,29.87099266052246,25.405590057373047,19.894697189331055,17.047950744628906,18.039512634277344,13.145964622497559,15.062755584716797,13.4581937789917,9.47377872467041,2.804410219192505,0.21440616250038147,0.7115820646286011,crackle,170_2b2_Ar_mc_AKGC417L.wav,icbhi
1314.153236572744,582.462394604382,0.05764670670032501,0.031035253778100014,0.014503425899071925,2450.505885328719,18.691224356058996,3296.628480278422,-6.736753940582275,-347.1567687988281,81.8951187133789,29.640954971313477,31.011117935180664,16.35045623779297,21.212650299072266,19.577880859375,15.595102310180664,8.753178596496582,15.5728120803833,5.690977096557617,10.038505554199219,4.240228176116943,0.10644235461950302,0.7528034448623657,normal_respiratory,170_2b2_Lr_mc_AKGC417L.wav,icbhi
578.8405384413342,517.5648121206797,0.36693939566612244,0.18103092908859253,0.0071259607018561485,1584.2592363879296,18.438726847254955,583.0701788174304,6.416133880615234,-241.3373260498047,122.55221557617188,56.11677169799805,44.00749969482422,24.597604751586914,20.128765106201172,11.790511131286621,11.316062927246094,6.8943305015563965,8.505409240722656,5.454456329345703,8.06665325164795,5.316807746887207,0.6545111536979675,0.7253330945968628,normal_respiratory,170_2b2_Pl_mc_AKGC417L.wav,icbhi
849.9476827191256,540.2819613463176,0.15288805961608887,0.09836501628160477,0.011154564240139211,1964.6111487177577,18.22069430447148,1474.3999012108468,1.1809194087982178,-287.5,103.78463745117188,46.07939529418945,40.72144317626953,24.494516372680664,22.064279556274414,14.096920013427734,13.74724292755127,9.117643356323242,10.244025230407715,6.564573764801025,7.5851149559021,4.352164268493652,0.31502464413642883,0.7256044149398804,normal_respiratory,170_2b2_Pr_mc_AKGC417L.wav,icbhi
493.00430957649974,499.01067892203275,0.1103857234120369,0.059474073350429535,0.010669681699535962,1261.8614140733036,18.869979826173797,592.7376377610209,-0.20683708786964417,-332.02191162109375,155.35977172851562,41.817108154296875,15.299643516540527,26.911495208740234,26.131868362426758,16.5693416595459,10.641575813293457,9.629206657409668,5.58185338973999,4.817428112030029,8.256418228149414,8.317326545715332,0.2527393400669098,0.6991207599639893,wheeze,170_2b2_Tc_mc_AKGC417L.wav,icbhi
83.9548736251113,86.16543112051235,0.10432345420122147,0.05334412306547165,0.0018149108178654293,475.33101577953414,18.988863555813815,74.966522712442,-8.203903198242188,-466.833740234375,69.14051818847656,58.3049430847168,46.57920455932617,36.70009994506836,29.895261764526367,25.112722396850586,21.498794555664062,18.646240234375,16.49959945678711,14.627376556396484,12.662866592407227,10.515318870544434,0.1877562254667282,0.785865306854248,normal_respiratory,171_1b1_Al_sc_Meditron.wav,icbhi
677.608457995872,507.4952967889527,0.07114026695489883,0.02465343289077282,0.00794731547273782,1743.5196354786392,18.115084497833102,783.7136677965487,-3.1647400856018066,-369.111083984375,107.90216064453125,30.317224502563477,35.38690948486328,27.846446990966797,27.861196517944336,19.0909481048584,19.337614059448242,14.683555603027344,18.224140167236328,12.160441398620605,10.439687728881836,4.719109535217285,0.14701637625694275,0.717888593673706,crackle,172_1b3_Al_mc_AKGC417L.wav,icbhi
285.0065532414996,494.60424117212443,0.18542471528053284,0.0605660043656826,0.004987039588167054,1031.526579626046,18.39099694174636,211.90970082294083,1.9983407258987427,-367.3028564453125,135.17860412597656,63.288368225097656,37.90192413330078,32.226070404052734,28.80443572998047,24.552412033081055,17.625062942504883,14.509441375732422,14.91196060180664,12.415792465209961,7.508632183074951,4.35856819152832,0.37623411417007446,0.7423234581947327,normal_respiratory,172_1b3_Ar_mc_AKGC417L.wav,icbhi
939.5199519735329,508.3193395425444,0.0563737154006958,0.01802007108926773,0.010929116516821345,2084.055828453588,20.339134811578884,1801.4947523926915,-6.061451435089111,-366.5846862792969,92.41679382324219,25.590065002441406,36.62632751464844,25.478544235229492,29.520130157470703,12.6898775100708,11.84571647644043,14.751211166381836,16.69454574584961,7.142504692077637,6.980415344238281,8.049686431884766,0.10957899689674377,0.7645752429962158,crackle,172_1b3_Ll_mc_AKGC417L.wav,icbhi
288.25642963092037,488.28199908092415,0.15291161835193634,0.06340433657169342,0.0033080771461716937,1103.0815367336672,19.724069217365052,163.69730867531902,-3.7179079055786133,-405.28271484375,104.35986328125,64.1905288696289,42.669776916503906,33.390892028808594,24.097108840942383,14.17435359954834,11.831217765808105,15.05682373046875,15.456186294555664,11.751500129699707,9.587623596191406,10.383977890014648,0.27813154458999634,0.7966395616531372,normal_respiratory,172_1b3_Lr_mc_AKGC417L.wav,icbhi
602.8849681204454,509.073400988578,0.0890200212597847,0.03522147610783577,0.0073967245504640376,1661.9264539762394,19.270355623032483,537.5806627030163,-2.935662269592285,-369.3528137207031,109.04218292236328,46.369667053222656,47.256744384765625,32.03297805786133,29.303630828857422,13.962543487548828,12.040019035339355,12.028761863708496,13.25593376159668,5.365640163421631,4.925899982452393,5.605197906494141,0.17926165461540222,0.729838490486145,crackle,172_1b3_Pl_mc_AKGC417L.wav,icbhi
791.3769909625954,486.405219652598,0.05002996698021889,0.014545324258506298,0.010026192720417633,1922.2803402486638,18.20480952470262,927.2267211064385,-5.622511863708496,-377.7105712890625,109.59147644042969,50.50337219238281,48.73720169067383,30.005233764648438,27.175710678100586,12.7691011428833,11.881365776062012,4.264801025390625,6.898097515106201,0.16854292154312134,3.2231264114379883,-0.6001275777816772,0.10454555600881577,0.6940461993217468,crackle,172_1b3_Pr_mc_AKGC417L.wav,icbhi
418.4853040272337,472.0548147981223,0.24401021003723145,0.0784875676035881,0.007728665168213457,1178.181236035398,19.86332440608473,467.3854181772042,8.07559585571289,-265.89324951171875,150.38970947265625,37.99847412109375,32.55986404418945,33.91436767578125,22.2996826171875,1.1581406593322754,-0.3143947422504425,15.114834785461426,22.673316955566406,22.93650245666504,19.344806671142578,12.80070686340332,0.5307156443595886,0.7276778817176819,crackle,172_1b3_Tc_mc_AKGC417L.wav,icbhi
722.0268514002192,698.4872236744593,0.20458368957042694,0.18395884335041046,0.018229544301044082,1511.6997976814284,19.147257030782253,1012.7849817829176,3.467392683029175,-264.9803771972656,111.30508422851562,22.297391891479492,30.032085418701172,27.35385513305664,24.310222625732422,17.914875030517578,15.592455863952637,15.195262908935547,22.442947387695312,15.567842483520508,4.404833793640137,3.639606237411499,0.393609881401062,0.6631311774253845,crackle_and_wheeze,172_1b4_Al_mc_AKGC417L.wav,icbhi
331.23612986569873,559.452224856276,0.4208429157733917,0.22180213034152985,0.010205191415313225,864.3408770197017,18.777681342360346,422.52041491444317,8.582626342773438,-254.0808868408203,147.685546875,56.25021743774414,35.608428955078125,25.844993591308594,25.585058212280273,17.573881149291992,12.648981094360352,12.15197467803955,14.857715606689453,10.469562530517578,4.500010013580322,2.478665351867676,0.7161757349967957,0.6621009111404419,crackle_and_wheeze,172_1b4_Ar_mc_AKGC417L.wav,icbhi
677.1903004182077,528.514760070954,0.12161975353956223,0.11767186969518661,0.011984982236078886,1627.7337613316527,19.391955735712788,879.6388418104698,-0.9847633242607117,-330.921142578125,120.9634017944336,32.99013900756836,30.406301498413086,27.793441772460938,27.661954879760742,19.80817413330078,12.608964920043945,11.25507640838623,14.339827537536621,8.814746856689453,4.5248613357543945,6.952322959899902,0.25694596767425537,0.6726077198982239,crackle_and_wheeze,172_1b4_Ll_mc_AKGC417L.wav,icbhi
267.286264405254,502.605453544291,0.3183270990848541,0.2007123827934265,0.004638105423433875,840.3705995609191,19.02873728107473,319.80054107453594,1.6227778196334839,-308.51849365234375,137.58570861816406,64.94623565673828,32.86223602294922,19.747730255126953,13.06142807006836,9.497288703918457,8.271005630493164,8.7294282913208,9.981715202331543,9.34406566619873,7.97042989730835,7.617336273193359,0.5350381135940552,0.7366660237312317,wheeze,172_1b4_Lr_mc_AKGC417L.wav,icbhi
437.10535684279614,444.22435288922236,0.21278303861618042,0.18761451542377472,0.0091787811774942,1258.2304283333897,19.25972563460137,380.02856048796406,2.4607911109924316,-301.7769470214844,132.46231079101562,62.46735763549805,39.75186538696289,29.41991424560547,22.34556770324707,14.19173526763916,7.99347448348999,6.434458255767822,7.274239540100098,5.116334915161133,2.7931642532348633,3.5168304443359375,0.4066842198371887,0.6215487718582153,crackle_and_wheeze,172_1b4_Pl_mc_AKGC417L.wav,icbhi
574.1013482252179,513.3533607888087,0.1378762423992157,0.14026880264282227,0.011760667415893272,1469.1434285872588,18.55473028279699,547.7477319279292,-0.7797345519065857,-325.4403991699219,133.08151245117188,62.74153137207031,42.711421966552734,31.339256286621094,20.77991485595703,12.063405990600586,5.216298580169678,2.609088182449341,3.280468225479126,1.5767929553985596,-0.4043104946613312,0.30847522616386414,0.29440081119537354,0.6198247075080872,wheeze,172_1b4_Pr_mc_AKGC417L.wav,icbhi
677.7997955350343,796.6879613817399,0.4864823520183563,0.24706681072711945,0.019683059019721578,1170.5704718494364,19.20977168475021,1158.596242386891,12.919838905334473,-148.75503540039062,164.40988159179688,13.387659072875977,25.625587463378906,33.0270881652832,22.90033531188965,0.6782511472702026,1.2712513208389282,10.644572257995605,15.871894836425781,13.932718276977539,10.89427661895752,4.069438457489014,0.8282957077026367,0.6224165558815002,crackle_and_wheeze,172_1b4_Tc_mc_AKGC417L.wav,icbhi
815.0129058768457,474.67641341747697,0.06686471402645111,0.026764031499624252,0.010455563007540603,1857.0416053645215,18.701037855346332,1530.6060578596287,-4.516526222229004,-359.40875244140625,97.5499038696289,14.070820808410645,42.68006896972656,31.44734764099121,18.975717544555664,16.881078720092773,21.939067840576172,13.854612350463867,15.443538665771484,12.503561019897461,10.238226890563965,5.109962463378906,0.13395476341247559,0.7419536113739014,crackle_and_wheeze,172_1b5_Al_mc_AKGC417L.wav,icbhi
291.3636510752545,497.1463245630463,0.19390884041786194,0.07281292974948883,0.004522549303944316,1055.5498300241925,18.708920995412164,198.96979453668794,1.1975266933441162,-361.7207336425781,122.67289733886719,62.91694641113281,36.63913345336914,33.1548957824707,28.204057693481445,21.410457611083984,17.28854751586914,16.020397186279297,14.730087280273438,10.959715843200684,7.187765121459961,6.103681564331055,0.38129717111587524,0.7596250772476196,wheeze,172_1b5_Ar_mc_AKGC417L.wav,icbhi
878.4530361178164,502.9249852060658,0.10983927547931671,0.037170298397541046,0.009826801769141531,2011.265605483976,19.389846217811748,1490.6372353538284,-0.632363498210907,-298.22247314453125,101.98274230957031,29.27428436279297,31.53483009338379,22.640514373779297,26.5985164642334,15.682791709899902,14.41339111328125,12.140331268310547,10.92741584777832,8.546380043029785,9.824019432067871,6.436509132385254,0.2223673015832901,0.7417542338371277,crackle_and_wheeze,172_1b5_Ll_mc_AKGC417L.wav,icbhi
304.84381967275334,466.4125949582434,0.13392633199691772,0.06303755939006805,0.003585638413573086,1130.4126274771243,19.219759429729613,190.77618592299885,-4.930134296417236,-388.3327941894531,88.35305786132812,64.12720489501953,41.74003219604492,27.493513107299805,19.709030151367188,15.657489776611328,13.563701629638672,12.445364952087402,11.783987045288086,10.974501609802246,9.79195499420166,8.601235389709473,0.23282964527606964,0.788375198841095,crackle_and_wheeze,172_1b5_Lr_mc_AKGC417L.wav,icbhi
554.132913429729,494.2107646490888,0.30442014336586,0.1088312417268753,0.007040992966937355,1585.2145994150292,18.46053819761175,442.8545533642691,6.651726245880127,-253.4594268798828,117.30115509033203,52.1722526550293,44.842708587646484,28.490419387817383,26.583717346191406,16.01636505126953,14.568803787231445,9.162196159362793,10.348309516906738,7.133518695831299,8.642470359802246,4.669961929321289,0.6019145250320435,0.7284789681434631,crackle_and_wheeze,172_1b5_Pl_mc_AKGC417L.wav,icbhi
815.8013011848857,494.7764082169641,0.15018291771411896,0.04547895863652229,0.010796566850348029,1945.2891465686898,18.126360875987796,1068.7663138051043,3.190335512161255,-264.39166259765625,110.40775299072266,48.8028450012207,45.461727142333984,27.140905380249023,25.629709243774414,13.702028274536133,13.753878593444824,5.531245231628418,7.911719799041748,2.3201212882995605,5.381842613220215,-0.17773009836673737,0.31712961196899414,0.6901876926422119,crackle_and_wheeze,172_1b5_Pr_mc_AKGC417L.wav,icbhi
426.83725480433793,535.5252355406836,0.33066579699516296,0.14887814223766327,0.00773432968387471,1083.4650965820897,19.243521894764218,591.563553599913,8.702422142028809,-241.07606506347656,156.67225646972656,25.340333938598633,20.827993392944336,40.545467376708984,28.76839828491211,6.86656379699707,3.8251278400421143,12.241411209106445,17.965129852294922,18.68488883972168,14.204968452453613,8.265024185180664,0.6532071828842163,0.7314027547836304,crackle_and_wheeze,172_1b5_Tc_mc_AKGC417L.wav,icbhi
298.7848165622728,485.52757927721217,0.30205416679382324,0.09564295411109924,0.004720807352088167,1117.1664284428166,18.441792420785283,167.86905452436196,5.054511070251465,-332.18402099609375,122.32584381103516,57.513668060302734,43.77804946899414,33.78702926635742,30.681482315063477,24.779253005981445,19.357614517211914,17.198408126831055,16.65133285522461,14.14510440826416,10.294397354125977,7.380480766296387,0.6002022624015808,0.7433251142501831,crackle_and_wheeze,172_2b5_Al_mc_AKGC417L.wav,icbhi
411.11550871879126,522.5589374039312,0.15523381531238556,0.1091204434633255,0.005014229263341067,1257.957007548852,18.929930465663134,372.13471804306846,-2.042710781097412,-364.08331298828125,98.68167877197266,42.115142822265625,32.99987030029297,35.599159240722656,28.210119247436523,21.466251373291016,19.13054084777832,14.800331115722656,15.08020305633545,15.645495414733887,9.462828636169434,4.336391448974609,0.2871364653110504,0.7683932185173035,wheeze,172_2b5_Ar_mc_AKGC417L.wav,icbhi
198.72273575182766,499.4236478778795,0.3791552484035492,0.13900980353355408,0.0023870268996519723,889.5868628753865,19.18394917001289,118.35767564530163,-1.3338919878005981,-376.9449462890625,93.9321060180664,67.59647369384766,46.7386360168457,33.80228042602539,24.55426597595215,17.580350875854492,14.317729949951172,13.64290714263916,13.345602989196777,12.285439491271973,11.224024772644043,10.584507942199707,0.6012913584709167,0.8038039207458496,crackle_and_wheeze,172_2b5_Lr_mc_AKGC417L.wav,icbhi
529.5220719315889,497.6844704482798,0.15586134791374207,0.0681743323802948,0.006596894939095128,1544.903093860134,18.29764883235622,395.8162453777552,0.9783664345741272,-327.1134033203125,117.73770904541016,55.436649322509766,47.946109771728516,30.132177352905273,26.91813850402832,15.631692886352539,12.04752254486084,6.523120403289795,8.289130210876465,5.914517402648926,7.5721330642700195,5.683247089385986,0.3150363266468048,0.7488269805908203,crackle_and_wheeze,172_2b5_Pl_mc_AKGC417L.wav,icbhi
752.3164308504578,503.5444877914842,0.16947269439697266,0.06506698578596115,0.007962043213457077,1887.1014145203371,18.203229238850863,920.4320212804524,2.4691319465637207,-281.4323425292969,103.72578430175781,47.6351318359375,46.11811065673828,28.723451614379883,25.802526473999023,14.8761625289917,14.074130058288574,8.427196502685547,9.668006896972656,4.906559467315674,6.531145095825195,3.0428597927093506,0.3381904065608978,0.7425106763839722,crackle_and_wheeze,172_2b5_Pr_mc_AKGC417L.wav,icbhi
272.9246130728975,417.1337633335848,0.5117886662483215,0.15359988808631897,0.005446998259860789,848.0154694287808,18.937446798985654,283.5538151645882,10.895011901855469,-244.61497497558594,161.90516662597656,38.74570846557617,23.84574317932129,39.51011276245117,35.44049072265625,12.49801254272461,7.792362689971924,16.23784828186035,15.246978759765625,12.800810813903809,11.996109962463379,10.23081111907959,0.8740330934524536,0.7381341457366943,wheeze,172_2b5_Tc_mc_AKGC417L.wav,icbhi
116.88672457860874,84.80436005024853,0.09966031461954117,0.05062739923596382,0.0022952617459396753,535.1458833750569,19.086245130183116,127.87525150449535,-8.337172508239746,-454.1376953125,84.47898864746094,56.82373809814453,38.45542526245117,33.481964111328125,30.436494827270508,22.330608367919922,14.947104454040527,13.919015884399414,16.06639862060547,15.344039916992188,11.392233848571777,8.078441619873047,0.18478091061115265,0.8002502918243408,crackle,173_1b1_Al_sc_Meditron.wav,icbhi
326.4624400275557,451.33111247426825,0.09263986349105835,0.028491755947470665,0.004917932497099768,1143.3236556527443,18.558850785475247,241.2118438225058,-4.195275783538818,-422.930419921875,144.0217742919922,62.9971809387207,39.24342727661133,23.073280334472656,22.640615463256836,17.94036865234375,14.89924430847168,9.706775665283203,10.462876319885254,9.468257904052734,8.008306503295898,5.929757595062256,0.18541184067726135,0.7683941721916199,crackle_and_wheeze,174_1p2_Ar_mc_AKGC417L.wav,icbhi
950.2362053767204,514.6503462376969,0.18128174543380737,0.05809846892952919,0.010100964327146172,2117.885475809536,18.411804672717075,1750.2097570149363,1.718137502670288,-253.4542999267578,97.75890350341797,34.42010498046875,33.61356735229492,20.033334732055664,23.35480308532715,14.293633460998535,15.301374435424805,7.899913787841797,11.320704460144043,5.5083088874816895,8.469667434692383,3.8157808780670166,0.34418123960494995,0.7699011564254761,crackle_and_wheeze,174_1p2_Ll_mc_AKGC417L.wav,icbhi
678.0698021059595,500.4181759711748,0.18965424597263336,0.05951065942645073,0.006528920751160093,1789.808099949183,18.950530416313516,768.5255152443445,-0.2458302229642868,-293.4072265625,106.85701751708984,36.055320739746094,31.518394470214844,20.984355926513672,23.38418960571289,14.323026657104492,15.678547859191895,9.885536193847656,11.979641914367676,5.612842082977295,8.209160804748535,5.723411560058594,0.3418332636356354,0.7762005925178528,crackle_and_wheeze,174_1p2_Lr_mc_AKGC417L.wav,icbhi
569.4545305751418,498.02874402431894,0.3436814546585083,0.1088014617562294,0.006177720780162413,1642.6981514180106,18.610561480190672,434.5360421802494,5.450231552124023,-251.6986846923828,111.08961486816406,52.21489715576172,45.38515090942383,26.408838272094727,23.00241470336914,13.349084854125977,14.198246955871582,8.149520874023438,10.38675308227539,5.8264641761779785,8.0009126663208,4.539780616760254,0.640188992023468,0.7547082304954529,crackle_and_wheeze,174_1p2_Pl_mc_AKGC417L.wav,icbhi
532.6711731721911,517.8246746097478,0.3602326214313507,0.13582034409046173,0.004439847375290023,1579.9534849527845,18.647155554605536,431.5383804923144,2.7361080646514893,-274.70098876953125,108.79167175292969,49.439727783203125,42.55099868774414,25.723562240600586,21.70308494567871,12.663020133972168,12.175374984741211,7.686343193054199,9.018209457397461,6.449063777923584,8.051192283630371,6.018138408660889,0.6134814023971558,0.8052339553833008,crackle_and_wheeze,174_1p2_Pr_mc_AKGC417L.wav,icbhi
276.524973572679,504.4103648238667,0.06565133482217789,0.025065170601010323,0.0052646008555684454,810.8840086640724,19.110306348547777,431.5383804923144,-6.67280912399292,-430.970703125,152.2932891845703,68.36956024169922,13.949132919311523,5.591674327850342,13.41847038269043,13.102624893188477,6.885522842407227,5.629896640777588,12.339614868164062,19.682510375976562,19.75689125061035,13.205005645751953,0.12470519542694092,0.7646875977516174,crackle,174_1p2_Tc_mc_AKGC417L.wav,icbhi
329.3888776320748,490.32333478787547,0.1822209358215332,0.06588549166917801,0.005179633120649652,1124.0441591552822,18.544518996519283,266.4921240574246,1.308095932006836,-344.3759765625,131.9244842529297,69.44254302978516,33.38364028930664,23.465076446533203,21.7365779876709,19.088823318481445,14.143427848815918,10.606205940246582,10.719146728515625,11.167123794555664,9.062585830688477,6.641587734222412,0.36798152327537537,0.7641565799713135,crackle,174_1p3_Ar_mc_AKGC417L.wav,icbhi
920.983456753818,508.55514362007494,0.18405631184577942,0.056687429547309875,0.00925808439675174,2087.943602065848,18.35307193796966,1633.1510681010732,2.3256633281707764,-254.38177490234375,97.41613006591797,33.76821517944336,33.92734146118164,21.591039657592773,25.45625114440918,15.234983444213867,15.892281532287598,9.024585723876953,12.743237495422363,6.672107696533203,8.989346504211426,3.899885892868042,0.3558505177497864,0.7391664981842041,crackle,174_1p3_Ll_mc_AKGC417L.wav,icbhi
651.0176664366712,497.4231532083973,0.19528861343860626,0.06323778629302979,0.005969266603828306,1765.2348348608937,18.96384173963858,665.2061090668503,0.4305865168571472,-298.1438903808594,101.29240417480469,34.76664352416992,34.432456970214844,26.192394256591797,27.055316925048828,15.766584396362305,15.184962272644043,10.454205513000488,13.977994918823242,8.887577056884766,9.63975715637207,6.091184139251709,0.36707016825675964,0.7753295302391052,crackle,174_1p3_Lr_mc_AKGC417L.wav,icbhi
554.2415130643498,489.3690183258645,0.3579868972301483,0.13440288603305817,0.006416763341067285,1610.787721762258,18.44657246639422,443.65392981438515,5.885860443115234,-250.49057006835938,113.114501953125,53.955589294433594,45.837772369384766,27.113689422607422,22.949535369873047,13.026498794555664,13.2475004196167,8.118917465209961,10.021917343139648,6.284008502960205,8.159588813781738,5.177242755889893,0.6615754961967468,0.7469996213912964,crackle,174_1p3_Pl_mc_AKGC417L.wav,icbhi
506.302641705092,508.6607669499154,0.37593889236450195,0.14028671383857727,0.005286126015081207,1515.7677210001689,18.598131045153107,404.7093083852958,3.5823633670806885,-267.53662109375,116.48350524902344,51.364295959472656,41.02109146118164,24.027070999145508,20.43472671508789,12.115316390991211,11.548334121704102,7.536988735198975,8.655095100402832,6.270877361297607,8.098367691040039,6.551689147949219,0.6487947702407837,0.7815250158309937,crackle_and_wheeze,174_1p3_Pr_mc_AKGC417L.wav,icbhi
210.4941067238252,442.50263834635416,0.10083747655153275,0.0422661267220974,0.003525594547563805,738.3450808624158,19.26834700600367,244.33440808077145,-5.9089436531066895,-431.0357360839844,133.96900939941406,66.5128402709961,23.039596557617188,13.50771427154541,16.607498168945312,16.381370544433594,11.500151634216309,9.057332038879395,13.88331413269043,20.193500518798828,18.38372039794922,11.183404922485352,0.18107980489730835,0.7926757335662842,crackle,174_1p3_Tc_mc_AKGC417L.wav,icbhi
367.5665963198367,498.96566535093035,0.1540631800889969,0.050103187561035156,0.004954185397331786,1226.543996706397,18.615482014871475,268.41562364051623,-0.32342293858528137,-365.7198486328125,137.34510803222656,59.31039810180664,39.39407730102539,24.726598739624023,23.366756439208984,17.604158401489258,13.417876243591309,9.323101043701172,12.132486343383789,11.159780502319336,8.504345893859863,5.230685710906982,0.3041236102581024,0.7688502073287964,crackle,174_1p4_Ar_mc_AKGC417L.wav,icbhi
1038.2144830743348,534.352961831958,0.1624317318201065,0.059636760503053665,0.01047029074825986,2194.203280224384,18.422202481123843,2153.6450591828598,1.0248935222625732,-255.62673950195312,96.04177856445312,32.65054702758789,33.20307922363281,20.207321166992188,23.152910232543945,12.511292457580566,13.86667537689209,7.216841220855713,11.949524879455566,6.322277069091797,8.655110359191895,3.17301344871521,0.31169673800468445,0.7481653690338135,crackle,174_1p4_Ll_mc_AKGC417L.wav,icbhi
736.4880533437944,508.34659391407723,0.17482344806194305,0.06677152961492538,0.005969266603828306,1875.6269756749664,19.028002415231228,958.5273052312936,-1.1272985935211182,-300.49615478515625,98.98091888427734,34.83545684814453,33.70025634765625,23.958322525024414,23.747743606567383,13.512080192565918,12.756231307983398,8.53589916229248,12.677179336547852,8.556682586669922,8.918715476989746,5.6617841720581055,0.31252676248550415,0.7694122791290283,crackle,174_1p4_Lr_mc_AKGC417L.wav,icbhi
643.9193965001699,519.5148669588688,0.3003081977367401,0.11793641000986099,0.006710185252320186,1741.6979864210045,18.5921080007988,649.5433267473898,4.3494110107421875,-255.4351043701172,106.67672729492188,49.88527297973633,43.93379592895508,26.27052879333496,22.543319702148438,13.07877254486084,13.0396089553833,7.457911014556885,9.71916389465332,5.949095249176025,7.94095516204834,5.482283592224121,0.5553299188613892,0.7555709481239319,crackle,174_1p4_Pl_mc_AKGC417L.wav,icbhi
572.8994985928136,529.8473158455768,0.33935099840164185,0.13576480746269226,0.004663029292343387,1638.5941953890022,18.679734861262684,527.4385739921694,2.055131673812866,-277.1818542480469,106.0228042602539,47.768280029296875,41.691734313964844,24.739103317260742,20.94670295715332,12.569747924804688,12.045022010803223,7.827639102935791,8.826147079467773,6.421274662017822,8.542780876159668,6.49730920791626,0.5747172236442566,0.7902272939682007,crackle,174_1p4_Pr_mc_AKGC417L.wav,icbhi
374.7385087445547,593.084291850114,0.07545067369937897,0.048249442130327225,0.0048103066995359624,1034.4434398041544,19.338487989255132,620.1162811774942,-10.040224075317383,-459.5974426269531,117.80174255371094,58.000343322753906,21.313440322875977,14.02505874633789,16.385986328125,16.273212432861328,12.044692993164062,9.178656578063965,13.991162300109863,20.416147232055664,18.270015716552734,11.374079704284668,0.13371354341506958,0.7949469685554504,crackle,174_1p4_Tc_mc_AKGC417L.wav,icbhi
358.8723778482493,504.27268190376736,0.2686153054237366,0.12042492628097534,0.004678889936194895,1210.9418399435551,18.522987874259485,253.40233468677494,2.582016706466675,-326.29132080078125,125.26030731201172,58.73436737060547,33.12419891357422,27.12784767150879,24.500865936279297,21.751527786254883,17.048126220703125,13.58406925201416,11.961528778076172,10.380927085876465,8.75710391998291,7.626692771911621,0.5140295028686523,0.7758909463882446,crackle,174_2p3_Al_mc_AKGC417L.wav,icbhi
1043.7649401842814,598.3097091093184,0.04605350270867348,0.016639668494462967,0.013874664660672853,2005.0000781912142,19.289135064138282,2498.3761532953886,-7.847618103027344,-384.1286926269531,87.27851104736328,18.39690399169922,51.597320556640625,15.554519653320312,26.99199104309082,16.115840911865234,21.318037033081055,6.4965338706970215,10.777318954467773,16.08662223815918,6.169448375701904,5.326635360717773,0.09240676462650299,0.7683256268501282,crackle,174_2p3_Ar_mc_AKGC417L.wav,icbhi
563.1551024778543,501.8641889141587,0.3684383034706116,0.13480260968208313,0.0055512253480278426,1633.3924344703992,18.669440085194726,436.1098145664153,4.835210800170898,-252.436767578125,109.14669799804688,48.580291748046875,42.219970703125,25.080158233642578,22.97621726989746,13.551961898803711,13.863932609558105,8.446355819702148,10.006183624267578,6.287506103515625,9.131413459777832,6.0038299560546875,0.6564164757728577,0.7882328629493713,crackle,174_2p3_Pl_mc_AKGC417L.wav,icbhi
484.6481503886076,502.08448205444125,0.19191135466098785,0.06881998479366302,0.003892655162412993,1539.314689410238,18.89878130883688,298.26733794953594,-3.507744073867798,-356.5203857421875,98.84520721435547,43.978946685791016,40.96022033691406,26.05006980895996,23.914810180664062,16.21270751953125,15.411223411560059,10.440779685974121,11.454480171203613,8.0549955368042,9.072155952453613,6.524130344390869,0.32608067989349365,0.7972758412361145,crackle,174_2p3_Pr_mc_AKGC417L.wav,icbhi
225.40214066498714,475.4794272787001,0.2611323297023773,0.08497226238250732,0.0040048125725058005,770.9483702311684,19.214311923538165,271.7380320113109,2.726999282836914,-328.6085510253906,146.96151733398438,73.82391357421875,21.75480842590332,8.743273735046387,14.4298095703125,16.837722778320312,12.023305892944336,8.668845176696777,12.768237113952637,18.550140380859375,17.56808853149414,11.929854393005371,0.48727262020111084,0.7897550463676453,crackle,174_2p3_Tc_mc_AKGC417L.wav,icbhi
145.72512877628955,82.10355993941177,0.06279659271240234,0.0567253939807415,0.007767183874709977,183.55944795988034,19.25131580622169,305.3118429161833,-9.38504409790039,-421.78375244140625,105.80305480957031,77.84542846679688,44.21004104614258,16.49053192138672,0.9846646189689636,-2.7039072513580322,0.8128156065940857,6.398258686065674,10.792001724243164,12.996016502380371,13.404838562011719,12.744431495666504,0.13757552206516266,0.6234778761863708,crackle_and_wheeze,175_1b1_Al_sc_Litt3200.wav,icbhi
45.42835166822785,23.368022834690265,0.06727080047130585,0.06210905686020851,0.0030395791038283063,66.33037623955653,20.8843090708877,81.86114459469258,-10.22128677368164,-460.7646179199219,44.859764099121094,42.94712829589844,40.11616516113281,36.64155960083008,32.74104690551758,28.671466827392578,24.7231502532959,21.101728439331055,17.87767791748047,15.053861618041992,12.620003700256348,10.534302711486816,0.12859700620174408,0.7105280160903931,wheeze,175_1b1_Ar_sc_Litt3200.wav,icbhi
108.0028384869288,64.62617275484789,0.05718104541301727,0.0523209273815155,0.005215886020881671,158.87906810122723,20.689128337011496,217.4054139174884,-9.871369361877441,-423.16644287109375,80.17861938476562,63.67031478881836,43.188987731933594,24.8314151763916,12.1091947555542,5.724399566650391,4.613417625427246,6.890796184539795,10.432604789733887,13.439906120300293,14.935775756835938,14.823186874389648,0.1156419962644577,0.6403447985649109,crackle_and_wheeze,175_1b1_Ll_sc_Litt3200.wav,icbhi
78.04735282469423,36.82252405575437,0.06254278123378754,0.04477785900235176,0.0033431971432714615,130.59415034379035,20.380301674126216,135.4193667524652,-8.981087684631348,-434.7879943847656,76.37958526611328,62.90233612060547,45.50259780883789,29.06568145751953,16.9759521484375,10.400530815124512,8.6560640335083,10.035405158996582,12.613536834716797,14.818573951721191,15.705162048339844,14.978388786315918,0.12470399588346481,0.7133795619010925,crackle_and_wheeze,175_1b1_Lr_sc_Litt3200.wav,icbhi
106.72325990748821,67.12961575480519,0.05672012269496918,0.05565027520060539,0.00503915313225058,161.5850724709821,19.959279876829665,222.1517115900522,-10.57136058807373,-456.1521301269531,87.97067260742188,66.1262435913086,40.114341735839844,19.041980743408203,7.694313049316406,5.613747596740723,9.07257080078125,13.858332633972168,17.194387435913086,18.26448631286621,17.62359046936035,16.149765014648438,0.11990620940923691,0.7167913913726807,wheeze,175_1b1_Pl_sc_Litt3200.wav,icbhi
98.11059892294956,49.30546888189011,0.07173280417919159,0.06262587755918503,0.005175101508120649,146.38997531702466,19.580360991333762,178.46079248839908,-6.911395072937012,-457.0995178222656,100.02798461914062,77.04454040527344,49.08671569824219,25.258991241455078,10.749347686767578,6.0694661140441895,8.505977630615234,14.04997444152832,19.001405715942383,21.089893341064453,19.901681900024414,16.465442657470703,0.15239989757537842,0.6653424501419067,wheeze,175_1b1_Pr_sc_Litt3200.wav,icbhi
597.5329807176071,484.01325181298455,0.09315019845962524,0.04768357053399086,0.007013803291763341,1668.8087552000386,18.53287007336003,579.8227119888342,-4.129846572875977,-377.13604736328125,110.8233413696289,43.54006576538086,27.076364517211914,17.864532470703125,21.241609573364258,21.681825637817383,20.38578987121582,17.59319496154785,15.807012557983398,12.038701057434082,8.967362403869629,6.428249359130859,0.18392646312713623,0.7735814452171326,crackle,176_1b3_Al_mc_AKGC417L.wav,icbhi
391.2277455194629,499.21794229755614,0.12524493038654327,0.048949677497148514,0.004697016386310905,1298.2288460619243,18.79949395138571,264.5936049883991,-2.7350971698760986,-384.7222900390625,128.64048767089844,52.808006286621094,26.49759864807129,16.82793426513672,20.299713134765625,22.264217376708984,20.739551544189453,17.87624168395996,15.128375053405762,11.785806655883789,9.026724815368652,7.271365642547607,0.24192282557487488,0.7701151371002197,crackle,176_1b3_Ar_mc_AKGC417L.wav,icbhi
1039.2451394981742,529.1442355516593,0.024086959660053253,0.00972309336066246,0.010557524289443156,2197.266079866824,18.31564469036973,2134.185238725348,-13.036434173583984,-436.8180847167969,100.3427963256836,32.47609329223633,25.913280487060547,14.208002090454102,21.701398849487305,17.10643196105957,18.455406188964844,10.717190742492676,12.022893905639648,4.318554878234863,7.6975483894348145,2.384835958480835,0.045711949467659,0.7667123079299927,crackle,176_1b3_Ll_mc_AKGC417L.wav,icbhi
320.5600064675119,496.9409351571476,0.13002249598503113,0.05955188721418381,0.0028118655742459396,1219.9008754930765,19.104432869668987,148.40923406685036,-8.838747024536133,-437.36224365234375,102.09333038330078,57.92102813720703,34.49722671508789,22.9898624420166,16.776817321777344,15.600350379943848,15.271413803100586,14.614145278930664,13.194819450378418,10.942233085632324,9.556013107299805,9.001306533813477,0.2143433392047882,0.8011736273765564,crackle,176_1b3_Lr_mc_AKGC417L.wav,icbhi
567.7393100770524,413.9572886056694,0.08919389545917511,0.03316053748130798,0.006433756888051044,1651.3981557875832,18.488783607228008,467.66020383193154,-4.795236110687256,-385.4157409667969,109.9617919921875,49.3879508972168,39.10386276245117,22.091665267944336,21.988262176513672,16.885311126708984,18.758834838867188,13.019930839538574,13.021871566772461,7.577045440673828,7.5813164710998535,3.6998848915100098,0.1732456535100937,0.7768145203590393,crackle,176_1b3_Pl_mc_AKGC417L.wav,icbhi
627.6938642724718,464.7450552692176,0.03911357372999191,0.015284422785043716,0.006644476870649652,1745.6073604812232,18.501760101326187,607.9757513413573,-11.304666519165039,-465.3026428222656,101.8946304321289,44.78178024291992,39.65113067626953,23.978511810302734,23.45830535888672,17.563743591308594,18.58003807067871,13.618602752685547,13.805716514587402,8.166975021362305,8.370797157287598,4.4717116355896,0.07387534528970718,0.7840362787246704,crackle,176_1b3_Pr_mc_AKGC417L.wav,icbhi
448.5623685458753,480.2716258072388,0.21889351308345795,0.10396347939968109,0.007123694895591648,1318.475414200554,19.156031743873857,438.80771008555683,3.982795238494873,-285.3087158203125,153.22947692871094,47.90351104736328,19.600814819335938,22.642478942871094,21.952594757080078,18.342626571655273,7.39639139175415,9.83330249786377,13.1781644821167,8.388713836669922,8.567586898803711,6.049375534057617,0.4506910741329193,0.7356656193733215,crackle,176_1b3_Tc_mc_AKGC417L.wav,icbhi
610.9723573238948,495.0695485838212,0.09259305894374847,0.04941081255674362,0.006752102668213457,1672.6944587259043,18.561209719209053,640.7002247679815,-3.870055675506592,-368.5029602050781,111.34480285644531,43.026737213134766,21.693693161010742,17.235280990600586,21.311185836791992,22.813257217407227,19.271865844726562,16.777629852294922,15.140657424926758,13.02219009399414,9.809554100036621,6.74537992477417,0.18016403913497925,0.7815243005752563,crackle,176_1b4_Al_mc_AKGC417L.wav,icbhi
413.52375458202926,476.6215697508219,0.12492531538009644,0.058954380452632904,0.004660763486078886,1335.1938177366744,18.794083608776436,310.58273138413574,-3.1443326473236084,-377.0595703125,125.14009857177734,52.53628921508789,20.361862182617188,15.497753143310547,20.134767532348633,22.561281204223633,19.549863815307617,16.84784507751465,15.068724632263184,12.136569023132324,9.06458568572998,7.283594608306885,0.24143967032432556,0.7790094017982483,crackle,176_1b4_Ar_mc_AKGC417L.wav,icbhi
1105.843237844354,519.5189253594211,0.06983274966478348,0.02945159561932087,0.012883374419953596,2235.628887301983,18.186782406309444,2348.493068898637,-3.8321120738983154,-314.1472473144531,103.38801574707031,30.582807540893555,23.327024459838867,12.875426292419434,22.137319564819336,17.014577865600586,18.09980010986328,10.20400619506836,12.217549324035645,4.581845283508301,7.662172794342041,2.2392642498016357,0.13746033608913422,0.7375749945640564,crackle,176_1b4_Ll_mc_AKGC417L.wav,icbhi
343.20699227175857,476.28384856273,0.12610840797424316,0.06460025906562805,0.0029953958816705335,1257.0413363454427,19.17457449394357,190.37649769794083,-9.076348304748535,-437.9233703613281,112.57553100585938,56.1923942565918,33.92020797729492,19.878507614135742,13.85413646697998,13.877190589904785,13.882142066955566,13.761626243591309,12.763751029968262,11.048383712768555,9.588788986206055,8.588114738464355,0.20377230644226074,0.7892106175422668,crackle,176_1b4_Lr_mc_AKGC417L.wav,icbhi
624.7311303213311,490.63495969619976,0.07878716289997101,0.028793083503842354,0.0067192484773781905,1707.1798292259014,18.323701513741685,608.0756733976218,-5.042680263519287,-381.263916015625,113.7082748413086,49.25529861450195,37.768341064453125,20.290815353393555,21.36760139465332,15.507606506347656,17.367996215820312,11.644434928894043,12.444771766662598,6.671760082244873,7.154649257659912,2.52756929397583,0.15500980615615845,0.7724704146385193,crackle,176_1b4_Pl_mc_AKGC417L.wav,icbhi
694.1366624167689,472.23732618108727,0.10538323223590851,0.039936043322086334,0.007964309019721578,1820.554700722974,18.238570291623024,804.0727867604409,-2.850297212600708,-348.9401550292969,105.04986572265625,44.35591125488281,38.5103759765625,22.165224075317383,22.79092025756836,16.46934700012207,18.025571823120117,12.617940902709961,13.022453308105469,7.421558380126953,8.288938522338867,3.168139934539795,0.2004837840795517,0.7818648815155029,crackle,176_1b4_Pr_mc_AKGC417L.wav,icbhi
492.5346834864447,473.9899351226098,0.1914762258529663,0.08495964109897614,0.007602912920533643,1386.9554756653663,19.04394516703821,546.1739595417633,3.2108373641967773,-286.2486572265625,150.98150634765625,40.75175094604492,15.801794052124023,21.915891647338867,23.46259117126465,18.359100341796875,6.785097122192383,8.996317863464355,13.897406578063965,10.064018249511719,10.5407075881958,6.433346748352051,0.4043262004852295,0.7424332499504089,crackle,176_1b4_Tc_mc_AKGC417L.wav,icbhi
608.4961793611652,511.0491024908515,0.05872126296162605,0.026994429528713226,0.006439421403712297,1697.6778731585252,18.721219747801765,567.1326108432424,-8.13051986694336,-423.73699951171875,107.05546569824219,41.7407341003418,31.24871253967285,20.880748748779297,23.077857971191406,19.83099365234375,18.68036460876465,14.716876983642578,14.411977767944336,10.994616508483887,9.204137802124023,6.197725772857666,0.10962949693202972,0.7770954370498657,crackle,176_2b3_Al_mc_AKGC417L.wav,icbhi
374.33752047185385,491.7635166214489,0.1535634547472,0.05674551799893379,0.004798977668213457,1282.8469517537962,18.757847970717616,222.62634135730858,-1.5700719356536865,-376.37774658203125,124.9300308227539,55.5207405090332,36.2082405090332,23.670333862304688,24.153396606445312,21.630342483520508,18.510133743286133,13.617475509643555,12.183951377868652,10.083749771118164,8.441422462463379,7.016973495483398,0.30152803659439087,0.7763293981552124,crackle,176_2b3_Ar_mc_AKGC417L.wav,icbhi
1015.5087045832277,518.663683715359,0.0797002986073494,0.02783503383398056,0.011700623549883991,2185.742825743124,18.362130793348083,2001.2889038935614,-3.400042772293091,-320.8640441894531,99.84322357177734,36.136131286621094,31.637428283691406,18.667417526245117,22.954177856445312,15.808636665344238,16.675418853759766,9.209053993225098,11.227152824401855,4.151803493499756,7.905187129974365,2.4478745460510254,0.15356343984603882,0.74355149269104,crackle,176_2b3_Ll_mc_AKGC417L.wav,icbhi
601.7335693624161,496.69276342972194,0.13765160739421844,0.06303011626005173,0.007174675536542923,1634.858931006364,18.542373638205543,637.0780502283933,-0.18070919811725616,-317.4311828613281,127.02577209472656,47.56035614013672,28.98862648010254,16.23678970336914,19.220218658447266,16.957944869995117,15.927788734436035,11.97216796875,11.572301864624023,6.5801544189453125,7.334028720855713,5.705810070037842,0.2691683769226074,0.7557883858680725,crackle,176_2b3_Lr_mc_AKGC417L.wav,icbhi
623.3384999446728,501.70654804448094,0.2630175054073334,0.10490129888057709,0.008267927059164733,1701.5431725570263,18.371458300599,604.5534209142982,4.575128078460693,-265.8511962890625,111.31169891357422,54.10083770751953,46.15384292602539,28.31113052368164,24.254392623901367,14.618467330932617,13.893597602844238,8.084051132202148,9.43615436553955,4.708005428314209,6.795804023742676,3.659860610961914,0.5266628265380859,0.7454098463058472,crackle,176_2b3_Pl_mc_AKGC417L.wav,icbhi
694.7522055955558,487.5467886955071,0.05412035807967186,0.019466957077383995,0.007824961934454757,1822.167118270705,18.407477644121457,770.7487809962297,-7.364779472351074,-410.04107666015625,103.43563079833984,47.67488098144531,44.13951110839844,27.458707809448242,24.665319442749023,15.802743911743164,15.093188285827637,9.110380172729492,9.716490745544434,5.606176853179932,7.439281940460205,4.156599998474121,0.10874848067760468,0.7585117816925049,crackle,176_2b3_Pr_mc_AKGC417L.wav,icbhi
386.403704004498,491.83412556942534,0.1849183291196823,0.07941415905952454,0.0065799013921113685,1172.3439520342179,19.147855821671786,385.8989812935035,2.5908782482147217,-314.8728942871094,156.85763549804688,50.349754333496094,17.240154266357422,24.203296661376953,25.804882049560547,16.72484016418457,6.761277675628662,8.134415626525879,11.96759033203125,10.75393009185791,10.537850379943848,9.21871280670166,0.38641124963760376,0.7320147156715393,crackle,176_2b3_Tc_mc_AKGC417L.wav,icbhi
316.4854731107877,454.21846702009617,0.057249318808317184,0.021387455984950066,0.0036026319605568444,1186.8235236651092,18.89312271315817,164.77147078016242,-10.455699920654297,-502.5307922363281,114.50277709960938,49.77756118774414,37.26839065551758,33.43388366699219,29.977880477905273,22.690786361694336,17.90494728088379,16.89091682434082,15.37240982055664,11.955392837524414,8.77883243560791,8.052854537963867,0.10490770637989044,0.7704070210456848,crackle,177_1b2_Al_mc_AKGC417L.wav,icbhi
329.3249064346558,506.20583289405863,0.05568664148449898,0.03623059019446373,0.00492246410962877,1100.9942387551284,19.201356089018976,256.9495676841647,-7.81477689743042,-464.3384704589844,116.32817840576172,56.96518325805664,24.90086555480957,22.873313903808594,24.84705352783203,22.07540512084961,21.269535064697266,22.313247680664062,19.568395614624023,13.545838356018066,9.571887969970703,8.487399101257324,0.10805187374353409,0.7328120470046997,crackle,177_1b2_Ar_mc_AKGC417L.wav,icbhi
302.7050942098535,505.25145417831806,0.06055331975221634,0.03465058654546738,0.004604118329466357,1087.9175109356188,18.772987877513533,207.1384226363109,-8.781699180603027,-483.8904724121094,108.2633056640625,68.39505004882812,37.85628890991211,25.51775550842285,22.84930992126465,21.573833465576172,20.034265518188477,18.642087936401367,16.803504943847656,13.56786060333252,9.519152641296387,6.705995559692383,0.11661048233509064,0.7614641189575195,crackle,177_1b2_Lr_mc_AKGC417L.wav,icbhi
750.6485857032098,527.2408807750123,0.035135600715875626,0.02345806173980236,0.010852079103828306,1821.1216271637318,18.115785587046968,1034.4181069641822,-7.247257232666016,-426.4744873046875,114.71366882324219,51.55841827392578,41.274112701416016,27.126869201660156,23.109668731689453,15.522637367248535,14.803857803344727,12.198342323303223,12.715367317199707,9.25965690612793,7.002896308898926,2.974614381790161,0.07703897356987,0.6581376194953918,crackle,177_1b2_Pl_mc_AKGC417L.wav,icbhi
596.4815120846887,533.5650102537841,0.04530525952577591,0.036134541034698486,0.009643271461716937,1598.467451344455,18.069621858949144,650.6924303944315,-6.953924179077148,-438.7402038574219,113.59928131103516,63.34345245361328,43.44342803955078,30.905054092407227,21.567251205444336,16.466291427612305,13.339506149291992,12.299153327941895,11.208757400512695,9.382536888122559,7.336248397827148,5.4482502937316895,0.09735871851444244,0.6748060584068298,crackle_and_wheeze,177_1b2_Pr_mc_AKGC417L.wav,icbhi
824.9986432627645,505.90775939802097,0.011921139433979988,0.007918301969766617,0.019661533860208816,1643.9093373325359,18.754448333899276,1361.7128022585557,-16.30238914489746,-481.9330749511719,149.008544921875,14.047259330749512,7.93379020690918,19.981365203857422,22.650386810302734,7.69728946685791,7.795663833618164,6.563685417175293,9.136629104614258,9.485930442810059,10.25557804107666,5.445910453796387,0.0278310626745224,0.6926828622817993,normal_respiratory,177_1b2_Tc_mc_AKGC417L.wav,icbhi
357.2807247792784,498.21610788406366,0.1511797457933426,0.06291281431913376,0.0038484719402552205,1252.514148479351,18.861531486000263,196.89641186919954,-1.7569403648376465,-378.3481750488281,101.33889770507812,51.31304931640625,32.51663589477539,34.41257095336914,31.86133575439453,24.799942016601562,21.024946212768555,18.60936737060547,13.737549781799316,8.885724067687988,7.984314918518066,9.023652076721191,0.29034900665283203,0.7754853963851929,crackle,177_1b4_Al_mc_AKGC417L.wav,icbhi
399.4474272765912,505.546126061122,0.14242392778396606,0.09294133633375168,0.006012316922853828,1239.485285958482,18.95375241577242,333.3399796983759,0.21772794425487518,-353.5328369140625,123.27445220947266,46.82892608642578,18.17788314819336,24.58672523498535,25.45091438293457,20.636642456054688,22.284576416015625,23.465978622436523,16.78463363647461,10.258331298828125,11.299015998840332,13.315254211425781,0.2813889980316162,0.7183630466461182,normal_respiratory,177_1b4_Ar_mc_AKGC417L.wav,icbhi
132.83100546488862,504.22842233661436,0.5716037154197693,0.17433534562587738,0.0025105133410672853,628.2873802634933,18.9905642869801,104.06882159947796,3.0584821701049805,-349.34100341796875,103.08148193359375,74.35649871826172,47.429954528808594,30.992319107055664,24.317241668701172,21.819120407104492,20.069805145263672,17.825254440307617,15.29177474975586,12.805171966552734,11.0348482131958,10.07779598236084,0.8489950299263,0.8009631037712097,normal_respiratory,177_1b4_Lr_mc_AKGC417L.wav,icbhi
778.2215237390394,523.05413915927,0.06956164538860321,0.0357714518904686,0.010317348825406032,1873.4364460362879,18.173444154395213,1119.7765235281322,-2.6496973037719727,-356.908935546875,110.60962677001953,44.62882614135742,39.43744659423828,25.274747848510742,25.257164001464844,15.385017395019531,17.48903465270996,12.107667922973633,13.74730396270752,6.3486247062683105,8.36474895477295,3.812676191329956,0.15417194366455078,0.6752287745475769,crackle,177_1b4_Pl_mc_AKGC417L.wav,icbhi
612.6630635393242,515.0062083393792,0.05121922492980957,0.023735960945487022,0.008733550246519721,1665.6811550594641,18.302109768502262,604.3036157736369,-6.131142616271973,-420.44329833984375,113.57659912109375,51.74106979370117,42.3661003112793,25.486953735351562,24.052846908569336,17.178808212280273,17.801227569580078,13.042256355285645,13.191810607910156,8.530954360961914,8.68327522277832,5.08656120300293,0.11031375825405121,0.7050414681434631,crackle_and_wheeze,177_1b4_Pr_mc_AKGC417L.wav,icbhi
910.9633316219122,495.9998206931608,0.026908723637461662,0.011607112362980843,0.017258646316705338,1775.4192725594837,19.070923699175363,1617.9129545207365,-9.654017448425293,-378.4770812988281,143.32791137695312,10.658744812011719,7.978349685668945,20.144739151000977,19.617658615112305,2.950599193572998,11.864093780517578,11.337958335876465,8.221970558166504,1.2654533386230469,8.49881362915039,7.108515739440918,0.06005123257637024,0.675564706325531,normal_respiratory,177_1b4_Tc_mc_AKGC417L.wav,icbhi
581.3027451915624,665.0383338540489,0.26612743735313416,0.1802329272031784,0.008444659947795823,1370.3309892949599,18.74584766327998,1026.82403068808,1.590789794921875,-284.7380676269531,132.0694122314453,40.43913269042969,27.553098678588867,20.0841121673584,21.51222801208496,16.100027084350586,13.129073143005371,6.889322280883789,2.443910598754883,6.366216659545898,9.036320686340332,9.79546070098877,0.46612289547920227,0.7564798593521118,crackle,177_2b4_Al_mc_AKGC417L.wav,icbhi
728.5961483602606,538.9890548856335,0.11633575707674026,0.06962604820728302,0.008857036687935034,1691.2461696127793,19.15491553432951,1156.6477622897332,-3.1150481700897217,-310.8431701660156,123.02965545654297,29.830293655395508,42.57102966308594,23.599563598632812,12.904852867126465,13.283230781555176,9.4556303024292,-3.9982786178588867,4.996835708618164,4.163670063018799,5.965837478637695,4.5452117919921875,0.22666767239570618,0.733043372631073,crackle,177_2b4_Lr_mc_AKGC417L.wav,icbhi
588.8377446884862,510.548922314666,0.08785504847764969,0.048664603382349014,0.007486223897911833,1551.1582389182904,18.615200460919986,639.5761016350058,-3.599426746368408,-350.3497619628906,140.63406372070312,51.90789794921875,30.897846221923828,17.528770446777344,17.20626449584961,10.308425903320312,9.40492057800293,5.430059432983398,5.903531074523926,3.428542375564575,5.624351978302002,5.282591342926025,0.17706221342086792,0.709467351436615,crackle,177_2b4_Pl_mc_AKGC417L.wav,icbhi
689.9233398175369,494.43024259818503,0.10155462473630905,0.05215592309832573,0.00867124057424594,1743.9252058859101,18.438946684329856,790.8331143053945,-2.1762804985046387,-323.88970947265625,126.23627471923828,54.456153869628906,38.65903854370117,18.780874252319336,14.415787696838379,6.980558395385742,7.531333923339844,4.943111896514893,6.670962810516357,4.776896953582764,6.730649948120117,5.416436672210693,0.20945163071155548,0.711998462677002,crackle,177_2b4_Pr_mc_AKGC417L.wav,icbhi
442.72061613345494,452.4135992751901,0.19639642536640167,0.07623128592967987,0.007990365791763342,1167.009435373796,18.632615792272933,568.2817144902842,3.340991973876953,-275.75128173828125,165.6159210205078,24.794353485107422,23.293771743774414,29.121612548828125,25.137691497802734,14.056954383850098,7.7543864250183105,6.420049667358398,4.656589508056641,5.228207588195801,7.401706695556641,5.7029218673706055,0.42295682430267334,0.7486575245857239,normal_respiratory,177_2b4_Tc_mc_AKGC417L.wav,icbhi
682.635851808923,501.1105212850943,0.06249013915657997,0.04000437259674072,0.009497126957656612,1694.4464538109296,18.47091426973669,873.8183820330627,-4.960936069488525,-369.7721862792969,128.72413635253906,35.91143035888672,20.58133316040039,15.945331573486328,23.764795303344727,19.09866714477539,13.329070091247559,7.678493976593018,12.647440910339355,12.1219482421875,10.132889747619629,5.34448766708374,0.13052718341350555,0.7180867195129395,wheeze,178_1b2_Al_mc_AKGC417L.wav,icbhi
534.7673312893386,500.8016197530382,0.09352653473615646,0.04940932244062424,0.00810478900812065,1469.3507556699615,18.614999056693453,531.6602808693445,-2.1682372093200684,-353.7474670410156,137.90353393554688,45.53791046142578,31.031129837036133,21.092580795288086,23.402179718017578,18.20659828186035,12.648483276367188,6.240583419799805,10.348428726196289,8.672249794006348,6.305380344390869,4.171345233917236,0.19913990795612335,0.6776662468910217,crackle_and_wheeze,178_1b2_Ar_mc_AKGC417L.wav,icbhi
481.9652381791176,500.45166993891917,0.1580205112695694,0.07620799541473389,0.006404301406612529,1394.0770481951895,18.352428697951257,444.07859855350927,1.245185375213623,-322.3304748535156,135.85092163085938,44.33095169067383,33.67805862426758,25.229278564453125,23.762601852416992,16.767004013061523,16.911346435546875,12.568479537963867,11.931144714355469,7.369571685791016,5.426333904266357,4.692177772521973,0.31796690821647644,0.73172926902771,crackle_and_wheeze,178_1b2_Lr_mc_AKGC417L.wav,icbhi
526.3132368985276,533.173938934676,0.05465123802423477,0.06817857176065445,0.008605532192575406,1400.534935730498,18.430265445516362,583.6697111550174,-9.104806900024414,-433.7504577636719,104.21075439453125,65.13788604736328,36.95206832885742,24.724830627441406,20.578598022460938,18.236473083496094,15.203922271728516,11.58159351348877,7.746175289154053,4.34116268157959,2.861990213394165,3.8125462532043457,0.12445903569459915,0.7019043564796448,crackle,178_1b2_Pl_mc_AKGC417L.wav,icbhi
1038.9528900029604,516.4294429093468,0.014312108047306538,0.01677725277841091,0.012088076421113689,2143.866423237375,18.47804392078209,2126.0665716538574,-16.34095001220703,-485.39520263671875,102.17544555664062,32.98095703125,31.37493133544922,24.13922882080078,20.728221893310547,16.792720794677734,13.730334281921387,9.800095558166504,8.568381309509277,6.17749547958374,3.462303876876831,3.032726764678955,0.02921413816511631,0.6704803705215454,crackle_and_wheeze,178_1b2_Pr_mc_AKGC417L.wav,icbhi
424.87865876991964,453.55031650986314,0.2449757158756256,0.08558975905179977,0.01111491263051044,1083.60758973952,18.98836561215328,552.7188542270882,6.043032169342041,-248.35560607910156,178.4779052734375,41.324195861816406,14.964115142822266,22.941307067871094,23.49112319946289,14.42944622039795,-1.087595820426941,-0.29916855692863464,8.705205917358398,14.638609886169434,6.84160041809082,2.4883110523223877,0.5461585521697998,0.7020257115364075,wheeze,178_1b2_Tc_mc_AKGC417L.wav,icbhi
744.0608869477129,507.8736117330219,0.054407354444265366,0.019055737182497978,0.009527715342227377,1797.4811006990578,18.763581257008774,1037.765495849043,-6.280246257781982,-381.7859191894531,119.71613311767578,31.616697311401367,16.07434844970703,9.199472427368164,23.633682250976562,21.8907527923584,20.160320281982422,9.968750953674316,14.729622840881348,13.462018013000488,14.214028358459473,5.47689151763916,0.10922028869390488,0.7454624176025391,crackle_and_wheeze,178_1b3_Al_mc_AKGC417L.wav,icbhi
956.018782859791,500.8525836916297,0.041160698980093,0.011943917721509933,0.01583798578886311,1924.1377223085444,18.61893121823065,1747.3369978973317,-6.0103678703308105,-355.3702392578125,118.605224609375,9.92790412902832,14.970605850219727,13.715784072875977,25.019527435302734,21.98639678955078,20.02792739868164,6.997570991516113,16.16653823852539,12.752840042114258,12.610383987426758,4.454756259918213,0.0880303680896759,0.7190329432487488,crackle_and_wheeze,178_1b3_Ar_mc_AKGC417L.wav,icbhi
416.12189899333293,495.10856787972324,0.2083265483379364,0.07369879633188248,0.0047026809019721574,1277.1993970482972,18.0355565951822,350.4016708055394,2.053036689758301,-312.7297668457031,141.12625122070312,40.93456268310547,29.638704299926758,23.44695472717285,22.75226593017578,16.986366271972656,18.2259521484375,11.926872253417969,11.300749778747559,8.908191680908203,8.138392448425293,6.033949851989746,0.4127139151096344,0.7770789861679077,normal_respiratory,178_1b3_Lr_mc_AKGC417L.wav,icbhi
738.6674700424909,528.8821343692169,0.08551454544067383,0.09459561854600906,0.008543222520301624,1798.6717054742842,18.302755417471673,1034.3681459360498,-4.399168968200684,-359.54705810546875,111.62750244140625,49.08829879760742,28.462846755981445,22.209470748901367,18.375131607055664,16.713024139404297,15.071548461914062,12.562015533447266,10.563424110412598,8.186101913452148,5.928141117095947,3.570333957672119,0.162652850151062,0.7396278381347656,normal_respiratory,178_1b3_Pl_mc_AKGC417L.wav,icbhi
1197.4079975803668,528.0306747201387,0.037396639585494995,0.015639062970876694,0.013390915023201857,2281.0592701310543,18.229320821252596,2760.096999166183,-8.298111915588379,-368.4249572753906,96.95767211914062,23.168821334838867,30.38117027282715,19.65180015563965,22.23990821838379,13.540935516357422,16.830535888671875,7.261335849761963,11.095492362976074,6.5679121017456055,9.0199556350708,3.8339967727661133,0.06999512016773224,0.7047579884529114,normal_respiratory,178_1b3_Pr_mc_AKGC417L.wav,icbhi
445.70934003903886,439.16445286520036,0.2504366338253021,0.09500183910131454,0.011896615791763342,1087.7000420864283,19.00710179952443,640.625283225783,6.551055431365967,-247.36619567871094,177.70472717285156,37.7767219543457,9.168712615966797,10.403297424316406,18.88517189025879,19.179563522338867,11.189435005187988,9.457914352416992,11.58838939666748,13.136412620544434,9.917494773864746,4.122076988220215,0.5613947510719299,0.708355724811554,crackle,178_1b3_Tc_mc_AKGC417L.wav,icbhi
727.5175926481903,474.3143639131562,0.0719234049320221,0.019559113308787346,0.010211988834106728,1795.9912730588426,18.886946097167407,930.7739541038283,-4.671558380126953,-358.4175720214844,115.32069396972656,31.520692825317383,22.57176399230957,14.229007720947266,22.660091400146484,17.62295150756836,19.47323226928711,11.460079193115234,13.898530006408691,8.929116249084473,12.111745834350586,7.889385223388672,0.14317570626735687,0.7603057622909546,normal_respiratory,178_1b6_Al_mc_AKGC417L.wav,icbhi
1101.713463695709,531.8789003495685,0.13158917427062988,0.05383763089776039,0.020325415095707657,2000.7790075774794,19.051285289227454,2226.962867966937,2.2762198448181152,-230.12802124023438,108.51889038085938,1.1830106973648071,23.576398849487305,18.35511016845703,19.733612060546875,16.944561004638672,22.034603118896484,9.157878875732422,13.751561164855957,9.351157188415527,11.550114631652832,5.5619797706604,0.2785792648792267,0.7041852474212646,crackle,178_1b6_Ar_mc_AKGC417L.wav,icbhi
1125.4600266846958,516.9740729879661,0.07104599475860596,0.03474825993180275,0.016312672201276104,2150.9878043188824,19.119902891800596,2370.850628987819,-2.873385429382324,-298.031494140625,105.23159790039062,19.142324447631836,25.314281463623047,20.819337844848633,23.774152755737305,12.826704025268555,14.321218490600586,9.4911470413208,11.41071605682373,5.59548807144165,7.249162673950195,5.501352787017822,0.14424780011177063,0.6772177815437317,wheeze,178_1b6_Ll_mc_AKGC417L.wav,icbhi
391.89352942904264,516.5901007753397,0.15707841515541077,0.043389711529016495,0.006345390443735499,1183.8486978314609,18.583559766979477,359.3446948412123,-0.40262192487716675,-347.19207763671875,142.30979919433594,37.30423355102539,29.78545570373535,29.419668197631836,23.55950164794922,14.264161109924316,16.693544387817383,13.134300231933594,10.084996223449707,7.166304588317871,8.63079833984375,9.605231285095215,0.3190158009529114,0.7722328901290894,normal_respiratory,178_1b6_Lr_mc_AKGC417L.wav,icbhi
791.3780491640448,531.5189648835029,0.25857076048851013,0.13873645663261414,0.010713864921693735,1825.1623028799593,18.441976594612438,1201.6376681228248,5.3221001625061035,-228.3946075439453,120.55171203613281,38.02773666381836,31.586620330810547,18.388137817382812,19.46575927734375,11.872856140136719,16.25177574157715,11.284977912902832,12.741337776184082,6.234276294708252,8.045905113220215,3.1307973861694336,0.4759144186973572,0.7233387231826782,normal_respiratory,178_1b6_Pl_mc_AKGC417L.wav,icbhi
852.775832114349,502.7855087395667,0.17509934306144714,0.04771283641457558,0.010244843024941995,1979.5491405321225,18.71455227116366,1303.5331849985498,2.3387205600738525,-263.3256530761719,102.11744689941406,35.22987365722656,35.43413162231445,22.527082443237305,23.387371063232422,14.322399139404297,17.3142147064209,10.972330093383789,12.168426513671875,5.871245384216309,9.02164363861084,5.36285400390625,0.3480883538722992,0.7601979374885559,wheeze,178_1b6_Pr_mc_AKGC417L.wav,icbhi
483.43380389221306,511.429604897388,0.18681815266609192,0.06503361463546753,0.010601707511600928,1222.3540667717814,18.881278178880276,632.831362837152,3.8062636852264404,-279.4516906738281,162.7301483154297,37.24752426147461,20.2435302734375,15.358110427856445,24.87738800048828,14.837738990783691,10.764228820800781,8.123418807983398,10.783862113952637,12.28779125213623,7.6993632316589355,3.9800031185150146,0.4060108959674835,0.7293189764022827,normal_respiratory,178_1b6_Tc_mc_AKGC417L.wav,icbhi
1007.6792764600291,501.6066610680234,0.03538601100444794,0.01224188320338726,0.013445294373549884,2078.120476952543,18.240297100889293,1831.7711354408352,-7.2591986656188965,-369.6567687988281,116.91224670410156,27.54878807067871,16.778629302978516,10.159717559814453,24.266231536865234,21.753341674804688,20.365434646606445,9.016202926635742,12.28810977935791,6.592803478240967,8.11963939666748,1.486069679260254,0.07668475806713104,0.6972272992134094,crackle,178_2b2_Al_mc_AKGC417L.wav,icbhi
515.4063344358483,392.6911729738412,0.09367956221103668,0.11036858707666397,0.008784530887470998,1396.7053761618615,18.02087091697957,613.7212695765661,-1.1663516759872437,-327.4288330078125,124.47001647949219,59.40964889526367,20.63259506225586,13.268658638000488,18.671051025390625,20.150861740112305,14.249543190002441,9.175827980041504,9.391766548156738,10.6045560836792,8.330565452575684,3.9111616611480713,0.19579742848873138,0.7370420694351196,crackle,178_2b2_Ar_mc_AKGC417L.wav,icbhi
674.1342074202134,519.743156707836,0.06643805652856827,0.042245663702487946,0.006985480713457077,1760.6173810442212,18.40118265586743,769.4497942647912,-6.673516273498535,-397.8995666503906,114.4410629272461,49.72772216796875,38.61722946166992,20.40495491027832,17.69624137878418,11.300406455993652,12.58022689819336,9.290923118591309,11.369894027709961,8.936004638671875,9.964632034301758,6.8145551681518555,0.12396270036697388,0.7591356039047241,normal_respiratory,178_2b2_Lr_mc_AKGC417L.wav,icbhi
1144.623983390891,508.8733031134392,0.07754366099834442,0.027366070076823235,0.01567031612529002,2293.7523524680137,17.972134020285026,2593.6768144576567,-1.3793747425079346,-294.8675537109375,98.65422058105469,36.82986831665039,35.85273742675781,20.107084274291992,22.964752197265625,14.028274536132812,15.565995216369629,7.594982624053955,10.045619010925293,4.634171485900879,8.060850143432617,2.597158908843994,0.16183368861675262,0.7105802893638611,normal_respiratory,178_2b2_Pr_mc_AKGC417L.wav,icbhi
458.14594131327834,491.16941007184994,0.08765638619661331,0.047529589384794235,0.01156014356148492,1123.4818151743082,18.50385522793918,623.063981837297,-0.31373992562294006,-325.73193359375,163.5282745361328,56.029396057128906,9.163861274719238,11.742151260375977,20.65271759033203,18.059614181518555,6.874273777008057,2.9791834354400635,9.321223258972168,11.6180419921875,7.338696002960205,4.345860958099365,0.20426693558692932,0.6995992064476013,normal_respiratory,178_2b2_Tc_mc_AKGC417L.wav,icbhi
432.06327357104186,279.82312713210564,0.13642634451389313,0.06252676248550415,0.004966647331786543,1726.38455984847,21.345216088513517,162.69808811267401,-10.646672248840332,-477.0867614746094,55.5959358215332,56.09623336791992,32.951271057128906,37.18133544921875,23.201555252075195,31.271865844726562,19.106483459472656,25.06039047241211,13.605271339416504,19.301538467407227,9.505541801452637,15.802581787109375,0.23567713797092438,0.8264709711074829,crackle_and_wheeze,179_1b1_Al_sc_Meditron.wav,icbhi
864.5635934374643,359.046039349439,0.05981792137026787,0.03076341189444065,0.012609211861948955,2392.5162301277146,21.8664732451182,866.1243837006961,-14.446695327758789,-479.0890808105469,92.6703872680664,57.86684799194336,-3.5006332397460938,30.853981018066406,18.344039916992188,23.819427490234375,2.2739956378936768,18.050127029418945,12.331645011901855,17.98211669921875,6.556233882904053,14.03390884399414,0.09781099855899811,0.788881242275238,crackle_and_wheeze,179_1b1_Tc_sc_Meditron.wav,icbhi
491.46813677662465,476.12302007955134,0.24320226907730103,0.10009709000587463,0.008889890878770302,1339.5293878869977,18.835199648330235,569.1560324825986,5.993703365325928,-252.1471710205078,157.4215087890625,39.26072311401367,17.878599166870117,21.126691818237305,26.613676071166992,17.780912399291992,11.271581649780273,7.650012969970703,9.999905586242676,14.803544044494629,4.999556064605713,1.2585793733596802,0.5200691819190979,0.6584814190864563,crackle_and_wheeze,180_1b4_Al_mc_AKGC417L.wav,icbhi
351.2557223057905,495.8468093073478,0.0880747064948082,0.03473742678761482,0.010014863689095127,781.6894473001362,18.94635794451447,501.6087224477958,-2.5333614349365234,-354.63275146484375,179.58779907226562,41.3104248046875,25.066986083984375,29.10177230834961,8.860363006591797,9.718696594238281,8.864086151123047,-4.025366306304932,1.051922082901001,13.731549263000488,10.743834495544434,-2.312992572784424,0.19081048667430878,0.6091148853302002,crackle_and_wheeze,180_1b4_Ar_mc_AKGC417L.wav,icbhi
377.0254493942782,498.43538286873786,0.273156076669693,0.10844822227954865,0.00734347810324826,1119.9469534878945,18.47428664813992,364.865388449826,7.0815815925598145,-273.9201965332031,162.8814239501953,48.585121154785156,26.749460220336914,23.18154525756836,27.52314567565918,20.02193832397461,12.357317924499512,7.293530464172363,11.379125595092773,12.888457298278809,8.387036323547363,4.732662677764893,0.5869528651237488,0.6774024963378906,crackle_and_wheeze,180_1b4_Lr_mc_AKGC417L.wav,icbhi
480.953919277637,481.5440295076471,0.13623376190662384,0.0497942715883255,0.009260350203016241,1368.2511202045225,18.51322791843024,425.59301814457655,1.5262962579727173,-320.9457702636719,146.4834747314453,63.89612579345703,45.73667526245117,24.660400390625,19.71424102783203,9.94125747680664,9.041946411132812,4.885019302368164,6.672576427459717,4.793074131011963,3.3640389442443848,1.5987920761108398,0.30346769094467163,0.6524829268455505,crackle_and_wheeze,180_1b4_Pl_mc_AKGC417L.wav,icbhi
337.6722582326212,495.15136883645243,0.2294347584247589,0.06980576366186142,0.00818409222737819,1055.7522969803247,18.54447412716621,309.28374465269724,5.887598037719727,-308.2887878417969,160.87368774414062,67.08220672607422,44.37465286254883,26.299034118652344,21.071401596069336,14.673948287963867,12.972517967224121,9.690868377685547,10.073405265808105,8.371025085449219,5.641167640686035,3.7036256790161133,0.5246595740318298,0.6270814538002014,crackle_and_wheeze,180_1b4_Pr_mc_AKGC417L.wav,icbhi
430.9658199990589,426.91618454109454,0.010202506557106972,0.005858277902007103,0.006088221432714617,1305.6886504480333,18.83912812771621,533.8335855930975,-25.689088821411133,-666.172119140625,111.17552185058594,47.251224517822266,33.39872360229492,28.931121826171875,22.164392471313477,18.280799865722656,15.151206016540527,14.383859634399414,13.538700103759766,11.568100929260254,8.920195579528809,7.450205326080322,0.01735568977892399,0.7924253344535828,normal_respiratory,181_1b1_Ar_mc_LittC2SE.wav,icbhi
604.8625854922528,152.13487033447404,0.0036085485480725765,0.0015882204752415419,0.015338375507540603,1435.8101869489967,19.062339730581627,822.1087179161833,-27.452199935913086,-633.0203247070312,164.02944946289062,53.213863372802734,18.408754348754883,-6.518535614013672,1.5255417823791504,9.043656349182129,15.580718994140625,8.033183097839355,2.5605082511901855,-1.5817865133285522,4.115436553955078,7.730950832366943,0.008130962960422039,0.6735475659370422,normal_respiratory,181_1b1_Tc_mc_LittC2SE.wav,icbhi
283.9753220071179,216.77058836158142,0.014044507406651974,0.00916927121579647,0.0027722139646171695,1126.7400817695193,18.912788797161213,185.63020002537704,-23.670026779174805,-634.8995971679688,81.95738220214844,58.8297119140625,38.897674560546875,28.136768341064453,22.803791046142578,18.935422897338867,16.269838333129883,15.019283294677734,13.941959381103516,12.202589988708496,10.510039329528809,9.6846923828125,0.023825008422136307,0.8008998036384583,crackle,181_1b2_Ar_mc_LittC2SE.wav,icbhi
578.1958313717051,142.18602846296548,0.0037990063428878784,0.001869160565547645,0.012075614486658932,1423.4021865368695,18.92657224954237,735.3763730785963,-27.295835494995117,-632.6460571289062,164.24383544921875,54.652889251708984,21.00813102722168,-3.2934062480926514,2.6520631313323975,7.778957366943359,11.849738121032715,4.643274784088135,1.1675665378570557,-0.7073504328727722,5.664671897888184,8.139884948730469,0.008164851926267147,0.6901475787162781,normal_respiratory,181_1b3_Tc_mc_LittC2SE.wav,icbhi
161.8832645117616,95.28624134588745,0.03602280840277672,0.018523884937167168,0.002093604988399072,783.9223402017439,19.63971586330825,119.60670134860788,-18.36741828918457,-569.5729370117188,91.02108764648438,55.509796142578125,31.650123596191406,26.94833755493164,27.70658302307129,22.026111602783203,13.954874038696289,11.206713676452637,12.881488800048828,13.416876792907715,12.275578498840332,12.198933601379395,0.06195707246661186,0.8050217032432556,crackle,182_1b1_Tc_sc_Meditron.wav,icbhi
294.530986725805,99.40544821368512,0.025568705052137375,0.008733035065233707,0.002249945620649652,1230.6448510493456,18.853155095297662,117.00872788573086,-17.87213897705078,-597.4459228515625,110.54883575439453,57.28493881225586,37.36417007446289,28.78599739074707,27.5832462310791,23.74444007873535,19.947603225708008,16.30378532409668,14.651775360107422,12.136713027954102,8.692158699035645,8.064444541931152,0.044121842831373215,0.794748067855835,crackle,183_1b1_Pl_sc_Meditron.wav,icbhi
338.4745666393524,133.9537044829173,0.037610385566949844,0.018187545239925385,0.007376332294083527,954.9962137075014,19.31522190110663,526.164567774797,-13.280138969421387,-483.91436767578125,169.56454467773438,60.08006286621094,-3.4674534797668457,-2.214787483215332,14.185867309570312,12.575478553771973,5.171200752258301,8.750288009643555,16.529422760009766,15.275390625,8.045967102050781,6.7766265869140625,0.07311735302209854,0.7189956307411194,normal_respiratory,183_1b1_Tc_sc_Meditron.wav,icbhi
221.7444683771026,125.49704690146919,0.03659183159470558,0.01931491680443287,0.0022476798143851507,1097.666094539449,20.003373928413136,74.29204883265662,-18.29308319091797,-580.6231079101562,60.92303466796875,52.792179107666016,44.3526496887207,38.16080093383789,32.15989685058594,26.251588821411133,20.896915435791016,17.545631408691406,15.375466346740723,13.215251922607422,11.252832412719727,9.886800765991211,0.061088599264621735,0.8270946145057678,normal_respiratory,184_1b1_Ar_sc_Meditron.wav,icbhi
70.64363550002787,47.30683430461121,0.033548951148986816,0.02958061546087265,0.0032197107018561485,118.03147699478777,18.395565548187072,126.77610888558584,-15.086921691894531,-535.640869140625,80.41336822509766,65.83497619628906,47.390995025634766,30.57878303527832,18.86586570739746,12.929369926452637,11.444536209106445,12.408658981323242,14.082759857177734,15.323346138000488,15.56088924407959,14.677329063415527,0.06772340089082718,0.7352247834205627,normal_respiratory,185_1b1_Al_sc_Litt3200.wav,icbhi
108.00047271993607,61.4920963266042,0.09817162901163101,0.07508866488933563,0.005599940182714617,151.32024662811244,18.53128562204206,208.41242885368328,-5.68617057800293,-430.052978515625,109.86187744140625,82.89033508300781,50.384979248046875,23.26605987548828,7.367886543273926,2.472722291946411,4.718894958496094,9.688203811645508,14.249483108520508,16.952842712402344,17.617406845092773,16.66200828552246,0.20334719121456146,0.6824932098388672,normal_respiratory,185_1b1_Ar_sc_Litt3200.wav,icbhi
83.53819181812473,60.685301931311926,0.044146135449409485,0.051780927926301956,0.004092046113689095,128.99493677076316,19.739512890430394,137.94239867314386,-11.939422607421875,-448.51605224609375,56.286537170410156,47.0547981262207,35.79080581665039,25.923004150390625,19.15133285522461,15.480246543884277,14.174718856811523,14.457515716552734,15.558684349060059,16.611906051635742,16.854604721069336,15.959410667419434,0.08740632981061935,0.7030179500579834,wheeze,185_1b1_Ll_sc_Litt3200.wav,icbhi
70.01752428075784,65.02025095254567,0.09776998311281204,0.06509183347225189,0.0034564874564965197,112.69573022977016,19.607429462181884,110.01418394721578,-7.846331596374512,-435.64892578125,70.99813842773438,57.17960739135742,41.73073959350586,28.968549728393555,20.41669464111328,15.589245796203613,13.806883811950684,14.41877555847168,16.308181762695312,18.008594512939453,18.51359748840332,17.707582473754883,0.19047002494335175,0.7330871820449829,normal_respiratory,185_1b1_Lr_sc_Litt3200.wav,icbhi
70.9160582802528,39.48342871443017,0.0704190582036972,0.06806278973817825,0.0037215867894431556,115.76637404334241,19.424645553775115,117.78312382178075,-8.656785011291504,-423.9332275390625,64.32778930664062,54.48941421508789,41.67373275756836,29.27473258972168,19.619150161743164,13.616837501525879,11.122357368469238,11.399323463439941,13.396515846252441,15.934062957763672,17.928531646728516,18.612598419189453,0.14060018956661224,0.7213780879974365,normal_respiratory,185_1b1_Pl_sc_Litt3200.wav,icbhi
72.26532450074131,42.08043003256417,0.10690160095691681,0.0755317285656929,0.0035482526102088166,117.93212657422258,19.63374326951776,119.20701312354988,-5.789801597595215,-428.93988037109375,88.12419891357422,70.12360382080078,47.92070770263672,28.513105392456055,15.939929008483887,10.591361045837402,10.492137908935547,13.022601127624512,15.995314598083496,17.975902557373047,18.246274948120117,16.727365493774414,0.20986798405647278,0.7269949913024902,normal_respiratory,185_1b1_Pr_sc_Litt3200.wav,icbhi
656.233988041756,533.4702304729653,0.0862768143415451,0.04137129336595535,0.006233233033642691,1749.0698081016078,18.76159547803134,755.7604725565545,-5.28764533996582,-382.87744140625,106.33535766601562,38.24765396118164,29.740873336791992,20.631479263305664,26.14374351501465,20.63164710998535,18.93194007873535,13.010326385498047,13.761876106262207,9.37981128692627,10.18378734588623,7.139528751373291,0.1605931967496872,0.7649218440055847,wheeze,186_2b2_Al_mc_AKGC417L.wav,icbhi
312.07927629738134,489.58815757721095,0.23188817501068115,0.11559105664491653,0.0038643325841067285,1166.5973127322884,19.144668447502372,161.09933521244199,-0.5925299525260925,-361.55328369140625,105.21151733398438,60.454402923583984,32.62844467163086,25.509746551513672,25.92172622680664,25.37459945678711,21.408496856689453,15.852493286132812,11.650781631469727,10.074689865112305,10.085803985595703,9.677690505981445,0.4182950556278229,0.795608401298523,crackle,186_2b2_Ar_mc_AKGC417L.wav,icbhi
505.18959745248543,503.0021802904321,0.1420089602470398,0.05591766908764839,0.004019540313225058,1551.7605338139667,19.45612797678352,356.5968382939385,-5.148978233337402,-369.2055969238281,110.64617156982422,52.26747512817383,41.970314025878906,21.75407600402832,17.408065795898438,9.75165843963623,9.8416166305542,6.874949932098389,8.898309707641602,5.559586048126221,9.475122451782227,7.821547508239746,0.23736250400543213,0.7915264964103699,crackle,186_2b2_Lr_mc_AKGC417L.wav,icbhi
764.5593682239229,503.03576717184046,0.19552773237228394,0.062329333275556564,0.008634987674013921,1908.5571772719761,18.51662047543475,918.1088334723028,3.099280595779419,-263.6683654785156,105.2806625366211,46.91661834716797,42.056671142578125,23.267269134521484,23.59414291381836,14.414767265319824,15.230740547180176,8.450895309448242,10.858110427856445,3.281881093978882,7.501823425292969,3.1054391860961914,0.388790488243103,0.7293149828910828,crackle,186_2b2_Pl_mc_AKGC417L.wav,icbhi
1051.315380542556,515.5079713954822,0.12203062325716019,0.04610275477170944,0.012152651899651971,2230.119268597963,18.317295460136847,2212.4991503226506,0.05384217947721481,-278.470458984375,94.0827865600586,37.239097595214844,36.83287811279297,20.495378494262695,22.625507354736328,14.194877624511719,15.935762405395508,9.12933349609375,11.644742012023926,4.923771381378174,8.721757888793945,3.344519853591919,0.23945239186286926,0.7362629175186157,crackle,186_2b2_Pr_mc_AKGC417L.wav,icbhi
349.9790522422392,487.2834966602846,0.14818745851516724,0.10509012639522552,0.00666033751450116,1088.8547200208782,19.181704267262973,311.90669862964035,0.0274354275316,-353.878662109375,140.16404724121094,63.12372970581055,26.81707191467285,23.07000732421875,27.608484268188477,22.348474502563477,11.508500099182129,7.502964019775391,6.738687992095947,6.047616004943848,8.843849182128906,10.461877822875977,0.3194248080253601,0.7198655605316162,normal_respiratory,186_2b2_Tc_mc_AKGC417L.wav,icbhi
681.6308603860297,533.6868170617134,0.07849136739969254,0.03756468743085861,0.007457901319605569,1772.1964579770734,18.673483172752764,854.55840568808,-5.0943474769592285,-381.35650634765625,108.96990966796875,38.98028564453125,29.609228134155273,19.93207359313965,26.237632751464844,20.682424545288086,19.430761337280273,13.02353286743164,14.146697044372559,8.994522094726562,9.192113876342773,5.930800914764404,0.15170496702194214,0.752172589302063,crackle,186_2b3_Al_mc_AKGC417L.wav,icbhi
327.27880650348186,496.2503372800098,0.22520007193088531,0.109754279255867,0.004016141603828306,1174.2050247571435,18.931676012829538,197.34606112238978,-0.1870238333940506,-353.3000183105469,109.3994369506836,62.4859733581543,31.57831573486328,23.3084659576416,24.401151657104492,24.88486099243164,21.52716636657715,15.769879341125488,10.991633415222168,8.907819747924805,8.7706298828125,8.843415260314941,0.4150107502937317,0.7878340482711792,crackle,186_2b3_Ar_mc_AKGC417L.wav,icbhi
486.54750052383883,494.95041813342476,0.15237091481685638,0.05978068709373474,0.004175880945475638,1522.3987336485036,19.401109632076693,347.5538922020012,-4.88919734954834,-369.44207763671875,111.05635833740234,53.03031921386719,43.22317123413086,23.15752601623535,19.062898635864258,10.767913818359375,10.760579109191895,6.620391368865967,8.745919227600098,4.996932029724121,8.231401443481445,6.229118347167969,0.2524588704109192,0.7955936789512634,crackle,186_2b3_Lr_mc_AKGC417L.wav,icbhi
750.7469695631037,507.81840854067457,0.19815346598625183,0.06633749604225159,0.008715423796403712,1883.8204283074756,18.521737154024226,905.7684595236369,3.6507604122161865,-262.7586975097656,107.23055267333984,49.159366607666016,43.16267395019531,25.043087005615234,24.584501266479492,14.878294944763184,15.806488990783691,8.667450904846191,10.347354888916016,2.8847525119781494,6.428964138031006,2.0251097679138184,0.4052540361881256,0.7304947376251221,crackle,186_2b3_Pl_mc_AKGC417L.wav,icbhi
1010.5390056014011,507.8964536968634,0.12447681277990341,0.04332718253135681,0.01179578741299304,2192.1133957049774,18.298318859038723,1996.6675087913284,0.7213783264160156,-278.1601867675781,94.93135833740234,38.80743408203125,38.46182632446289,22.290348052978516,23.887088775634766,14.727651596069336,17.097164154052734,9.675267219543457,12.07243537902832,4.934319972991943,8.053678512573242,2.599536895751953,0.24382826685905457,0.7354849576950073,crackle,186_2b3_Pr_mc_AKGC417L.wav,icbhi
363.0858496163834,492.4923740643677,0.1240328699350357,0.07170065492391586,0.006324998187354988,1138.1466890336535,19.206408181322086,331.56636319968095,-1.2577128410339355,-356.769287109375,131.08900451660156,61.346588134765625,21.78022575378418,19.834068298339844,26.977712631225586,23.605003356933594,13.939608573913574,7.635530948638916,5.798990249633789,6.805388927459717,9.764911651611328,11.842002868652344,0.25596562027931213,0.725418746471405,wheeze,186_2b3_Tc_mc_AKGC417L.wav,icbhi
684.1723154119538,492.8658834696327,0.2467249482870102,0.09820586442947388,0.00693336716937355,1795.9597059385164,18.550253353110463,819.3109003407773,3.954644203186035,-263.85009765625,107.5954360961914,38.44343185424805,30.707111358642578,20.15070152282715,26.1304874420166,20.219463348388672,19.277177810668945,12.52506160736084,13.962310791015625,8.629557609558105,10.79769515991211,6.822076797485352,0.4742307960987091,0.7513453364372253,crackle,186_2b4_Al_mc_AKGC417L.wav,icbhi
289.4162311039972,465.2630441407459,0.2529835104942322,0.11449235677719116,0.003431563587587007,1114.6718541351506,18.782001406816974,145.2117282663863,0.8156735301017761,-347.9111328125,98.5436019897461,62.528377532958984,34.85126495361328,25.450908660888672,26.160879135131836,26.52655601501465,22.872682571411133,17.158660888671875,12.74962043762207,11.03142261505127,10.701801300048828,9.93912410736084,0.4611874520778656,0.7950007915496826,crackle,186_2b4_Ar_mc_AKGC417L.wav,icbhi
426.5295063829748,506.3263970449426,0.19359314441680908,0.07564942538738251,0.0035675119634570765,1411.9664372991363,19.312400058147293,275.3352260368329,-4.0803399085998535,-364.27777099609375,113.75765228271484,54.307804107666016,41.49177932739258,21.39552879333496,16.310592651367188,9.906646728515625,9.899015426635742,7.993673801422119,9.59937858581543,7.32706880569458,10.115253448486328,9.128931999206543,0.32204270362854004,0.7989194989204407,crackle,186_2b4_Lr_mc_AKGC417L.wav,icbhi
712.1215817513023,505.520395543477,0.2181500643491745,0.07052429765462875,0.008160301261600928,1841.4436337101438,18.417889841504312,786.2117192031612,3.8883612155914307,-262.8651428222656,106.20751953125,48.740020751953125,42.7358512878418,23.837310791015625,23.773426055908203,15.791999816894531,16.735319137573242,9.846758842468262,10.963577270507812,3.890695333480835,7.51851749420166,3.3728480339050293,0.43828943371772766,0.7410447001457214,crackle,186_2b4_Pl_mc_AKGC417L.wav,icbhi
974.7432059389166,522.6732938296922,0.1331806778907776,0.04312337934970856,0.01052580300174014,2153.6857687228935,18.130032215206807,1844.3862950442285,0.9604456424713135,-277.8020324707031,94.63319396972656,37.963340759277344,38.39269256591797,21.985036849975586,23.706287384033203,15.04987621307373,17.334957122802734,10.261784553527832,12.499391555786133,5.474295616149902,9.268301963806152,3.718635082244873,0.2620956599712372,0.7453383207321167,crackle,186_2b4_Pr_mc_AKGC417L.wav,icbhi
363.05518999637235,466.97827714565256,0.12155361473560333,0.0730377808213234,0.006169790458236659,1160.455522746089,19.588491533330014,309.15884208236656,-1.2978050708770752,-360.9140319824219,128.55416870117188,56.265769958496094,22.54579734802246,23.798986434936523,29.07874298095703,23.57190704345703,14.353730201721191,10.04182243347168,6.856625556945801,5.732057571411133,10.370904922485352,12.872081756591797,0.24718844890594482,0.7466014623641968,normal_respiratory,186_2b4_Tc_mc_AKGC417L.wav,icbhi
402.2276907726421,493.97101418092626,0.21366100013256073,0.07806629687547684,0.004443246084686775,1369.4695268546689,18.74233429914151,196.5716651863399,0.34038683772087097,-347.35418701171875,110.32520294189453,44.75079345703125,33.70143127441406,23.39529800415039,26.4682559967041,23.806476593017578,22.544164657592773,18.199609756469727,16.1755313873291,12.055176734924316,11.18019962310791,9.17711353302002,0.3961580991744995,0.7864876389503479,crackle,186_3b3_Al_mc_AKGC417L.wav,icbhi
225.3501252587975,488.1712581835054,0.23620089888572693,0.0868370458483696,0.0030826294228538283,954.4186912194946,19.167309471156283,123.40373948665894,-1.22528874874115,-377.490234375,96.11299896240234,63.77664566040039,37.171783447265625,26.1949405670166,25.987112045288086,26.594364166259766,23.793779373168945,18.80992889404297,14.191254615783691,11.030411720275879,9.335558891296387,8.562707901000977,0.4257744550704956,0.7894664406776428,crackle,186_3b3_Ar_mc_AKGC417L.wav,icbhi
372.4865947010797,500.3617770786447,0.1888367235660553,0.0878678411245346,0.003189122317285383,1330.0794631510616,19.45222208188894,185.00568717372389,-6.900677680969238,-397.84954833984375,99.44308471679688,51.503623962402344,38.780426025390625,26.441070556640625,19.046245574951172,15.172724723815918,11.143428802490234,10.480456352233887,9.761911392211914,8.4694242477417,9.196797370910645,8.701532363891602,0.29791611433029175,0.7969833612442017,crackle,186_3b3_Lr_mc_AKGC417L.wav,icbhi
671.4085287297173,463.3829386933241,0.26282861828804016,0.08592009544372559,0.006643343967517402,1791.8739241742542,18.498214998112488,683.7166699898492,4.286304473876953,-256.586181640625,105.94507598876953,48.79669952392578,44.07349395751953,26.014432907104492,25.383079528808594,16.1571102142334,14.491369247436523,8.141075134277344,9.684343338012695,3.2004458904266357,7.183923244476318,3.2371037006378174,0.49867984652519226,0.7533456683158875,crackle,186_3b3_Pl_mc_AKGC417L.wav,icbhi
1014.9202652246867,507.5197227985518,0.12227959930896759,0.043029263615608215,0.011616788718097447,2189.1066085429648,18.164155183115515,2019.7994648165604,-0.05303032323718071,-281.13690185546875,96.3255844116211,39.81816864013672,39.43836212158203,22.266319274902344,23.109210968017578,13.2954740524292,14.592572212219238,7.792128562927246,10.62240982055664,3.9402318000793457,7.176814556121826,2.0702106952667236,0.23897188901901245,0.7419485449790955,normal_respiratory,186_3b3_Pr_mc_AKGC417L.wav,icbhi
416.9377050335201,500.0136262656317,0.1982523798942566,0.09328898787498474,0.005851444678074246,1263.4253532119812,19.622932736672553,363.0917719511311,1.8630261421203613,-315.1170349121094,133.59947204589844,43.26396560668945,24.848716735839844,24.377262115478516,26.26709747314453,21.610843658447266,10.403910636901855,11.354988098144531,12.10023021697998,8.003999710083008,12.455863952636719,11.050003051757812,0.3978733718395233,0.7694275379180908,normal_respiratory,186_3b3_Tc_mc_AKGC417L.wav,icbhi
153.7816577529466,121.3382420499477,0.18825110793113708,0.10593944042921066,0.001572469547563805,751.7959074619906,19.492439299365486,103.69411388848607,-8.755982398986816,-429.5232849121094,80.04228973388672,53.292442321777344,35.949527740478516,31.53287696838379,28.246234893798828,19.478490829467773,11.179287910461426,10.298837661743164,14.08892822265625,14.545517921447754,10.138772010803223,6.902313232421875,0.29287657141685486,0.804015576839447,normal_respiratory,187_1b1_Ll_sc_Meditron.wav,icbhi
150.0721336196466,63.584797727403405,0.04564471170306206,0.015506233088672161,0.0031732616734338748,627.3428199867709,18.670718816889725,160.07513413573085,-12.414433479309082,-529.2711791992188,122.6404800415039,75.399658203125,40.69113540649414,30.657320022583008,29.138517379760742,20.605661392211914,8.521267890930176,4.182770252227783,8.610868453979492,12.459371566772461,9.85883617401123,5.117713928222656,0.09379375725984573,0.7874007821083069,normal_respiratory,188_1b1_Al_sc_Meditron.wav,icbhi
141.6861181451151,82.22866128089507,0.06044258549809456,0.02699396386742592,0.0030769649071925756,573.4557463393712,19.0282570217063,173.51465070330627,-11.426095962524414,-495.2621765136719,116.9306411743164,70.09204864501953,38.38151550292969,31.01805305480957,29.496999740600586,19.6413631439209,8.04727840423584,5.841070652008057,10.358047485351562,10.693624496459961,4.953413963317871,1.2688803672790527,0.11103164404630661,0.7837197184562683,normal_respiratory,188_1b1_Ar_sc_Meditron.wav,icbhi
94.54324017125441,60.785990143670745,0.07927213609218597,0.038990043103694916,0.0017797908207656612,522.0622948932015,19.015151606599513,96.82447252030163,-11.664840698242188,-510.069091796875,85.20048522949219,68.76766204833984,51.82596969604492,39.12696075439453,30.715496063232422,23.83962631225586,17.642736434936523,12.922606468200684,10.080236434936523,8.022812843322754,5.940729141235352,4.340857028961182,0.13090674579143524,0.7823628187179565,normal_respiratory,188_1b1_Pl_sc_Meditron.wav,icbhi
421.4874655076461,247.2819881950494,0.03814065456390381,0.015729380771517754,0.010811294591067286,824.8914778729625,19.538789383958274,864.1509230894721,-13.375347137451172,-453.3160095214844,177.3030548095703,14.479559898376465,-19.801612854003906,16.19658851623535,23.465892791748047,7.563368797302246,3.706610679626465,5.220376491546631,12.754209518432617,18.905149459838867,15.91291332244873,3.730405330657959,0.07913278788328171,0.6943768858909607,normal_respiratory,188_1b1_Tc_sc_Meditron.wav,icbhi
519.5023528493111,152.5688642254518,0.003759924089536071,0.001155419391579926,0.005139981511020882,1594.822166082138,18.513300260208812,386.1238059200986,-28.538625717163086,-694.5557861328125,113.12030792236328,44.51044845581055,39.48786544799805,25.008981704711914,23.646949768066406,16.797130584716797,17.36786651611328,11.923762321472168,11.478164672851562,6.610174655914307,7.782299995422363,5.819712162017822,0.007266044616699219,0.7637556791305542,crackle,189_1b2_Lr_mc_LittC2SE.wav,icbhi
162.2555011983115,90.37954733496623,0.044544659554958344,0.028702763840556145,0.0020403585411832947,773.8170672029455,19.122272126669227,135.2195226399362,-15.924234390258789,-543.30126953125,89.48784637451172,63.590171813964844,38.21638488769531,22.722454071044922,16.4809627532959,14.59306812286377,14.4208345413208,15.64819622039795,17.16800880432129,17.003190994262695,14.74975299835205,12.205318450927734,0.08044780790805817,0.8137058019638062,normal_respiratory,190_1b1_Tc_sc_Meditron.wav,icbhi
95.29492362485081,100.64237740418791,0.06158556044101715,0.02915237843990326,0.0011714218387470997,599.0276940279929,19.095739576159175,69.52077064602668,-14.286458969116211,-560.7196044921875,62.55581283569336,57.406349182128906,51.13993453979492,43.80738830566406,36.583709716796875,29.969738006591797,24.396625518798828,19.785442352294922,16.122554779052734,13.1827392578125,10.908307075500488,9.137042045593262,0.09494692832231522,0.80731600522995,normal_respiratory,191_2b1_Pl_mc_LittC2SE.wav,icbhi
93.45170808083235,104.8592519189157,0.04624806344509125,0.01935490220785141,0.0013266295678654293,596.379740912186,19.05243161157615,71.56917279944895,-16.531465530395508,-601.8535766601562,67.65298461914062,61.07838439941406,52.88278579711914,43.80086135864258,35.488609313964844,28.556922912597656,23.349428176879883,19.50391960144043,16.684261322021484,14.427271842956543,12.573219299316406,10.94585132598877,0.07493986934423447,0.8158133625984192,normal_respiratory,191_2b1_Pr_mc_LittC2SE.wav,icbhi
253.96198818552483,137.0183490397318,0.06348111480474472,0.03490087389945984,0.0023790965777262182,1031.0915378755785,19.0859890468257,167.1196391023782,-12.019134521484375,-487.5614929199219,102.92230987548828,58.61200714111328,24.78116798400879,14.654550552368164,18.803146362304688,22.73508644104004,21.33574676513672,16.991893768310547,13.426739692687988,11.93502426147461,12.08742618560791,13.027608871459961,0.10898242145776749,0.8013306856155396,normal_respiratory,191_2b2_Tc_mc_LittC2SE.wav,icbhi
243.72427848641775,82.83197319516451,0.05098694562911987,0.020435303449630737,0.0029659404002320188,1042.0719611722811,18.852581059508175,130.198439312645,-10.2481050491333,-513.3677368164062,102.0042953491211,65.9261474609375,46.7159538269043,40.064510345458984,31.91409683227539,23.602323532104492,18.869693756103516,15.319623947143555,11.491941452026367,9.026865005493164,8.126086235046387,7.080821990966797,0.0941270962357521,0.7192856669425964,crackle_and_wheeze,192_2b1_Al_mc_LittC2SE.wav,icbhi
160.39762489683645,52.01405653787458,0.06264164298772812,0.026457758620381355,0.003625290023201856,770.4102517097725,18.989571354997587,119.25697415168213,-8.208650588989258,-488.1637878417969,83.37852478027344,70.87578582763672,55.07902526855469,40.627838134765625,30.21995735168457,23.95347785949707,20.219438552856445,17.218555450439453,14.041369438171387,10.8314847946167,8.245542526245117,6.76034688949585,0.11795283108949661,0.6644735336303711,wheeze,192_2b1_Ar_mc_LittC2SE.wav,icbhi
320.11095711196714,115.56179068142396,0.04032782465219498,0.013151852414011955,0.0031120849042923435,1231.1144981192801,18.767473112379083,148.30931201058584,-11.960792541503906,-523.4168090820312,109.37394714355469,50.223350524902344,43.340606689453125,36.07029342651367,28.71221160888672,23.647127151489258,18.995912551879883,16.028902053833008,12.663082122802734,10.685526847839355,9.474966049194336,8.710564613342285,0.07486233860254288,0.7415388822555542,crackle_and_wheeze,192_2b2_Al_mc_LittC2SE.wav,icbhi
179.40825480327518,98.12741906768099,0.08208878338336945,0.028497489169239998,0.002533171403712297,867.8359337545215,18.9834194732871,114.3857739087877,-8.090648651123047,-496.273681640625,94.98577880859375,69.94551849365234,47.629276275634766,34.706756591796875,28.98634147644043,25.628530502319336,22.66887092590332,19.485754013061523,16.005645751953125,12.544806480407715,9.955408096313477,8.552560806274414,0.1495412290096283,0.7439525723457336,wheeze,192_2b2_Ar_mc_LittC2SE.wav,icbhi
280.2205048469852,95.87520514771259,0.05217945948243141,0.0173652246594429,0.0025433675319025523,1162.2745003469831,19.030408696424274,106.59185352015662,-11.90764331817627,-514.3560791015625,100.68370819091797,53.16844177246094,39.45722961425781,35.623653411865234,27.778451919555664,22.64056968688965,19.120634078979492,16.101415634155273,13.63137149810791,11.505888938903809,10.270888328552246,9.574469566345215,0.0915457233786583,0.7762905955314636,crackle_and_wheeze,192_2b3_Al_mc_LittC2SE.wav,icbhi
174.7464160282212,69.26332253725226,0.08229563385248184,0.02902079001069069,0.002185370142111369,879.8484959627909,18.996841519561283,86.33265661252901,-9.065834999084473,-503.43670654296875,91.85810852050781,66.63467407226562,45.35826110839844,33.84479904174805,28.664087295532227,25.254295349121094,22.534929275512695,19.912872314453125,16.901079177856445,13.731729507446289,11.215723037719727,9.670313835144043,0.14677993953227997,0.7594291567802429,wheeze,192_2b3_Ar_mc_LittC2SE.wav,icbhi
258.80816567398205,497.8348697003464,0.2747877538204193,0.1449393928050995,0.008090061267401392,803.7072774785511,18.66252992556883,258.4234180140661,6.3570756912231445,-308.7969055175781,149.86512756347656,74.10533142089844,30.2170352935791,21.15542984008789,25.303556442260742,24.506441116333008,14.371721267700195,7.424551010131836,10.1802339553833,13.186566352844238,11.911645889282227,9.21126937866211,0.5561631917953491,0.5751990675926208,wheeze,193_1b2_Al_mc_AKGC417L.wav,icbhi
282.96513371772625,400.61727809436843,0.19902169704437256,0.13089674711227417,0.008479779944895592,827.0925048294412,19.08453898552682,319.17602822288285,2.000396251678467,-319.7895812988281,136.5481414794922,73.11988830566406,33.7032470703125,17.854001998901367,19.281965255737305,20.61301612854004,12.529973983764648,3.3050339221954346,4.6594367027282715,8.99465560913086,9.159921646118164,6.025463104248047,0.40904971957206726,0.561819314956665,wheeze,193_1b2_Ar_mc_AKGC417L.wav,icbhi
1541.4957342045484,464.1971166090679,0.03705090284347534,0.006269367411732674,0.016648011528422275,2570.29544128881,25.02504043682122,4215.61163174304,-6.007339954376221,-316.20794677734375,90.71287536621094,20.540037155151367,27.287734985351562,15.53359603881836,21.294050216674805,9.218452453613281,12.872781753540039,15.314882278442383,6.742445945739746,13.650012016296387,1.18735933303833,3.75834584236145,0.07638320326805115,0.42237967252731323,normal_respiratory,193_1b2_Ll_mc_AKGC417L.wav,icbhi
262.3760395034501,468.40950762183036,0.21542078256607056,0.059023190289735794,0.0051807660237819025,985.5163796573827,18.678194414379675,213.10876549811485,2.068286418914795,-377.3726501464844,137.55593872070312,79.6759262084961,61.391326904296875,39.910274505615234,27.384136199951172,16.443933486938477,11.172072410583496,7.750465393066406,6.205562591552734,6.636446952819824,5.2604217529296875,4.873834133148193,0.4352700114250183,0.6366966962814331,wheeze,193_1b2_Pl_mc_AKGC417L.wav,icbhi
297.822952824485,486.9013855725185,0.08055107295513153,0.025029096752405167,0.006850665240719258,1018.721826179332,18.322203863365015,237.76453288138052,-1.979066014289856,-429.5318298339844,147.76609802246094,70.12368774414062,43.968528747558594,34.038307189941406,27.866670608520508,20.970916748046875,15.869022369384766,11.812127113342285,10.162837028503418,10.591864585876465,6.4761505126953125,4.157718658447266,0.18729940056800842,0.6350734829902649,wheeze,193_1b2_Pr_mc_AKGC417L.wav,icbhi
708.1067529330259,469.76979822792,0.0705723688006401,0.024310650303959846,0.017388930176914154,1359.1952103861001,19.347015299757516,1287.2958508555685,-3.3038809299468994,-301.237060546875,172.1695556640625,2.9206645488739014,13.642568588256836,17.537940979003906,17.857532501220703,16.018253326416016,4.009180068969727,-11.82198429107666,2.4985392093658447,13.758843421936035,6.378947734832764,3.316577434539795,0.15589548647403717,0.6797632575035095,wheeze,193_1b2_Tc_mc_AKGC417L.wav,icbhi
523.2262018895315,494.15914256073773,0.11650675535202026,0.04502113163471222,0.00990157337587007,1452.9053445081383,18.933670631486688,467.73514537412996,0.4815932810306549,-330.8643798828125,139.1805877685547,57.1340446472168,38.669673919677734,22.7296085357666,21.33483123779297,13.150896072387695,10.499099731445312,7.187779426574707,5.690884113311768,7.583927631378174,6.959542274475098,7.004191875457764,0.2562210261821747,0.5370917916297913,wheeze,193_1b4_Lr_mc_AKGC417L.wav,icbhi
307.9106006159377,148.97653863018633,0.09425297379493713,0.05261819064617157,0.005021026682134571,1130.6159906820844,18.89098486901448,213.78323937790023,-4.911263465881348,-421.5318908691406,122.95326232910156,59.952091217041016,27.720712661743164,25.165504455566406,26.379968643188477,22.80384635925293,18.531869888305664,15.183215141296387,11.559782028198242,8.459490776062012,8.456683158874512,10.51901912689209,0.18728923797607422,0.7767884135246277,normal_respiratory,193_7b3_Al_mc_AKGC417L.wav,icbhi
899.9671009600115,328.0975912182087,0.06986816972494125,0.05943115055561066,0.01804601399361949,1767.9622655047738,19.28717951068148,1883.8804877827727,-3.1567635536193848,-328.87469482421875,124.01303100585938,14.230281829833984,39.612178802490234,10.154181480407715,21.881893157958984,22.393369674682617,13.821755409240723,14.59713077545166,8.212209701538086,4.280816555023193,5.371932506561279,9.267974853515625,0.15054172277450562,0.7320595979690552,crackle,193_7b3_Ar_mc_AKGC417L.wav,icbhi
328.2936523600632,131.08549967961304,0.07566122710704803,0.05661532282829285,0.00636691560324826,1081.0172349147776,18.824903486764004,334.28923923288863,-5.172077655792236,-407.6396484375,140.6013641357422,59.99943923950195,17.202856063842773,18.445045471191406,25.165740966796875,20.847217559814453,15.179415702819824,12.9354248046875,9.976329803466797,6.5208964347839355,6.008118152618408,7.520779132843018,0.14709515869617462,0.7018425464630127,crackle,193_7b3_Ll_mc_AKGC417L.wav,icbhi
1253.8103443079929,413.59221231243924,0.05130215361714363,0.062181804329156876,0.02972737819025522,1975.061675861009,18.6230363601392,2855.2477772440543,-4.558404922485352,-322.2928466796875,104.71459197998047,-6.452033042907715,47.02115249633789,25.692947387695312,13.570937156677246,18.302024841308594,12.959494590759277,6.808135032653809,10.683881759643555,8.710582733154297,8.443937301635742,12.57791805267334,0.11845573782920837,0.724966824054718,crackle,193_7b3_Lr_mc_AKGC417L.wav,icbhi
564.5458760324992,185.99922066452444,0.05369633808732033,0.021564284339547157,0.009620613399071925,1551.6801508925341,18.63329450323328,586.4425482163573,-4.60800838470459,-391.5097961425781,134.75982666015625,44.171112060546875,35.93647766113281,28.634767532348633,28.745820999145508,15.578681945800781,14.988072395324707,11.389304161071777,9.91280746459961,0.9860689640045166,3.3279988765716553,3.174750566482544,0.12349008768796921,0.6937134265899658,crackle,193_7b3_Pl_mc_AKGC417L.wav,icbhi
261.76239231158,126.60295218412391,0.3209230601787567,0.2143135517835617,0.006441687209976798,864.7327646336704,18.10609269475077,273.23686285527845,6.402831077575684,-292.83953857421875,143.0788116455078,70.58021545410156,37.778411865234375,25.40030860900879,19.466552734375,15.299959182739258,12.641072273254395,12.018582344055176,12.124451637268066,11.391825675964355,9.652953147888184,6.643189907073975,0.5682908892631531,0.7114169001579285,normal_respiratory,193_7b3_Pr_mc_AKGC417L.wav,icbhi
244.5128018804928,86.88987307441307,0.10880057513713837,0.07351911813020706,0.00827812318735499,758.2415382679412,19.062825468617714,329.2181948774652,-3.8099894523620605,-383.3552551269531,140.11619567871094,87.2362060546875,42.29873275756836,20.157228469848633,13.4682035446167,9.618946075439453,3.6691131591796875,-1.0515437126159668,-0.5332926511764526,4.21885347366333,8.116894721984863,6.509850025177002,0.21879255771636963,0.6917259097099304,crackle,193_7b3_Tc_mc_AKGC417L.wav,icbhi
265.0985833471254,155.36375284268436,0.03251156583428383,0.015294075943529606,0.0015837985788863108,1156.1728033244972,19.0788113878329,106.44197043575986,-20.302953720092773,-602.22119140625,74.8581771850586,50.778404235839844,38.375152587890625,34.398193359375,30.523542404174805,24.60658836364746,19.41217803955078,16.476364135742188,15.194355964660645,13.532387733459473,10.900272369384766,9.227173805236816,0.05170051380991936,0.8025311231613159,normal_respiratory,194_1b1_Lr_sc_Meditron.wav,icbhi
237.27183854674934,99.1920229166822,0.02725950814783573,0.011052808724343777,0.002085674666473318,1100.323335783795,18.98274042928211,72.9930621012181,-18.339303970336914,-612.7786865234375,73.69005584716797,52.79331588745117,41.72502136230469,37.342369079589844,33.31294250488281,28.376890182495117,23.734891891479492,20.72859001159668,18.84418296813965,16.774314880371094,14.430257797241211,12.614849090576172,0.04757963865995407,0.7864156365394592,normal_respiratory,194_1b1_Pr_sc_Meditron.wav,icbhi
88.90065252644008,72.22054573954456,0.053163379430770874,0.055168550461530685,0.00396516096287703,140.8601447796365,20.43099976879574,163.72228918938515,-11.699664115905762,-451.3970031738281,76.5325698852539,58.967933654785156,38.944969177246094,23.22135353088379,14.151366233825684,10.585805892944336,10.320974349975586,11.590715408325195,13.210665702819824,14.299299240112305,14.303409576416016,13.172284126281738,0.10494460165500641,0.7322660088539124,wheeze,195_1b1_Al_sc_Litt3200.wav,icbhi
103.20380866513376,69.79910069084036,0.05609377473592758,0.05383093282580376,0.005209088602088167,156.89101514307907,18.703236849525627,198.8199114522912,-9.989480972290039,-447.9098815917969,88.7759017944336,66.54075622558594,40.625545501708984,20.151296615600586,9.151312828063965,6.442722320556641,8.45502758026123,11.965418815612793,15.102706909179688,17.04105567932129,17.46554183959961,16.329303741455078,0.11724527925252914,0.7341029047966003,wheeze,195_1b1_Ar_sc_Litt3200.wav,icbhi
100.37399337361352,88.72439315881938,0.033053651452064514,0.021250365301966667,0.0039232435469837585,153.28856396937962,19.971363379329468,187.90342680539442,-14.07167911529541,-507.51470947265625,90.63237762451172,68.77555084228516,44.64060974121094,26.104446411132812,14.90219783782959,9.200891494750977,7.26393985748291,8.351844787597656,11.341115951538086,14.133843421936035,15.068464279174805,14.1676025390625,0.06485413759946823,0.7488515377044678,crackle_and_wheeze,195_1b1_Ll_sc_Litt3200.wav,icbhi
69.91307614862498,49.13868413395308,0.07304059714078903,0.06544853001832962,0.0035731764791183296,117.5676123976751,18.8552138471781,125.07743392908932,-9.292257308959961,-456.97161865234375,74.26997375488281,60.9222297668457,43.80912780761719,28.080846786499023,17.363971710205078,12.676077842712402,12.725726127624512,15.111472129821777,17.588218688964844,18.796171188354492,18.34150505065918,16.486886978149414,0.13966451585292816,0.7498210072517395,crackle_and_wheeze,195_1b1_Lr_sc_Litt3200.wav,icbhi
79.17095633626678,56.19448820940702,0.05768829584121704,0.06316202133893967,0.004093179016821346,125.00825692189366,20.75415863474301,138.61687255292924,-9.427750587463379,-431.9425354003906,59.630672454833984,49.2171630859375,36.319427490234375,25.07400131225586,17.983224868774414,15.314101219177246,15.722572326660156,17.364110946655273,18.762100219726562,19.14266014099121,18.33782196044922,16.513898849487305,0.11442603170871735,0.7444184422492981,wheeze,195_1b1_Pl_sc_Litt3200.wav,icbhi
105.71317813994258,60.183820497208245,0.045569028705358505,0.048777397722005844,0.005086735063805105,158.20697144904335,19.562994275583367,211.0853438587587,-11.442487716674805,-452.93060302734375,80.20123291015625,64.34207153320312,44.17082214355469,25.633438110351562,12.68523120880127,6.449642658233643,5.780996799468994,8.391160011291504,11.902225494384766,14.5549955368042,15.480896949768066,14.585606575012207,0.09131600707769394,0.7074009776115417,wheeze,195_1b1_Pr_sc_Litt3200.wav,icbhi
456.8556667718406,109.79643552579157,0.010431213304400444,0.0026304747443646193,0.004887344112529003,1513.1172193510915,18.31260494968575,233.31800137761022,-17.8510684967041,-608.7692260742188,117.06147003173828,48.234397888183594,24.55668830871582,22.634031295776367,34.25272750854492,35.406253814697266,27.766006469726562,15.831822395324707,12.529212951660156,11.023054122924805,15.135327339172363,12.274354934692383,0.022127913311123848,0.7478387355804443,normal_respiratory,196_1b1_Pr_sc_Meditron.wav,icbhi
158.4860046042895,87.25561562245066,0.0354069322347641,0.013315881602466106,0.001556608903712297,865.616438869877,19.09742654865382,73.69251649506961,-18.581321716308594,-612.2520141601562,78.87606811523438,61.95917892456055,45.81458282470703,34.650665283203125,27.767553329467773,22.575725555419922,18.992368698120117,17.60789680480957,17.565082550048828,16.8153076171875,14.929433822631836,13.140987396240234,0.059017933905124664,0.7966501116752625,normal_respiratory,197_1b1_Al_sc_Meditron.wav,icbhi
201.85909193856295,91.10131617374539,0.024523235857486725,0.009536598809063435,0.00218763594837587,937.5456909400547,19.032931838543682,125.52708318227958,-20.3907527923584,-611.4617309570312,110.40327453613281,65.87464904785156,32.28042221069336,21.88371467590332,23.34893798828125,22.34512710571289,16.062498092651367,9.92065715789795,8.805658340454102,11.252551078796387,12.646050453186035,11.558412551879883,0.04246310889720917,0.7976657748222351,crackle_and_wheeze,197_1b1_Tc_sc_Meditron.wav,icbhi
213.3158066404761,497.96343935744954,0.12765219807624817,0.042132120579481125,0.004136229335846868,783.2103108791177,19.346468261902697,210.61071409150233,-2.45235538482666,-409.77545166015625,141.42376708984375,76.60859680175781,32.94356918334961,20.08663558959961,16.517242431640625,11.243078231811523,10.157532691955566,14.091167449951172,16.615102767944336,15.14687442779541,12.471590995788574,10.589722633361816,0.2379102259874344,0.7439076900482178,wheeze,198_1b5_Al_mc_AKGC417L.wav,icbhi
224.71725157739982,456.4540236245708,0.1183735579252243,0.038458701223134995,0.005920551769141531,791.6189386840812,19.1925172646805,215.30705073593387,-0.3540193438529968,-412.67596435546875,155.869384765625,73.55946350097656,32.30289840698242,29.501768112182617,28.050601959228516,20.640880584716797,16.893474578857422,15.72198486328125,12.824858665466309,9.283974647521973,7.111811637878418,6.312589645385742,0.2520158588886261,0.6113759279251099,wheeze,198_1b5_Ar_mc_AKGC417L.wav,icbhi
326.76592333373907,502.0138805846059,0.1959528774023056,0.1068635880947113,0.004549738979118329,1106.438911346965,18.9236488033173,249.1306667814675,1.5930755138397217,-329.39215087890625,128.9644775390625,62.326019287109375,24.930728912353516,19.932878494262695,21.32038116455078,19.432846069335938,18.232515335083008,16.919363021850586,12.925712585449219,8.459877967834473,7.565789222717285,9.091538429260254,0.3849696218967438,0.7364165782928467,wheeze,198_1b5_Ll_mc_AKGC417L.wav,icbhi
329.71004797718354,495.8196466361816,0.1657969057559967,0.06455715000629425,0.006515325913573086,1103.5102460416697,18.88752691443812,258.798125725058,1.7931705713272095,-349.1994934082031,138.96893310546875,73.9372787475586,38.143768310546875,25.80835723876953,20.130741119384766,17.324398040771484,15.289864540100098,12.985291481018066,10.285865783691406,7.7167840003967285,6.221526145935059,5.69792366027832,0.35349205136299133,0.6566469669342041,wheeze,198_1b5_Lr_mc_AKGC417L.wav,icbhi
245.74603993713396,493.9701397483215,0.43807876110076904,0.14249196648597717,0.004241589327146172,954.2989187908672,18.806002091719403,182.9323045062355,6.464727401733398,-313.2156677246094,135.0968017578125,77.03177642822266,50.660919189453125,35.79470443725586,24.349197387695312,17.598648071289062,12.94157600402832,10.509716033935547,9.562688827514648,8.87785816192627,7.85269832611084,6.980517864227295,0.7837888598442078,0.745761513710022,wheeze,198_1b5_Pl_mc_AKGC417L.wav,icbhi
407.58114422216534,487.33612402574346,0.24197709560394287,0.06561705470085144,0.009150458599187936,1193.893536880633,18.812739392343463,372.4844452399942,6.235085964202881,-267.8437194824219,159.5456085205078,56.687435150146484,35.00938034057617,23.765953063964844,22.39468765258789,16.557964324951172,14.501104354858398,8.186325073242188,5.51894998550415,2.791370153427124,2.239703416824341,1.7014055252075195,0.5284656882286072,0.5725432634353638,wheeze,198_1b5_Pr_mc_AKGC417L.wav,icbhi
411.6332309554771,498.43823539332476,0.34253838658332825,0.12769515812397003,0.009732770809164733,942.1498353073882,19.621071560345555,657.7119548470127,7.338112831115723,-223.22413635253906,180.23255920410156,18.87350845336914,15.071438789367676,34.81620407104492,15.15363597869873,2.9564120769500732,4.7467451095581055,-2.5105416774749756,3.371013641357422,21.258535385131836,18.46856117248535,6.181529521942139,0.6836792826652527,0.6710253953933716,wheeze,198_1b5_Tc_mc_AKGC417L.wav,icbhi
164.34882633303621,35.46233601432608,0.22475369274616241,0.09318443387746811,0.008675772186774943,515.3819020816101,18.301846845105636,206.6388123549884,6.486659049987793,-365.1624755859375,145.280517578125,101.31587219238281,62.26154708862305,39.562808990478516,29.77211570739746,24.948749542236328,20.05356788635254,14.110506057739258,8.302298545837402,3.73466157913208,0.7566285729408264,-0.6101783514022827,0.5413237810134888,0.6333310008049011,normal_respiratory,198_6p1_Al_mc_AKGC417L.wav,icbhi
175.966531234261,62.466222429541524,0.2218429297208786,0.09357273578643799,0.007400123259860789,558.3018953243907,18.24177081939576,225.77388612964037,5.263627052307129,-355.4839172363281,153.58229064941406,95.74710845947266,51.89916229248047,33.495723724365234,27.43754768371582,22.20655632019043,16.329261779785156,11.345897674560547,7.2332000732421875,3.601536512374878,0.9625073075294495,0.07028855383396149,0.5127729177474976,0.6656241416931152,crackle,198_6p1_Ar_mc_AKGC417L.wav,icbhi
125.86132702801498,75.11276860389684,0.3560779094696045,0.07981730997562408,0.005601073085846868,392.0863698431955,18.120395726451292,188.32809554451856,8.025049209594727,-350.73468017578125,145.27603149414062,104.80298614501953,66.8043441772461,41.06912612915039,27.573711395263672,21.46998405456543,18.238969802856445,14.394857406616211,9.218393325805664,4.207108497619629,1.264365553855896,0.7404274344444275,0.7562707662582397,0.7093556523323059,crackle,198_6p1_Ll_mc_AKGC417L.wav,icbhi
166.3663478928194,98.43780133152693,0.25193655490875244,0.08748698234558105,0.007727532265081207,494.0701018525059,18.06628013194667,222.75124392763922,7.5534892082214355,-353.6914367675781,139.47679138183594,94.16990661621094,63.79658889770508,44.19379806518555,31.78826904296875,24.28425407409668,19.49821662902832,15.059895515441895,10.512914657592773,5.916537761688232,2.4901320934295654,0.6994995474815369,0.5816373825073242,0.6535784006118774,crackle,198_6p1_Lr_mc_AKGC417L.wav,icbhi
123.47974703483655,67.94309460937657,0.3150380551815033,0.09115787595510483,0.006013449825986079,431.64652941973594,18.250013190686953,156.5528816524072,7.383096218109131,-358.9809265136719,127.49685668945312,98.27037048339844,68.58821868896484,46.45180892944336,32.580631256103516,24.209407806396484,18.75994300842285,14.230409622192383,10.053459167480469,6.485029697418213,4.245734691619873,3.5893006324768066,0.6740444898605347,0.6573500633239746,crackle,198_6p1_Pl_mc_AKGC417L.wav,icbhi
149.18159796898954,176.05803749947273,0.23604696989059448,0.08501949906349182,0.006151664008120649,554.9215846718238,18.42832317537483,180.05954538863108,6.086986541748047,-379.3348083496094,112.50601959228516,88.03046417236328,65.19095611572266,48.490196228027344,38.31177520751953,31.9327449798584,26.25116729736328,19.97128677368164,13.49473762512207,7.873088836669922,4.098415374755859,2.314772129058838,0.5196454524993896,0.674166738986969,crackle,198_6p1_Pr_mc_AKGC417L.wav,icbhi
263.87695548226884,91.32172108234352,0.10552370548248291,0.06766309589147568,0.010613036542923435,800.8044595929088,18.901902448905634,302.83877202363686,-0.7827423214912415,-397.2625732421875,155.52940368652344,100.39713287353516,50.92374038696289,26.727293014526367,20.68344497680664,16.173574447631836,7.595272541046143,0.6547116637229919,0.05273449793457985,2.7759628295898438,3.6199045181274414,1.9537630081176758,0.2624712884426117,0.6536794304847717,crackle,198_6p1_Tc_mc_AKGC417L.wav,icbhi
77.33759881552486,67.85764173271083,0.07809246331453323,0.03403070196509361,0.001388939240139211,497.38665134231115,18.963040515754667,57.879851091212295,-13.344037055969238,-534.9027709960938,59.80693817138672,48.81489181518555,40.24263000488281,36.142906188964844,33.89217758178711,30.35743522644043,26.071979522705078,22.50489044189453,19.79706573486328,17.042675018310547,14.359576225280762,12.397104263305664,0.13125164806842804,0.8090426921844482,crackle,199_2b1_Ll_mc_LittC2SE.wav,icbhi
132.208987813395,72.88212370354726,0.038647767156362534,0.017641952261328697,0.001429723752900232,700.3056960521224,19.577308634429965,65.37400531104988,-19.042295455932617,-579.2958374023438,71.57220458984375,40.66508102416992,26.035099029541016,30.7560977935791,34.76243591308594,27.56635093688965,18.271320343017578,16.638582229614258,19.77070426940918,19.784997940063477,15.212250709533691,10.71081829071045,0.06337656825780869,0.8054172992706299,crackle,199_2b3_Ll_mc_LittC2SE.wav,icbhi
1126.6569081418434,570.1973373963411,0.12931190431118011,0.0803191289305687,0.015790403857308583,2174.24736988683,18.434418496345952,2396.155889736804,1.9090996980667114,-252.058837890625,98.32223510742188,18.155126571655273,30.800540924072266,30.504711151123047,24.00666618347168,12.672308921813965,17.460235595703125,12.759583473205566,14.621357917785645,6.596938133239746,7.337714672088623,3.6397204399108887,0.27506276965141296,0.7282980680465698,normal_respiratory,200_2p2_Al_mc_AKGC417L.wav,icbhi
304.559985262346,493.0352300297158,0.7029210925102234,0.13266783952713013,0.005161506670533643,1006.1250562708641,18.236123057697803,282.03000380655453,12.926823616027832,-214.67092895507812,162.03175354003906,61.672428131103516,42.60789489746094,27.71343231201172,23.5482177734375,15.78303050994873,13.406288146972656,8.82543659210205,9.550110816955566,6.412484169006348,6.829101085662842,4.33942985534668,0.9844700694084167,0.7523730397224426,normal_respiratory,200_2p2_Ar_mc_AKGC417L.wav,icbhi
715.556779216623,508.7682681251978,0.3127663731575012,0.13518092036247253,0.007615374854988399,1849.5638290117236,18.769398397985654,844.1165508084397,6.352327823638916,-230.2605743408203,109.0966567993164,36.820411682128906,30.126564025878906,30.989940643310547,26.927648544311523,18.347230911254883,14.843779563903809,14.89307975769043,15.710787773132324,5.034656524658203,8.342036247253418,1.7080528736114502,0.5904409289360046,0.7596969604492188,normal_respiratory,200_2p2_Lr_mc_AKGC417L.wav,icbhi
491.09838128876845,473.5868055687509,0.13506612181663513,0.056342557072639465,0.0065300536542923435,1481.154961942138,18.335449311846197,356.9965265189965,-0.2507937252521515,-349.0533142089844,124.57769012451172,60.934600830078125,45.666744232177734,26.405851364135742,21.334651947021484,14.535654067993164,13.82887077331543,10.342546463012695,10.65303897857666,6.726676940917969,6.863456726074219,3.923267364501953,0.2794428765773773,0.7547019720077515,normal_respiratory,200_2p2_Pl_mc_AKGC417L.wav,icbhi
622.8480257214865,493.5930181875002,0.23976953327655792,0.08474863320589066,0.006658071708236659,1746.6836475692533,18.388273492209567,505.65556572650814,3.114239454269409,-282.1084899902344,103.71546936035156,49.585391998291016,42.765193939208984,27.382875442504883,22.751771926879883,16.26559829711914,14.885162353515625,10.916727066040039,11.74699878692627,7.8358283042907715,9.663127899169922,5.079471111297607,0.4546648859977722,0.7784087657928467,crackle,200_2p2_Pr_mc_AKGC417L.wav,icbhi
435.9132103972671,507.20748626254056,0.16985943913459778,0.11228560656309128,0.006502863979118329,1190.4207542535457,18.885700275245725,544.8999533243909,0.6964945793151855,-321.2557373046875,141.39956665039062,39.90727233886719,16.614171981811523,29.535667419433594,24.99492073059082,10.487934112548828,9.950498580932617,18.229774475097656,19.161710739135742,9.755393028259277,3.0640904903411865,7.209184169769287,0.3542349338531494,0.7848747968673706,crackle,200_2p2_Tc_mc_AKGC417L.wav,icbhi
948.9346377718448,561.5412641727057,0.1772923320531845,0.11102820932865143,0.011645111296403712,2039.2868683855686,18.627170877860163,1795.449467988689,2.6133980751037598,-256.8335876464844,99.46892547607422,27.002302169799805,32.03504180908203,28.66046905517578,24.372589111328125,15.294150352478027,17.9558048248291,12.090930938720703,14.406209945678711,7.969494819641113,8.02595043182373,3.525895595550537,0.34926819801330566,0.7311813831329346,normal_respiratory,200_2p3_Al_mc_AKGC417L.wav,icbhi
281.5077151324996,479.9033812169531,0.21809038519859314,0.13344289362430573,0.00486355314675174,1022.7975669162142,18.55845909003701,213.03382395591646,1.5994619131088257,-349.6838073730469,109.94198608398438,74.62527465820312,44.988006591796875,30.66550636291504,25.197532653808594,20.9078369140625,16.561586380004883,13.528904914855957,11.55720329284668,9.519707679748535,7.30842924118042,5.674829006195068,0.40836000442504883,0.7568027973175049,normal_respiratory,200_2p3_Ar_mc_AKGC417L.wav,icbhi
706.7183820112322,510.2766338519986,0.32074329257011414,0.14185784757137299,0.006994543938515081,1849.2699592884658,18.758745400204948,819.5357249673724,5.551083087921143,-233.88148498535156,106.48345184326172,35.304176330566406,28.744403839111328,30.237409591674805,26.8984375,18.299732208251953,15.335731506347656,14.324554443359375,14.872112274169922,5.270868301391602,8.073705673217773,2.2009871006011963,0.6019212007522583,0.7669679522514343,normal_respiratory,200_2p3_Lr_mc_AKGC417L.wav,icbhi
497.0709069475977,492.7019124858177,0.369312047958374,0.11762433499097824,0.0077377283932714615,1449.8449990177016,18.018639863255544,388.4469937282483,8.791826248168945,-230.79251098632812,133.63706970214844,60.7388801574707,44.4556999206543,23.986433029174805,21.162158966064453,13.824973106384277,14.8219575881958,9.11605453491211,10.021896362304688,4.775465488433838,6.048035144805908,2.4976019859313965,0.7433248162269592,0.7206224799156189,crackle,200_2p3_Pl_mc_AKGC417L.wav,icbhi
641.2893552819411,495.38207813310373,0.24373507499694824,0.07679170370101929,0.006497199463457077,1773.1760921673178,18.467282176052475,579.3480822215777,2.6594760417938232,-279.7466735839844,102.55546569824219,46.7759895324707,41.78037643432617,25.77947425842285,22.550662994384766,14.755775451660156,15.409589767456055,10.57036018371582,12.21284008026123,7.140326023101807,10.061065673828125,4.727930068969727,0.4521932899951935,0.7786641716957092,normal_respiratory,200_2p3_Pr_mc_AKGC417L.wav,icbhi
534.4832244143374,633.4871670275527,0.2835598886013031,0.21362610161304474,0.015125389718677494,1130.7498777489377,19.050159042972794,891.9542352450696,1.0542566776275635,-306.5700988769531,123.4146499633789,42.08342742919922,26.493202209472656,24.500118255615234,15.408970832824707,15.247224807739258,14.553566932678223,8.932214736938477,9.92745304107666,16.08970069885254,15.676504135131836,7.948353290557861,0.4989548325538635,0.7729965448379517,crackle,200_2p3_Tc_mc_AKGC417L.wav,icbhi
1193.5552762508241,545.1507157972665,0.11270011216402054,0.05521904304623604,0.013995885295823665,2277.428416248272,18.5755537744533,2663.922020011601,-0.6691051125526428,-266.54888916015625,95.55431365966797,19.40012550354004,26.869874954223633,26.822002410888672,22.197927474975586,10.1524019241333,16.950016021728516,10.850141525268555,11.832929611206055,5.500523567199707,9.761299133300781,1.9589461088180542,0.22241541743278503,0.7586323618888855,normal_respiratory,200_2p4_Al_mc_AKGC417L.wav,icbhi
457.58806018084124,511.3637565982995,0.5138709545135498,0.18985967338085175,0.005964734991299304,1343.1517551933284,18.719106884242034,457.3932125507541,9.205445289611816,-220.07403564453125,135.33224487304688,35.77022171020508,28.96461296081543,32.26506423950195,32.57572937011719,15.630413055419922,12.275362968444824,11.914568901062012,15.523427963256836,8.1516695022583,7.315103530883789,4.026398181915283,0.8341800570487976,0.7778188586235046,normal_respiratory,200_2p4_Ar_mc_AKGC417L.wav,icbhi
725.6417395737813,452.0130406799741,0.28686851263046265,0.13375800848007202,0.008446925754060326,1853.604012964433,18.40183951700255,952.7068454538863,5.392306804656982,-244.18923950195312,108.4105224609375,44.04033660888672,35.89708709716797,25.191972732543945,24.49217414855957,18.41242790222168,16.026798248291016,12.409238815307617,13.44299030303955,5.125089168548584,8.214862823486328,2.6257426738739014,0.5428151488304138,0.7229539155960083,normal_respiratory,200_2p4_Lr_mc_AKGC417L.wav,icbhi
527.2711830394985,492.6429307234009,0.3511640131473541,0.11140970885753632,0.006245694968097448,1575.7961470053585,18.294361149599524,329.1932143633991,7.200703144073486,-250.9776611328125,112.58582305908203,53.43606185913086,45.84602355957031,28.60938835144043,26.671342849731445,18.561859130859375,18.867542266845703,12.2853364944458,12.327934265136719,5.840409278869629,6.72638463973999,2.828704833984375,0.6749155521392822,0.755687415599823,crackle,200_2p4_Pl_mc_AKGC417L.wav,icbhi
709.2498031018788,487.37506406993225,0.23059281706809998,0.11201561987400055,0.0069345000725058005,1861.8657539179553,18.502872296494917,824.1071590414733,1.782827377319336,-280.6871337890625,99.35364532470703,45.65237045288086,40.67674255371094,25.313030242919922,21.746482849121094,14.883028984069824,13.886170387268066,10.402400016784668,11.63199520111084,6.9783616065979,8.620405197143555,4.719228267669678,0.41029730439186096,0.7889602780342102,crackle,200_2p4_Pr_mc_AKGC417L.wav,icbhi
465.4576946649993,617.6594229170831,0.18779973685741425,0.12984034419059753,0.007576856148491879,1178.8405168790468,18.656240933572985,764.1539252827727,0.2369224578142166,-331.0421142578125,119.05752563476562,61.449554443359375,32.856258392333984,23.273677825927734,19.17453956604004,15.371118545532227,8.633774757385254,7.538290500640869,12.855171203613281,13.783668518066406,11.24711799621582,8.881455421447754,0.3627427816390991,0.7785433530807495,normal_respiratory,200_2p4_Tc_mc_AKGC417L.wav,icbhi
854.1331332923396,514.3146003664652,0.2109963446855545,0.10787869244813919,0.011617921621229698,1909.0179616507492,18.71454555219653,1502.2531743945765,4.335168361663818,-243.81568908691406,101.37969207763672,16.55447769165039,32.474830627441406,36.34367370605469,22.638036727905273,11.398240089416504,23.36842918395996,16.376190185546875,13.40533447265625,8.695243835449219,13.14059066772461,4.3981499671936035,0.4216969907283783,0.739600419998169,normal_respiratory,200_3p4_Al_mc_AKGC417L.wav,icbhi
334.52449009354103,446.19912723555825,0.22705399990081787,0.10811056196689606,0.0042778422273781905,1149.036979377997,18.91505795901699,277.03390099332944,-0.23043179512023926,-343.9988098144531,123.29557037353516,46.51887893676758,21.16868019104004,26.44586944580078,28.362573623657227,25.606538772583008,20.731956481933594,14.929442405700684,11.954708099365234,10.450279235839844,7.125817775726318,4.4128804206848145,0.4149293899536133,0.7827877402305603,normal_respiratory,200_3p4_Ar_mc_AKGC417L.wav,icbhi
504.4243182244947,491.1852110605647,0.37146294116973877,0.10187513381242752,0.005153576348607888,1546.0113246938567,18.415928693254518,316.12840550681557,6.644674301147461,-252.9115753173828,112.54243469238281,53.79678726196289,46.67788314819336,28.116682052612305,25.463237762451172,15.679855346679688,15.754572868347168,9.733891487121582,11.41766357421875,6.7683281898498535,8.647051811218262,4.693967342376709,0.7034475207328796,0.7713674306869507,normal_respiratory,200_3p4_Pl_mc_AKGC417L.wav,icbhi
545.3900815512505,515.2991367908326,0.33629485964775085,0.14630310237407684,0.007146352958236659,1554.9553396068113,18.41856211378194,469.9833916400812,5.511693477630615,-256.0973815917969,120.05318450927734,56.592857360839844,44.93916320800781,23.400959014892578,18.392364501953125,10.360550880432129,11.4290771484375,8.581886291503906,11.178393363952637,8.12685489654541,9.264270782470703,5.429830074310303,0.6218398809432983,0.7387195825576782,normal_respiratory,200_3p4_Pr_mc_AKGC417L.wav,icbhi
326.1707908394233,433.70163828533003,0.10928277671337128,0.05985127389431,0.006298941415313225,1006.5834961803732,19.079059504638025,385.1245853574536,-3.7209551334381104,-382.7372741699219,140.82069396972656,65.47445678710938,24.69517707824707,16.83713150024414,12.904759407043457,5.711085796356201,6.604754447937012,14.149889945983887,18.079853057861328,15.40941333770752,8.369346618652344,5.308291912078857,0.20943529903888702,0.7659359574317932,crackle,200_3p4_Tc_mc_AKGC417L.wav,icbhi
382.2711627175526,110.202457151316,0.014451781287789345,0.005824969615787268,0.007145220055104409,1178.8207676547327,18.410433862110022,413.5524103647042,-14.987958908081055,-565.13671875,169.71929931640625,60.392765045166016,14.05572509765625,16.02396011352539,25.982698440551758,24.240942001342773,14.608736038208008,8.511566162109375,11.714642524719238,13.594334602355957,8.981995582580566,2.466538667678833,0.033045779913663864,0.7001383900642395,crackle_and_wheeze,201_1b1_Al_sc_Meditron.wav,icbhi
417.2169535956547,131.66383270931632,0.01384987123310566,0.00888125877827406,0.008778866371809744,1242.953915896971,18.819745270284027,416.1753643416473,-15.044044494628906,-555.4962768554688,147.82814025878906,69.35209655761719,18.66309356689453,13.44134521484375,24.11387062072754,23.548036575317383,13.669620513916016,8.403939247131348,11.30240249633789,13.921067237854004,10.528005599975586,5.152065277099609,0.031226640567183495,0.6155872941017151,wheeze,201_1b1_Ar_sc_Meditron.wav,icbhi
405.1817694225257,125.78415384823596,0.013685704208910465,0.0058280895464122295,0.007673152914733179,1197.6688777798245,18.35806103295564,460.96542606221,-15.480744361877441,-560.3837890625,173.6552734375,57.110633850097656,12.362266540527344,16.443151473999023,26.945653915405273,23.859697341918945,13.540417671203613,4.851968288421631,9.117254257202148,11.806604385375977,8.339266777038574,1.1018671989440918,0.0324268601834774,0.6839324831962585,crackle_and_wheeze,201_1b2_Al_sc_Meditron.wav,icbhi
410.58771611186023,140.69923504205894,0.014419037848711014,0.010217715054750443,0.0086904999274942,1252.8655302494537,18.888118725078737,391.96924621157194,-15.214893341064453,-543.5695190429688,130.5297088623047,69.02571868896484,22.781450271606445,13.064942359924316,22.619855880737305,25.796009063720703,17.523590087890625,9.435717582702637,8.67656421661377,10.640751838684082,9.426920890808105,6.2546210289001465,0.03234047815203667,0.6303586363792419,crackle_and_wheeze,201_1b2_Ar_sc_Meditron.wav,icbhi
399.88094131278984,131.2327997317587,0.014646928757429123,0.0077450149692595005,0.007897467734918794,1195.2669437415764,18.414997216780762,440.7561901827146,-14.890639305114746,-543.2542114257812,153.1240234375,62.001976013183594,12.583005905151367,16.165178298950195,29.650663375854492,26.192584991455078,12.286982536315918,4.76215934753418,8.942971229553223,13.37431812286377,8.45841121673584,2.1336801052093506,0.032995883375406265,0.701256275177002,crackle_and_wheeze,201_1b3_Al_sc_Meditron.wav,icbhi
391.3585811449578,114.42734694689763,0.014380955137312412,0.009836547076702118,0.008510368329466358,1219.158577679636,18.839870653054366,353.4492935216067,-14.87667465209961,-541.5825805664062,131.55625915527344,69.22171020507812,22.976486206054688,14.00505542755127,24.091110229492188,26.9289493560791,17.51609230041504,8.112213134765625,6.837052345275879,9.626627922058105,9.88467025756836,7.429591178894043,0.032403621822595596,0.6123586893081665,wheeze,201_1b3_Ar_sc_Meditron.wav,icbhi
359.1100744986055,162.053081425345,0.04917745664715767,0.020264210179448128,0.002417615284222738,1347.020956638799,20.148927782921085,166.76991190545243,-14.696187973022461,-520.3546142578125,100.46641540527344,46.310447692871094,34.351951599121094,26.822410583496094,29.539058685302734,20.3963623046875,19.308446884155273,12.05500602722168,11.537091255187988,10.562690734863281,8.416513442993164,9.537772178649902,0.08288956433534622,0.8243236541748047,normal_respiratory,202_1b1_Ar_sc_Meditron.wav,icbhi
417.7551946367672,482.9021346817411,0.4625418186187744,0.16352923214435577,0.005483251160092808,1335.0976905757216,18.361862532744524,299.4913831387761,8.588349342346191,-248.5104217529297,130.39222717285156,49.35283279418945,33.40050506591797,23.904823303222656,27.512250900268555,21.564910888671875,19.197574615478516,13.162611961364746,13.199037551879883,10.048882484436035,10.563035011291504,7.8602824211120605,0.7972422242164612,0.7506531476974487,crackle_and_wheeze,203_1p2_Al_mc_AKGC417L.wav,icbhi
277.0239818494545,459.6220496344805,0.42207714915275574,0.11642183363437653,0.0039889519286542925,1053.0508052463535,18.652241573343556,173.38974813297563,6.307045936584473,-302.6234130859375,135.21405029296875,59.62631607055664,34.21806716918945,27.181346893310547,27.18456268310547,24.65186309814453,19.66192626953125,15.004130363464355,12.514249801635742,10.996376991271973,9.359758377075195,9.002368927001953,0.7621628046035767,0.7807323932647705,crackle,203_1p2_Ar_mc_AKGC417L.wav,icbhi
744.0676097524523,497.60763514998587,0.21226361393928528,0.07009307295084,0.010438569460556844,1775.696017889476,18.582375015857732,1073.6125335339327,5.675964832305908,-232.12449645996094,125.8127212524414,28.857248306274414,17.358123779296875,17.64777946472168,29.629627227783203,20.297306060791016,17.810148239135742,10.433978080749512,13.59804916381836,8.61782169342041,9.885557174682617,5.963650703430176,0.45493942499160767,0.6839570999145508,crackle_and_wheeze,203_1p2_Lr_mc_AKGC417L.wav,icbhi
402.10268211066375,471.95986535987595,0.15529516339302063,0.08115171641111374,0.007952979988399072,1267.3266265537839,18.341559679704822,297.96757178074245,2.3486649990081787,-337.2547912597656,133.70814514160156,71.78643035888672,45.333091735839844,30.708051681518555,23.159852981567383,18.318668365478516,13.255672454833984,9.704397201538086,7.352705478668213,5.813004493713379,4.630878448486328,4.016533374786377,0.3335854411125183,0.6782391667366028,crackle,203_1p2_Pl_mc_AKGC417L.wav,icbhi
553.7077151749005,480.9957574339011,0.11794251948595047,0.04403737559914589,0.006613888486078886,1602.2361765456658,18.39731733923091,423.4446939348898,-1.1300750970840454,-345.98956298828125,117.22616577148438,55.58460998535156,45.6017951965332,26.15329933166504,21.950180053710938,13.105496406555176,12.782637596130371,8.424867630004883,9.733506202697754,6.345023155212402,8.439881324768066,5.951132774353027,0.23030787706375122,0.7300864458084106,crackle,203_1p2_Pr_mc_AKGC417L.wav,icbhi
344.03674703273,483.93515330443216,0.17049098014831543,0.07944342494010925,0.006164125942575406,1074.4003979795173,18.601877983933978,392.7436421476218,0.3073071241378784,-342.2044677734375,140.615234375,76.89218139648438,32.0435905456543,16.989330291748047,13.137170791625977,7.672062397003174,2.3839809894561768,2.9535458087921143,9.04471492767334,14.813313484191895,16.15019989013672,13.504142761230469,0.3321126699447632,0.7477430105209351,wheeze,203_1p2_Tc_mc_AKGC417L.wav,icbhi
349.4671459411486,492.16545578050716,0.24884498119354248,0.08694629371166229,0.005654319533062645,1152.0000320240106,18.375391276840766,274.96051832584106,4.713119029998779,-316.0254211425781,143.1167449951172,58.73806381225586,36.93027114868164,25.913341522216797,23.975393295288086,20.871408462524414,17.972190856933594,12.64887809753418,10.2518892288208,9.99349594116211,9.318746566772461,7.565505504608154,0.5094865560531616,0.7399877905845642,crackle,203_1p3_Al_mc_AKGC417L.wav,icbhi
227.64559099610454,501.395171553659,0.3401845395565033,0.13337799906730652,0.00439453125,898.0062550689236,18.654593832025807,169.41784639646173,4.246623516082764,-342.8456115722656,116.872314453125,73.1473617553711,43.580780029296875,34.28860855102539,31.882680892944336,26.971698760986328,20.494714736938477,15.680063247680664,12.911046028137207,9.889001846313477,6.613743305206299,5.719693183898926,0.6329336762428284,0.7691100835800171,crackle_and_wheeze,203_1p3_Ar_mc_AKGC417L.wav,icbhi
336.02405142985776,463.5662596083119,0.22174344956874847,0.08535003662109375,0.00742164841937355,1097.8633645355803,18.41943835402412,279.58191342807424,4.032293796539307,-331.76116943359375,145.50634765625,78.73854064941406,52.86537170410156,31.983572006225586,21.777524948120117,15.250391006469727,11.0435152053833,8.14731216430664,6.542642116546631,4.949800491333008,4.088486671447754,3.2874720096588135,0.478176474571228,0.6978886127471924,crackle,203_1p3_Pl_mc_AKGC417L.wav,icbhi
413.9746813190667,490.2351265863344,0.19968505203723907,0.07696404308080673,0.005025558294663573,1343.7651927317474,18.537789596531717,292.1471120033353,0.8347843885421753,-339.50927734375,123.88726043701172,61.602142333984375,49.39048767089844,28.40087127685547,21.869644165039062,12.869233131408691,12.103678703308105,8.190765380859375,9.529138565063477,7.64907169342041,8.605960845947266,6.263176441192627,0.37277355790138245,0.7503709197044373,crackle_and_wheeze,203_1p3_Pr_mc_AKGC417L.wav,icbhi
309.26964490432886,297.6703769812151,0.2550729513168335,0.10459379851818085,0.008230541255800463,873.1744663359477,18.61121966561945,460.96542606221,3.7885849475860596,-299.5163269042969,171.47096252441406,71.68257904052734,20.264429092407227,13.054463386535645,11.568662643432617,3.174837589263916,-1.5188740491867065,3.2600629329681396,13.386991500854492,18.937725067138672,15.163107872009277,8.32297420501709,0.5321021676063538,0.7180167436599731,wheeze,203_1p3_Tc_mc_AKGC417L.wav,icbhi
393.4878860133635,499.30570111342956,0.20704051852226257,0.08312755823135376,0.005580680829466357,1266.268501257829,18.300300867748355,294.62018289588167,3.5296401977539062,-331.31707763671875,134.0227813720703,52.90731430053711,33.083011627197266,24.24736785888672,29.702665328979492,26.400619506835938,21.38008689880371,14.623029708862305,13.497014045715332,11.157562255859375,9.623937606811523,6.556970119476318,0.42739033699035645,0.7391344904899597,crackle,203_1p4_Al_mc_AKGC417L.wav,icbhi
246.89816590795408,500.8409088975735,0.30105477571487427,0.11130104959011078,0.0041883428799303945,941.2722895973943,18.636711503557734,180.13448693082947,3.8497421741485596,-340.0916748046875,126.801025390625,70.83766174316406,35.32915496826172,27.92693519592285,29.90087127685547,27.534069061279297,20.915475845336914,14.837400436401367,11.701748847961426,9.609809875488281,7.650108337402344,7.094080448150635,0.5749134421348572,0.7607665657997131,crackle,203_1p4_Ar_mc_AKGC417L.wav,icbhi
357.75306880376246,466.16434684719746,0.19980910420417786,0.07990536093711853,0.007924657410092807,1121.863602540379,18.363842760834597,306.28608296476216,3.6635901927948,-325.91943359375,154.7993927001953,75.74376678466797,48.34697723388672,24.753368377685547,20.439491271972656,13.724284172058105,12.055747032165527,6.764180660247803,6.5528178215026855,3.8458900451660156,4.0153093338012695,2.5048696994781494,0.4444541931152344,0.6864839792251587,crackle_and_wheeze,203_1p4_Pl_mc_AKGC417L.wav,icbhi
449.07907717478906,502.0141160446772,0.17943449318408966,0.07757751643657684,0.005465124709976798,1402.973760610353,18.57371178964547,330.84192829176334,-0.03239928558468819,-338.272705078125,123.90071868896484,60.676448822021484,46.24466323852539,25.277406692504883,19.516443252563477,12.578340530395508,11.513978958129883,8.080299377441406,8.656279563903809,7.107135772705078,7.800671577453613,6.499110698699951,0.3363921046257019,0.7577572464942932,crackle,203_1p4_Pr_mc_AKGC417L.wav,icbhi
325.0351585466385,499.9853139044519,0.2280716747045517,0.12090860307216644,0.0069265697505800465,957.1123676404263,18.72206227827844,435.90997045388633,2.1794300079345703,-324.37469482421875,159.05447387695312,76.67389678955078,26.381221771240234,15.264878273010254,12.973050117492676,4.163326263427734,-3.473071813583374,-0.17787452042102814,11.860321998596191,20.33096694946289,18.305727005004883,11.350375175476074,0.45229506492614746,0.7118856310844421,crackle_and_wheeze,203_1p4_Tc_mc_AKGC417L.wav,icbhi
375.9328597987152,502.0194305653092,0.21665114164352417,0.09080114960670471,0.005290657627610208,1253.9124551125242,18.553090204778442,249.60529654872389,2.2699663639068604,-344.052490234375,124.22502899169922,55.02387237548828,37.9163818359375,26.761737823486328,24.450777053833008,24.02264404296875,22.269060134887695,17.439064025878906,13.530257225036621,10.668292999267578,8.618199348449707,8.636731147766113,0.4268416166305542,0.7519786953926086,normal_respiratory,203_2p3_Al_mc_AKGC417L.wav,icbhi
288.6279223625891,499.792114161196,0.21723364293575287,0.08018402755260468,0.004387733831206496,1087.9502731439145,18.50850508496549,172.9650793938515,1.586290955543518,-372.64532470703125,108.19989776611328,67.88302612304688,44.72785949707031,35.81052017211914,30.0454044342041,25.00125503540039,20.68154525756836,16.934402465820312,14.05152416229248,11.65705394744873,9.723442077636719,8.551222801208496,0.42397022247314453,0.7604873776435852,crackle,203_2p3_Ar_mc_AKGC417L.wav,icbhi
431.8504706397246,484.16194683561525,0.1998472958803177,0.06884469091892242,0.006419029147331786,1356.9982302013336,18.447512329715874,285.20252909295243,3.5241949558258057,-321.48187255859375,125.81495666503906,61.86711502075195,49.63035583496094,30.863140106201172,26.209718704223633,17.31259536743164,15.614852905273438,10.539796829223633,9.843951225280762,6.638927936553955,7.5789079666137695,5.382107734680176,0.4166470766067505,0.7158653736114502,crackle,203_2p3_Pl_mc_AKGC417L.wav,icbhi
672.5551107840938,494.70791849488427,0.21353298425674438,0.07748381793498993,0.008064004495359628,1770.5856217217022,18.250534665351566,683.491845363254,4.21643590927124,-268.3564147949219,108.9664306640625,50.403358459472656,45.596351623535156,27.43613624572754,24.01043701171875,14.204103469848633,14.099767684936523,8.418941497802734,10.26962661743164,6.654507160186768,8.187427520751953,4.923002243041992,0.4342898428440094,0.7353466749191284,crackle,203_2p3_Pr_mc_AKGC417L.wav,icbhi
388.7832397567138,473.2481157797117,0.20370663702487946,0.11025003343820572,0.009475601798143852,1095.0508218891664,19.152805518544504,440.1316773310615,0.06083811819553375,-316.566162109375,145.07476806640625,80.57997131347656,34.761024475097656,14.577467918395996,5.864818096160889,1.311110258102417,-0.7362947463989258,0.2184440940618515,5.101714134216309,10.343364715576172,11.173913955688477,9.086725234985352,0.4037925899028778,0.6451244950294495,normal_respiratory,203_2p3_Tc_mc_AKGC417L.wav,icbhi
549.4238610599291,261.97710097048036,0.005649057682603598,0.004041713662445545,0.010543929451856148,1477.4476019801705,18.302152247946115,675.8727885730858,-22.0450496673584,-639.5224609375,127.97010040283203,46.030906677246094,30.921602249145508,32.61549377441406,26.82745361328125,21.582185745239258,15.021657943725586,11.28284740447998,12.546385765075684,11.9061279296875,9.102320671081543,7.129772186279297,0.012722122482955456,0.6282687783241272,wheeze,204_2b5_Al_mc_AKGC417L.wav,icbhi
1372.6676299168264,304.98133264414605,0.0035879823844879866,0.003995993640273809,0.035865447360788866,2094.1585873065133,18.527852668984607,2843.382033062645,-22.650676727294922,-536.2150268554688,116.72162628173828,-10.747097969055176,21.857086181640625,29.639001846313477,19.277008056640625,12.702726364135742,15.420272827148438,4.397621154785156,9.006745338439941,9.024970054626465,11.00218677520752,3.454073190689087,0.00879102386534214,0.6283987760543823,wheeze,204_2b5_Ar_mc_AKGC417L.wav,icbhi
332.06250316428543,138.19617821980117,0.007405308075249195,0.0035508410073816776,0.0062309672273781905,1195.4025734936201,18.82040325711976,224.07521117314386,-22.811298370361328,-672.290283203125,120.7350845336914,61.45039367675781,38.46336364746094,33.0171012878418,27.241352081298828,23.022724151611328,18.503877639770508,14.334613800048828,12.60102367401123,10.831462860107422,8.500880241394043,7.041592121124268,0.014925769530236721,0.6798733472824097,normal_respiratory,204_2b5_Ll_mc_AKGC417L.wav,icbhi
1913.2388419119918,542.3555932448172,0.04938500374555588,0.02456064336001873,0.07131285346577726,2277.876027985692,19.587612446784856,4187.733378045244,-2.6481733322143555,-241.3433837890625,93.21556091308594,-6.68485689163208,43.11408615112305,-3.793769359588623,14.471652030944824,12.794903755187988,19.56591033935547,-5.2918901443481445,19.895442962646484,14.59781265258789,3.4199893474578857,1.6122994422912598,0.12673631310462952,0.6792388558387756,normal_respiratory,204_7p5_Al_mc_AKGC417L.wav,icbhi
2197.728037450628,564.4569786756914,0.021903811022639275,0.006201928481459618,0.07261682497099768,2572.897611904496,19.016716781387885,5167.19435406395,-7.008255958557129,-273.1045837402344,92.57649993896484,-0.8559491038322449,21.346677780151367,6.830599308013916,10.337761878967285,4.149962425231934,26.764638900756836,-10.572575569152832,15.298477172851562,11.840278625488281,7.498968601226807,-3.2181100845336914,0.06344430148601532,0.652839720249176,normal_respiratory,204_7p5_Ar_mc_AKGC417L.wav,icbhi
1795.5084935622776,496.50575862839537,0.03143490105867386,0.009109945967793465,0.03774040204466357,2507.2789509903905,18.62165196309297,4212.164320801914,-5.576000213623047,-292.055419921875,90.6939468383789,8.0171537399292,38.36397933959961,10.897981643676758,8.826778411865234,16.60392951965332,15.345650672912598,2.587918996810913,11.779922485351562,9.57036018371582,4.703303813934326,2.1765263080596924,0.0782989114522934,0.6978970766067505,normal_respiratory,204_7p5_Ll_mc_AKGC417L.wav,icbhi
2903.4415670505555,588.6218280830129,0.021542740985751152,0.004521089140325785,0.1057712351363109,2725.112304936522,18.765319328583686,6117.378167597158,-6.417421340942383,-251.79818725585938,63.12863540649414,16.758338928222656,47.98845291137695,-14.02491283416748,13.780734062194824,3.3956809043884277,18.44936180114746,-4.322803974151611,15.006548881530762,4.695141315460205,2.3071162700653076,1.209398865699768,0.08211581408977509,0.6785280108451843,normal_respiratory,204_7p5_Lr_mc_AKGC417L.wav,icbhi
1595.1164108762478,584.0156398056494,0.021702103316783905,0.009177942760288715,0.027280307424593968,2387.4603558546914,19.067390511684565,4106.696590414733,-9.411295890808105,-378.1969909667969,89.61115264892578,22.122852325439453,51.73385238647461,5.206403732299805,22.92530059814453,19.605356216430664,11.494623184204102,6.9477858543396,12.09597396850586,5.293370723724365,7.906492233276367,0.906990647315979,0.04792092368006706,0.6242717504501343,normal_respiratory,204_7p5_Pr_mc_AKGC417L.wav,icbhi
1727.3401311675434,546.1091240243755,0.016265785321593285,0.0061883083544671535,0.048182370214617166,2431.675980130292,18.189065641730124,4033.678547799449,-9.673768043518066,-328.279296875,111.41018676757812,9.782038688659668,26.96417236328125,13.889473915100098,8.172541618347168,9.944672584533691,7.734752178192139,-2.069125175476074,9.535455703735352,5.038434982299805,7.414334297180176,-5.2966508865356445,0.04614794999361038,0.6173421144485474,normal_respiratory,204_7p5_Tc_mc_AKGC417L.wav,icbhi
331.6514168830522,503.1892473450336,0.10863663256168365,0.05900399014353752,0.005894494997099768,1111.6349055292915,18.616547500660566,246.40779074825986,-0.5015310049057007,-375.45355224609375,118.53642272949219,71.01341247558594,36.16847229003906,26.104114532470703,27.3765811920166,24.71135902404785,17.624284744262695,12.435530662536621,10.981443405151367,9.950614929199219,7.776400089263916,6.2550129890441895,0.22545522451400757,0.7012375593185425,crackle,205_1b3_Al_mc_AKGC417L.wav,icbhi
367.947573160646,492.77173050358346,0.17104093730449677,0.0631772056221962,0.008257730930974478,1030.6892723352582,18.846755807794068,414.3268063007541,3.3379013538360596,-321.51275634765625,160.7844696044922,37.405364990234375,25.88779640197754,37.73228454589844,25.066415786743164,13.955982208251953,10.696465492248535,11.218852043151855,11.478131294250488,9.135944366455078,9.857243537902832,11.68651008605957,0.3801998794078827,0.6942309141159058,crackle,205_1b3_Ar_mc_AKGC417L.wav,icbhi
163.05734126466712,470.17102092853867,0.051168542355298996,0.022103898227214813,0.003621891313805104,717.7254847120845,18.794951923407318,131.17267936122389,-11.20245361328125,-540.1283569335938,99.22655487060547,81.22614288330078,59.216854095458984,38.94330596923828,24.51414680480957,16.807186126708984,14.144983291625977,13.892095565795898,13.815406799316406,12.782733917236328,10.920551300048828,9.006492614746094,0.09713286906480789,0.7774149179458618,crackle,205_1b3_Ll_mc_AKGC417L.wav,icbhi
426.16597494767814,503.0333175769315,0.10399024188518524,0.04036024212837219,0.0069084433004640376,1338.5523597453177,18.484504730654034,296.2938773383121,-0.5684133768081665,-388.86688232421875,125.82518768310547,52.180416107177734,38.76384353637695,27.769256591796875,29.835336685180664,22.970882415771484,20.867691040039062,16.729856491088867,16.617416381835938,11.493680953979492,10.512176513671875,7.911780834197998,0.22810441255569458,0.6680464744567871,crackle,205_1b3_Lr_mc_AKGC417L.wav,icbhi
353.9162622779891,488.38289098299214,0.10080888867378235,0.048625532537698746,0.0066036923578886315,1188.6158643785595,18.385951993566696,232.4187028712297,-0.8591121435165405,-391.9912414550781,108.1472396850586,76.9145736694336,49.901832580566406,33.716609954833984,24.521883010864258,19.01268768310547,15.90550708770752,13.860407829284668,12.016327857971191,10.316000938415527,8.842986106872559,7.666726112365723,0.22119905054569244,0.6852601766586304,crackle,205_1b3_Pl_mc_AKGC417L.wav,icbhi
790.4564423058447,512.2448273086744,0.02967127040028572,0.009373769164085388,0.011552213239559165,1909.6188811019222,18.11240702900794,1057.4751214472158,-8.311363220214844,-433.92010498046875,106.69465637207031,42.60265350341797,38.96284866333008,24.499963760375977,28.321880340576172,18.606224060058594,19.08122444152832,10.69616985321045,13.135855674743652,7.228054046630859,10.203645706176758,5.839175224304199,0.06820651143789291,0.6243810653686523,crackle,205_1b3_Pr_mc_AKGC417L.wav,icbhi
1385.7120514673602,576.7072183596198,0.057463306933641434,0.02684137038886547,0.01701167343387471,2500.1032717830412,18.117338071863525,3515.2579393851506,-5.755410194396973,-324.81207275390625,89.01890563964844,29.600515365600586,29.063873291015625,18.995216369628906,22.16745376586914,13.884024620056152,13.543209075927734,7.40440559387207,10.754332542419434,4.486779689788818,8.703744888305664,2.369246244430542,0.10306759178638458,0.7219780087471008,normal_respiratory,205_2b2_Pr_mc_AKGC417L.wav,icbhi
362.44679067376137,479.034452458128,0.07948185503482819,0.03603258356451988,0.007101036832946636,1212.6380049300171,18.191980081941903,226.14859384063226,-2.056551694869995,-434.5146484375,122.74276733398438,66.44295501708984,48.49704360961914,36.906700134277344,30.771207809448242,26.169269561767578,21.527978897094727,17.042348861694336,13.177994728088379,10.215866088867188,7.821981906890869,6.463367462158203,0.17809970676898956,0.6625046730041504,crackle,205_2b3_Al_mc_AKGC417L.wav,icbhi
304.0104880717797,500.1948228126752,0.20219948887825012,0.0708901509642601,0.004606384135730859,1066.7078766035763,19.305268881008125,249.3055303799304,0.6388838291168213,-353.43060302734375,131.309326171875,56.69881057739258,28.064865112304688,32.92279052734375,30.317190170288086,16.666215896606445,9.020315170288086,11.1423921585083,13.567619323730469,11.655380249023438,9.866510391235352,10.504659652709961,0.3848203122615814,0.7660165429115295,crackle,205_2b3_Ar_mc_AKGC417L.wav,icbhi
255.71848419065785,494.6544311903803,0.22729277610778809,0.1309191882610321,0.0037215867894431556,1009.7174005994686,18.59721996011551,160.699646987384,0.05773553252220154,-376.6791687011719,88.34748077392578,72.30513763427734,55.06828308105469,40.442989349365234,29.746706008911133,21.995872497558594,16.618656158447266,13.143854141235352,11.213438987731934,10.154731750488281,9.50969123840332,8.882891654968262,0.41075775027275085,0.780640721321106,crackle,205_2b3_Ll_mc_AKGC417L.wav,icbhi
759.8233476881504,510.1527823309272,0.07954581826925278,0.031603578478097916,0.009885712732018562,1881.4269089270422,17.954012454306696,923.3547414261891,-1.0021647214889526,-343.83172607421875,106.19135284423828,46.20996856689453,41.753780364990234,26.36571502685547,27.390939712524414,19.57228660583496,20.42814064025879,12.539892196655273,13.29556941986084,6.570542335510254,7.413725852966309,3.0716328620910645,0.17774765193462372,0.6427190899848938,crackle,205_2b4_Pl_mc_AKGC417L.wav,icbhi
342.9781142788312,498.981185848567,0.12835687398910522,0.04211200401186943,0.005681509208236659,1193.6061763591158,18.559683619348856,200.24380075406032,0.547565221786499,-394.7673034667969,124.46739959716797,55.49353790283203,42.569549560546875,31.30696678161621,33.230506896972656,27.557353973388672,24.805952072143555,17.803531646728516,15.928491592407227,11.090964317321777,9.900973320007324,7.730413436889648,0.27241528034210205,0.7024602293968201,crackle,205_3b4_Al_mc_AKGC417L.wav,icbhi
386.5719895869922,507.79619252466705,0.15738260746002197,0.08350957185029984,0.007088574898491879,1165.2881959283116,18.222683826177985,345.8052562173724,2.536320447921753,-336.83880615234375,141.53045654296875,57.133544921875,28.734739303588867,31.839834213256836,28.563478469848633,19.558408737182617,14.214884757995605,12.524313926696777,11.068998336791992,9.177094459533691,8.0722074508667,7.3929619789123535,0.35954993963241577,0.675253689289093,crackle,205_3b4_Ar_mc_AKGC417L.wav,icbhi
502.283211961559,459.7696546374369,0.11214008927345276,0.03853491693735123,0.0049813750725058005,1560.6607907526745,18.563258945718182,285.20252909295243,-2.521329879760742,-382.0468444824219,103.92340087890625,48.493812561035156,44.568092346191406,29.849660873413086,28.199769973754883,19.83411979675293,19.46124267578125,14.4578857421875,14.194070816040039,9.480642318725586,10.01596736907959,6.790886878967285,0.21226757764816284,0.774878740310669,crackle,205_3b4_Pl_mc_AKGC417L.wav,icbhi
639.3243442790266,549.8648827988249,0.08741255849599838,0.04881983622908592,0.007195067792923434,1680.5063477773208,18.3246048394774,798.6769957221578,-3.8621294498443604,-384.4669494628906,109.87452697753906,38.883148193359375,33.454349517822266,26.930438995361328,32.166725158691406,22.568754196166992,18.701574325561523,12.058876991271973,13.339144706726074,9.317238807678223,10.867059707641602,6.097384452819824,0.185407817363739,0.7280014157295227,normal_respiratory,205_3b4_Pr_mc_AKGC417L.wav,icbhi
333.3287182834408,500.94524619459384,0.22713008522987366,0.09702929109334946,0.007073847157772622,1114.7765211485425,18.17158270718011,248.68101752827727,5.1492438316345215,-337.3387451171875,137.90573120117188,69.21797180175781,47.437286376953125,32.91029739379883,29.123363494873047,24.174144744873047,19.542003631591797,14.165576934814453,10.339818954467773,7.48227596282959,6.44835901260376,5.5321125984191895,0.4979065954685211,0.6546381711959839,crackle,205_4b2_Al_mc_AKGC417L.wav,icbhi
690.7092722218855,554.2898416019877,0.1414494812488556,0.11584097892045975,0.00865311412412993,1665.6429883194733,19.051934521700183,1071.089501613254,-0.6879639625549316,-319.05206298828125,119.31902313232422,32.80341720581055,33.25061798095703,30.30788230895996,18.304447174072266,14.561564445495605,13.701865196228027,8.927000045776367,12.650045394897461,8.359197616577148,10.510198593139648,7.413276195526123,0.28624364733695984,0.7685180306434631,crackle,205_4b2_Ar_mc_AKGC417L.wav,icbhi
699.5552285334039,563.2327115717633,0.3116203844547272,0.11987493187189102,0.007064783932714617,1727.1733342822642,18.219286431833922,1043.1862674013921,6.385217666625977,-240.55433654785156,102.24300384521484,36.11027526855469,44.270233154296875,19.560623168945312,30.827470779418945,23.2641658782959,18.417306900024414,12.30813980102539,13.10615062713623,8.420395851135254,8.192985534667969,6.8414106369018555,0.602532684803009,0.7494614720344543,crackle,205_4b2_Lr_mc_AKGC417L.wav,icbhi
618.05722626791,499.7310454202782,0.06942155212163925,0.021786371245980263,0.007533805829466357,1719.608971402945,18.46765822912725,511.80077218677496,-5.2581634521484375,-395.2679443359375,107.61457061767578,48.321693420410156,43.15034103393555,25.885473251342773,24.889175415039062,16.455669403076172,17.003328323364258,10.790966987609863,12.448375701904297,7.3285369873046875,9.013598442077637,4.010068893432617,0.13186055421829224,0.7622734904289246,normal_respiratory,205_4b2_Pl_mc_AKGC417L.wav,icbhi
652.3037578117204,505.7485722082679,0.09973538666963577,0.04200784116983414,0.008261129640371229,1731.3735849380228,18.47070461037126,668.2787122969837,0.21369202435016632,-345.3222961425781,107.16397094726562,40.08675003051758,37.11830139160156,27.790512084960938,30.74555206298828,22.83868980407715,22.032886505126953,15.528433799743652,17.029888153076172,8.764762878417969,12.250493049621582,6.750006675720215,0.2177318036556244,0.6551672220230103,crackle,205_4b2_Pr_mc_AKGC417L.wav,icbhi
197.70819591474336,96.62767099450893,0.08185219764709473,0.02891489863395691,0.0035052022911832947,1029.5328897398913,21.035072208524618,116.10942937935035,-8.053128242492676,-488.31658935546875,100.89237976074219,68.50029754638672,34.6623649597168,31.949359893798828,30.3697509765625,36.486473083496094,25.76997947692871,22.037395477294922,10.011353492736816,9.564249038696289,3.749162435531616,9.633149147033691,0.15547551214694977,0.7182202935218811,crackle_and_wheeze,206_1b1_Ar_sc_Meditron.wav,icbhi
498.2520338498908,204.251803724459,0.0609893724322319,0.02478628046810627,0.007903132250580047,1820.1599244734969,21.295306830463,172.41550808439675,-9.712092399597168,-498.0053405761719,104.49829864501953,65.37091827392578,11.044939041137695,34.95515060424805,33.17500305175781,44.076202392578125,17.28582191467285,18.689659118652344,8.425661087036133,16.990968704223633,5.389707565307617,11.845806121826172,0.11219881474971771,0.7246183156967163,wheeze,206_1b1_Lr_sc_Meditron.wav,icbhi
351.386717351649,162.6049092794723,0.10803290456533432,0.06283433735370636,0.0064541491444315546,1488.2704062412256,21.338248607380507,127.52552430756961,-6.185412883758545,-447.38970947265625,74.44896697998047,62.38096237182617,40.04460525512695,39.5832633972168,31.071317672729492,35.58259201049805,23.067045211791992,21.890104293823242,9.525124549865723,11.982550621032715,5.516249179840088,11.886590003967285,0.19562333822250366,0.6571723818778992,wheeze,206_1b1_Pl_sc_Meditron.wav,icbhi
410.5577833261176,478.00644981343527,0.12264144420623779,0.05716455727815628,0.0071418213457076565,1237.449995380568,18.443192426579834,348.8528789334397,0.7524436116218567,-356.47137451171875,146.850830078125,47.59210205078125,29.916048049926758,27.835338592529297,30.13315200805664,22.42289924621582,14.608899116516113,10.980476379394531,12.33530330657959,11.486842155456543,8.270003318786621,3.8212404251098633,0.2666933238506317,0.6925678253173828,normal_respiratory,207_2b2_Al_mc_AKGC417L.wav,icbhi
327.01628610951246,447.86379205584984,0.3866311013698578,0.13663402199745178,0.007957511600928075,1006.5213387345061,18.46008625161896,305.26188188805105,8.975814819335938,-255.8955078125,165.8325653076172,57.313995361328125,34.01139831542969,30.076204299926758,26.774276733398438,18.184852600097656,10.146441459655762,7.573122024536133,9.326991081237793,7.7049946784973145,3.7374558448791504,1.898789882659912,0.7706050872802734,0.6991369724273682,normal_respiratory,207_2b2_Ar_mc_AKGC417L.wav,icbhi
516.5886921336414,423.1812569809866,0.07191486656665802,0.02241561748087406,0.01177652805974478,1354.645114399994,18.39881089702112,524.9904836136891,-3.6199684143066406,-361.35009765625,158.25108337402344,60.77260208129883,33.468284606933594,16.625484466552734,17.24178123474121,4.963961124420166,3.322716474533081,-2.002342462539673,2.359234571456909,2.6159286499023438,9.518956184387207,7.152819633483887,0.1652667373418808,0.6410666704177856,crackle,207_2b2_Pl_mc_AKGC417L.wav,icbhi
634.0134118213465,385.37191829390827,0.18402527272701263,0.05409711226820946,0.00886949862238979,1709.2490046490288,18.046427346851342,581.0467571780742,5.628346920013428,-268.774658203125,117.03862762451172,52.24467849731445,45.46800231933594,28.563613891601562,27.697498321533203,17.49786376953125,16.42078971862793,9.166268348693848,11.478232383728027,7.01564884185791,7.640031337738037,1.7119169235229492,0.4011612832546234,0.6709297895431519,normal_respiratory,207_2b2_Pr_mc_AKGC417L.wav,icbhi
599.0865533175771,380.7635149310573,0.10604089498519897,0.05288116633892059,0.02452621991009281,1154.580855321999,18.555788528830725,968.4445693155452,1.2995926141738892,-276.1955871582031,186.3976287841797,18.608022689819336,14.277853965759277,23.863439559936523,27.393556594848633,11.505690574645996,0.061905793845653534,-2.1234867572784424,0.6740037798881531,9.246437072753906,4.844020843505859,-1.6587685346603394,0.28773072361946106,0.6424281001091003,normal_respiratory,207_2b2_Tc_mc_AKGC417L.wav,icbhi
475.7124546788465,509.9499767267757,0.1580321341753006,0.09132730960845947,0.007434110353828306,1360.2926203793484,18.42393323891923,487.69457611296406,1.4891488552093506,-325.3663635253906,127.65914916992188,49.87539291381836,25.40496826171875,29.829326629638672,29.345096588134766,21.654991149902344,12.722763061523438,9.061588287353516,10.168498992919922,11.231486320495605,10.37876033782959,7.393261909484863,0.32167333364486694,0.725395143032074,crackle,207_2b3_Al_mc_AKGC417L.wav,icbhi
383.5591374286133,493.7154384997609,0.2565901279449463,0.1181802973151207,0.007003607163573086,1154.7378129238118,18.427255056871328,354.49847511238397,5.504695415496826,-288.5851135253906,149.56517028808594,53.647071838378906,28.800487518310547,31.45763397216797,27.65107536315918,17.953290939331055,9.637486457824707,8.322993278503418,10.708786964416504,10.769229888916016,7.672531604766846,3.960416316986084,0.530360758304596,0.7199953198432922,crackle,207_2b3_Ar_mc_AKGC417L.wav,icbhi
559.7817179131673,499.43892028950035,0.08277634531259537,0.030439624562859535,0.008340432859628771,1482.9494647972685,18.238294522462265,577.2996800681555,-2.9985992908477783,-351.54864501953125,143.88650512695312,53.28262710571289,32.84787368774414,19.872581481933594,20.554752349853516,9.592984199523926,7.441215991973877,3.237121343612671,5.877869606018066,4.233817100524902,7.065831184387207,4.673651218414307,0.1738390475511551,0.7067869305610657,crackle,207_2b3_Pl_mc_AKGC417L.wav,icbhi
800.35236653605,506.1467320616052,0.12543633580207825,0.041410140693187714,0.010321880437935034,1919.9235035877862,18.181473925906886,1114.3057909476508,1.9287550449371338,-288.5234069824219,110.14319610595703,43.77729415893555,40.4229621887207,25.003154754638672,25.98173713684082,14.849312782287598,15.048032760620117,7.723080158233643,11.023595809936523,6.745744705200195,9.66068172454834,3.2184576988220215,0.25769785046577454,0.7018634676933289,normal_respiratory,207_2b3_Pr_mc_AKGC417L.wav,icbhi
1070.0522605410379,846.9712981808241,0.08103228360414505,0.05768928676843643,0.027377737093967517,1598.3188613320365,18.977710723842698,2304.727208254785,-2.809497356414795,-304.8175354003906,142.8702392578125,4.230025291442871,30.462562561035156,18.189353942871094,31.440685272216797,17.099836349487305,-0.624977707862854,-3.2526538372039795,9.065279006958008,7.485794544219971,8.348939895629883,2.9790141582489014,0.1967816948890686,0.6600605845451355,normal_respiratory,207_2b3_Tc_mc_AKGC417L.wav,icbhi
490.9192746587371,484.81642365991326,0.14712008833885193,0.08949115127325058,0.0070160690980278426,1442.6105918194435,18.52490339427583,451.0481619779582,0.08983608335256577,-347.08026123046875,116.84974670410156,52.25043487548828,32.64688491821289,30.830533981323242,28.805578231811523,22.81453514099121,14.468199729919434,10.49849796295166,10.19459342956543,10.625426292419434,10.149473190307617,8.114214897155762,0.2974643111228943,0.7380550503730774,crackle,207_2b4_Al_mc_AKGC417L.wav,icbhi
399.71385283522596,454.67531973451713,0.2388068586587906,0.13653014600276947,0.006429225275522042,1243.4590451062436,18.501338592722302,323.37275458599186,4.396584987640381,-306.1138000488281,131.6283416748047,62.43635177612305,34.2515869140625,31.438737869262695,27.36670684814453,18.828676223754883,12.390135765075684,10.917262077331543,10.706048011779785,9.636460304260254,7.779345512390137,5.889760971069336,0.47850579023361206,0.7364450693130493,crackle,207_2b4_Ar_mc_AKGC417L.wav,icbhi
626.8176266046391,481.9068826198612,0.26738741993904114,0.09566245228052139,0.008681436702436195,1655.8820827238687,18.316601115534876,619.9164370649652,5.871272087097168,-236.4938507080078,128.49710083007812,56.08150863647461,41.03402328491211,22.008586883544922,20.4268741607666,10.077415466308594,9.943460464477539,3.35087251663208,6.599615573883057,3.4968998432159424,7.360895156860352,3.9431393146514893,0.5459661483764648,0.7087553143501282,crackle,207_2b4_Pl_mc_AKGC417L.wav,icbhi
902.6187161109012,514.5581351480416,0.11297191679477692,0.0378432460129261,0.010731991371809744,2069.9431172612954,18.194810945221338,1521.9378194786832,0.32330021262168884,-298.511962890625,99.579345703125,41.86786651611328,41.02669143676758,24.457637786865234,24.55234146118164,14.66425609588623,15.679221153259277,8.638869285583496,11.846131324768066,6.897288799285889,9.601567268371582,3.9036309719085693,0.2272808700799942,0.7314752340316772,crackle,207_2b4_Pr_mc_AKGC417L.wav,icbhi
791.2387786442131,729.9531102772231,0.11487465351819992,0.08248918503522873,0.017027534077726218,1445.447416957908,18.83987349221703,1615.9145133954466,-1.3869794607162476,-322.7350769042969,143.18382263183594,19.0982608795166,26.552757263183594,26.68431854248047,26.40891456604004,21.180315017700195,4.717505931854248,-1.5174294710159302,11.9170503616333,13.288955688476562,7.525456428527832,5.664373874664307,0.2534852921962738,0.7132380604743958,wheeze,207_2b4_Tc_mc_AKGC417L.wav,icbhi
301.5086424947278,480.57536288481595,0.39777621626853943,0.17061609029769897,0.0053620305249419955,1062.357013292388,18.462348851253928,225.14937327798725,6.941207408905029,-295.6119384765625,137.59117126464844,70.75823974609375,42.34496307373047,32.686519622802734,25.891935348510742,19.01403045654297,12.905876159667969,10.919072151184082,11.427386283874512,10.737943649291992,7.381256580352783,4.189220428466797,0.7013092637062073,0.7594692707061768,normal_respiratory,207_3b2_Al_mc_AKGC417L.wav,icbhi
505.26521266728554,512.3443759051185,0.09134767949581146,0.038963641971349716,0.0070081387761020885,1499.1300788470876,18.52904925544652,403.8100098789153,-2.8491740226745605,-387.5918273925781,117.0419692993164,52.492191314697266,43.171939849853516,30.484994888305664,28.695072174072266,18.84357452392578,15.191424369812012,11.40666675567627,13.146052360534668,8.990653991699219,7.184277057647705,3.9037015438079834,0.1865934431552887,0.7161564826965332,normal_respiratory,207_3b2_Ar_mc_AKGC417L.wav,icbhi
393.73562318641444,508.83739233875224,0.28754955530166626,0.12254217267036438,0.002601145591647332,1389.6665500331096,19.29780984057007,182.08296702798725,-3.9965858459472656,-363.0565490722656,90.23026275634766,42.269527435302734,38.29849624633789,27.78366470336914,23.362102508544922,18.017353057861328,15.313878059387207,13.035429000854492,12.333911895751953,10.802905082702637,10.155106544494629,9.498290061950684,0.4467085897922516,0.7972555756568909,normal_respiratory,207_3b2_Lr_mc_AKGC417L.wav,icbhi
592.3309078840339,509.87477670540846,0.13912849128246307,0.0442417711019516,0.0069526265226218095,1654.4385456610178,18.392743509137365,504.7312867060615,0.4032058119773865,-327.8635559082031,110.98417663574219,54.33203887939453,49.7122802734375,31.01840591430664,27.45448875427246,15.569737434387207,14.876777648925781,7.021915435791016,8.768573760986328,4.005471229553223,7.089069843292236,2.2722902297973633,0.27982479333877563,0.697160542011261,normal_respiratory,207_3b2_Pl_mc_AKGC417L.wav,icbhi
950.3382680337087,516.5237492742841,0.09026560932397842,0.033707525581121445,0.010302621084686775,2137.7368459324407,18.175118836007524,1728.1020020664153,-2.341571807861328,-324.2179870605469,92.00264739990234,38.635154724121094,39.66632080078125,24.879594802856445,24.976228713989258,15.683004379272461,16.31085205078125,9.50507640838623,11.649060249328613,6.624067783355713,9.009636878967285,4.835923194885254,0.17097491025924683,0.7343780994415283,normal_respiratory,207_3b2_Pr_mc_AKGC417L.wav,icbhi
389.6644880533495,539.2615418311058,0.15983222424983978,0.08529462665319443,0.008269059962296984,1018.3433285768909,18.847658616764953,557.3902103574536,-0.5369811058044434,-343.3481750488281,153.8290252685547,60.05674362182617,26.033905029296875,28.131832122802734,26.05714225769043,15.162235260009766,2.1994307041168213,-0.6490958333015442,8.516753196716309,13.188739776611328,5.92356014251709,-2.0828499794006348,0.3338406980037689,0.7271831631660461,normal_respiratory,207_3b2_Tc_mc_AKGC417L.wav,icbhi
323.90497000313934,122.11642511666886,0.09366820007562637,0.0339646078646183,0.00205055466937355,1283.6927728246749,19.172744270190584,120.15627265806265,-10.145753860473633,-467.65814208984375,97.5352554321289,33.86189270019531,27.239688873291016,27.324277877807617,33.4092903137207,28.07508659362793,18.627445220947266,12.930380821228027,15.193635940551758,16.255451202392578,14.044000625610352,11.266891479492188,0.1550447642803192,0.8145710229873657,normal_respiratory,208_1b1_Ll_sc_Meditron.wav,icbhi
401.26916798322645,184.04347019901664,0.03804093226790428,0.01581535115838051,0.012822197650812064,775.8336000486585,19.903047817685806,829.5029500797564,-13.254789352416992,-441.9444885253906,181.08961486816406,29.656599044799805,-21.807687759399414,10.996389389038086,28.703989028930664,10.109596252441406,-4.864709854125977,4.167078971862793,19.269418716430664,15.389291763305664,-0.8234990835189819,-2.2538564205169678,0.0778135433793068,0.7482617497444153,normal_respiratory,209_1b1_Tc_sc_Meditron.wav,icbhi
281.3364876616833,117.27532055988965,0.08258327841758728,0.03934444859623909,0.003714789370649652,1042.886709158771,19.134326141587344,227.5974636564675,-9.515702247619629,-448.5181884765625,122.91448211669922,56.427207946777344,23.95684051513672,26.339771270751953,28.000267028808594,15.997088432312012,5.70027494430542,7.641119003295898,13.171116828918457,11.643640518188477,6.361948013305664,6.660292148590088,0.1585972160100937,0.7839457392692566,crackle,210_1b1_Al_sc_Meditron.wav,icbhi
473.6170844897446,267.54095523176005,0.06511121243238449,0.04429326206445694,0.003365855205916473,1467.744449206655,19.970373792062315,494.0895877138921,-14.363041877746582,-476.4219970703125,97.1745376586914,40.713321685791016,25.830196380615234,21.414350509643555,26.19485092163086,18.876726150512695,12.936155319213867,9.616386413574219,10.567402839660645,11.725057601928711,6.497311115264893,8.156105041503906,0.10893777757883072,0.7943438291549683,crackle,210_1b1_Ar_sc_Meditron.wav,icbhi
299.60621977721627,492.1144540249604,0.1943184733390808,0.0881621465086937,0.0051649053799303945,1030.167341451158,19.392263432785033,242.13612284295243,0.3849988281726837,-351.17816162109375,129.551025390625,65.67520904541016,38.10009002685547,39.63909149169922,32.07988357543945,13.24162483215332,6.459427356719971,12.43433952331543,11.941974639892578,2.5409016609191895,-0.5083503127098083,5.027936935424805,0.3824760317802429,0.7568008899688721,normal_respiratory,211_1p2_Ar_mc_AKGC417L.wav,icbhi
380.46922871996145,494.2955314301138,0.5948233008384705,0.12198829650878906,0.007303826493619489,1098.7381395616114,18.46315687816776,423.4696744489559,12.216763496398926,-187.71693420410156,171.47933959960938,53.04335403442383,33.313255310058594,20.309253692626953,18.273611068725586,8.300557136535645,9.550769805908203,6.899806976318359,8.125017166137695,3.7721385955810547,6.95468807220459,6.513086795806885,0.9599824547767639,0.7071501612663269,crackle_and_wheeze,211_1p2_Pl_mc_AKGC417L.wav,icbhi
707.3435421770715,515.1077435178448,0.19703558087348938,0.08971191942691803,0.01181617966937355,1704.2788738872268,18.446658534721774,929.2251622317285,5.5395827293396,-238.0059814453125,136.80990600585938,51.145137786865234,33.36012649536133,17.450475692749023,18.55885124206543,10.247888565063477,12.915327072143555,8.893306732177734,7.179481506347656,0.7877625823020935,6.164564609527588,6.5077362060546875,0.43280842900276184,0.7051010131835938,normal_respiratory,211_1p2_Pr_mc_AKGC417L.wav,icbhi
307.7362141787688,495.94491396532607,0.22125394642353058,0.09852468222379684,0.004968913138051044,1069.826456235808,19.40667800399255,239.61309092227378,0.8409090042114258,-341.2902526855469,126.9227294921875,63.56957244873047,37.98027801513672,38.894466400146484,29.123119354248047,11.767251014709473,8.91171932220459,14.961197853088379,10.961329460144043,0.7293280363082886,0.7237839102745056,7.677312850952148,0.4272116720676422,0.7718939781188965,normal_respiratory,211_1p3_Ar_mc_AKGC417L.wav,icbhi
337.64940687331233,490.049091236793,0.19841916859149933,0.09017431735992432,0.005845780162412993,1121.3625343955805,19.518591382949925,270.51398682207076,0.3860076367855072,-344.7803649902344,132.27626037597656,59.65274429321289,35.048744201660156,37.881961822509766,27.77112579345703,10.746814727783203,8.14470100402832,15.165725708007812,12.33305549621582,2.270519733428955,1.478848934173584,7.027961254119873,0.39625608921051025,0.750493586063385,normal_respiratory,211_1p5_Ar_mc_AKGC417L.wav,icbhi
182.47862155718894,497.5823029363128,0.31304931640625,0.11734830588102341,0.003118882323085847,640.5095874926233,18.905597534675685,219.4787965849768,0.5829156041145325,-337.51519775390625,135.0015411376953,74.05267333984375,31.797683715820312,17.920156478881836,14.271064758300781,6.487784385681152,0.29820796847343445,5.642860412597656,17.65785026550293,21.767303466796875,14.188252449035645,6.007689952850342,0.5422586798667908,0.7908327579498291,normal_respiratory,211_2p2_Tc_mc_AKGC417L.wav,icbhi
173.7895658857206,504.5202811967436,0.4035065472126007,0.13040810823440552,0.0031732616734338748,579.2277434183862,18.706841742702014,233.86757268706498,2.3312864303588867,-317.9540100097656,137.20071411132812,77.23411560058594,36.17336654663086,16.784151077270508,9.234237670898438,4.209947109222412,3.1617610454559326,9.264572143554688,17.414947509765625,18.482683181762695,12.130322456359863,6.969892978668213,0.6889531016349792,0.791057825088501,normal_respiratory,211_2p3_Tc_mc_AKGC417L.wav,icbhi
164.92764204683687,506.5964784755726,0.3648688793182373,0.13029442727565765,0.00308602813225058,595.6098403736404,19.00067914837782,200.59352795098607,1.347489595413208,-343.34857177734375,136.09237670898438,79.59502410888672,35.38185119628906,15.420974731445312,10.271576881408691,6.894052028656006,5.903525352478027,11.477090835571289,19.1368408203125,19.73165512084961,13.058506965637207,7.9024739265441895,0.6217981576919556,0.7934634685516357,normal_respiratory,211_2p4_Tc_mc_AKGC417L.wav,icbhi
255.96456770350727,125.90276211634642,0.11121911555528641,0.053055405616760254,0.0022318191705336427,1065.38676574137,18.907047566917026,144.4123518162703,-7.948494911193848,-447.9668884277344,110.29702758789062,59.95243453979492,32.29035568237305,24.488100051879883,20.078895568847656,16.3464412689209,14.067122459411621,12.474620819091797,12.776151657104492,14.3663330078125,14.777320861816406,12.721668243408203,0.1890142261981964,0.8050152659416199,crackle,212_2b2_Tc_mc_LittC2SE.wav,icbhi
366.9284159594942,512.2797230955342,0.31631067395210266,0.15387246012687683,0.00476499057424594,1253.1928708799046,18.46848401039713,231.31956025232017,4.753805160522461,-314.62518310546875,119.72744750976562,55.04072952270508,39.719139099121094,31.562219619750977,30.246021270751953,24.855497360229492,18.368486404418945,14.28943157196045,13.188064575195312,11.977006912231445,9.681036949157715,7.769547462463379,0.5708908438682556,0.7526666522026062,normal_respiratory,213_1p2_Al_mc_AKGC417L.wav,icbhi
689.9786837787066,659.0545897482106,0.13958919048309326,0.1246822401881218,0.01254010477088167,1542.9299447314756,18.66597227936115,1240.8820557207077,-2.2689573764801025,-355.596435546875,108.73297882080078,32.44593048095703,34.42619705200195,30.204158782958984,22.835966110229492,25.211423873901367,17.79375648498535,11.982757568359375,15.659781455993652,12.755176544189453,6.9057698249816895,7.146076679229736,0.27689358592033386,0.7122345566749573,normal_respiratory,213_1p2_Ar_mc_AKGC417L.wav,icbhi
568.2204889105705,539.133924196318,0.3487114906311035,0.1790565848350525,0.007537204538863109,1530.234880149297,18.80349557106831,727.9071993728248,5.670581817626953,-260.80426025390625,109.23700714111328,30.686220169067383,42.04175567626953,30.897159576416016,26.79261589050293,19.27191925048828,16.413818359375,13.857800483703613,17.35951042175293,9.943012237548828,9.272669792175293,8.748344421386719,0.6260444521903992,0.758331298828125,normal_respiratory,213_1p2_Lr_mc_AKGC417L.wav,icbhi
640.5067514451615,624.2558889889025,0.07086101174354553,0.08322130888700485,0.006412231728538283,1587.5173048700083,18.294923788279284,1108.8850193953017,-8.778956413269043,-415.48681640625,71.22843170166016,52.456546783447266,38.76358413696289,29.499635696411133,22.489097595214844,18.678735733032227,16.557567596435547,13.936142921447754,11.412766456604004,9.865236282348633,8.759523391723633,7.713160037994385,0.13842950761318207,0.7610172033309937,crackle,213_1p2_Pl_mc_AKGC417L.wav,icbhi
353.5211174431564,496.5272178417779,0.27465930581092834,0.15344487130641937,0.004778585411832946,1212.3339997293272,18.45730431794535,225.12439276392112,3.3194425106048584,-328.6355895996094,116.98181915283203,65.15299987792969,39.70465850830078,30.304136276245117,23.29539680480957,18.619003295898438,16.06343650817871,15.002572059631348,14.186034202575684,12.689714431762695,10.807365417480469,8.981216430664062,0.510130763053894,0.7685215473175049,crackle,213_1p2_Pr_mc_AKGC417L.wav,icbhi
471.27514014435303,485.41369340291163,0.27584388852119446,0.14518970251083374,0.011291645519141531,1115.1170672039445,18.35707274232593,677.896210212442,5.9867939949035645,-247.5465545654297,174.01419067382812,32.76860809326172,16.307891845703125,28.058895111083984,14.580567359924316,5.837934970855713,4.733920097351074,6.003314971923828,11.515244483947754,14.822757720947266,12.261906623840332,4.469651699066162,0.5978168845176697,0.7410244941711426,normal_respiratory,213_1p2_Tc_mc_AKGC417L.wav,icbhi
361.64551246818536,431.0489487355277,0.3032156825065613,0.14418157935142517,0.0041622861078886315,1286.6879501137341,18.688302809882817,187.4038165240719,4.104677677154541,-323.1861572265625,110.7623291015625,53.68263626098633,41.22841262817383,33.4474983215332,30.159191131591797,25.1928768157959,20.65358543395996,17.607093811035156,14.689862251281738,11.225903511047363,8.918654441833496,8.978937149047852,0.5489299297332764,0.7642468214035034,normal_respiratory,213_1p3_Al_mc_AKGC417L.wav,icbhi
301.2500778413635,563.0424709058606,0.35096174478530884,0.1785614788532257,0.00470721251450116,988.247591947042,18.59658945298588,370.26117948810906,4.168416500091553,-330.4249572753906,115.78778839111328,60.915977478027344,36.153717041015625,32.0570068359375,28.991064071655273,24.37055015563965,20.52858543395996,16.099273681640625,13.634415626525879,12.678318977355957,12.44615650177002,10.951531410217285,0.6252578496932983,0.7466167211532593,normal_respiratory,213_1p3_Ar_mc_AKGC417L.wav,icbhi
822.563341298355,562.9237428963647,0.03300565108656883,0.01720249466598034,0.008942004422853828,1907.2158852648588,18.221290987809446,1426.1375480350928,-10.211094856262207,-446.09991455078125,96.46224212646484,30.286760330200195,39.722412109375,29.872032165527344,22.591642379760742,15.666866302490234,21.405410766601562,14.31574535369873,13.020772933959961,10.487853050231934,12.537288665771484,6.986610412597656,0.06692196428775787,0.7407761216163635,normal_respiratory,213_1p3_Pl_mc_AKGC417L.wav,icbhi
358.06429633459555,495.0276428568631,0.5665851831436157,0.18707206845283508,0.004596188007540603,1195.063832761701,18.294822256663757,272.58736948955914,9.514763832092285,-241.27291870117188,141.9846649169922,57.62150192260742,37.393856048583984,21.917932510375977,21.26703643798828,14.963120460510254,14.441000938415527,12.009379386901855,13.699044227600098,11.129880905151367,10.817010879516602,7.720416069030762,0.8842958211898804,0.7690074443817139,normal_respiratory,213_1p3_Pr_mc_AKGC417L.wav,icbhi
355.0912901766112,499.23643763716524,0.3377699851989746,0.13906154036521912,0.0046267763921113685,1232.8475594243773,18.847794426699657,215.15716765153712,5.050286769866943,-306.72210693359375,124.10459899902344,46.07434844970703,31.252716064453125,28.147686004638672,33.27800369262695,27.82314109802246,22.05135726928711,17.673377990722656,14.510885238647461,9.650171279907227,8.26900863647461,9.540526390075684,0.6244001388549805,0.7627505660057068,normal_respiratory,213_1p5_Al_mc_AKGC417L.wav,icbhi
217.16315652198472,437.25367938093746,0.37448105216026306,0.1578395664691925,0.0038042887180974477,882.6358724771369,18.728592619241105,144.16254667560904,5.320922374725342,-322.5658264160156,122.942138671875,66.155029296875,31.29840660095215,26.953561782836914,30.056360244750977,26.479127883911133,20.400917053222656,17.475215911865234,15.969873428344727,13.052278518676758,10.47453498840332,10.480376243591309,0.6736283302307129,0.7641112804412842,normal_respiratory,213_1p5_Ar_mc_AKGC417L.wav,icbhi
865.7688444648483,525.1542187939577,0.20809306204319,0.08952099829912186,0.010759181046983759,1920.1507017371375,18.274782347362954,1586.7122924521461,5.380309581756592,-235.9580535888672,103.30718994140625,19.772470474243164,33.86964416503906,30.425167083740234,24.2726993560791,14.175101280212402,21.021303176879883,14.238409996032715,13.284322738647461,9.991811752319336,13.325287818908691,8.218681335449219,0.4366050660610199,0.6870088577270508,crackle,213_1p5_Pl_mc_AKGC417L.wav,icbhi
302.34317230098077,501.6781619025306,0.38442546129226685,0.18378879129886627,0.004152089979698376,1062.3076642315161,18.457323244996324,225.42415893271462,5.13228702545166,-305.171630859375,138.0870819091797,64.14356231689453,32.229644775390625,25.208951950073242,20.57758140563965,15.768817901611328,13.383784294128418,14.436365127563477,14.805730819702148,13.015006065368652,10.91240406036377,9.32241153717041,0.6785640716552734,0.7725033164024353,crackle,213_1p5_Pr_mc_AKGC417L.wav,icbhi
333.39393129746975,494.1687956350866,0.46480587124824524,0.2747853696346283,0.008508102523201857,725.7256993034525,18.69209159014071,597.6338185179815,3.699223518371582,-264.3652038574219,170.60128784179688,66.10838317871094,26.00358009338379,17.192459106445312,6.130322456359863,-0.8290217518806458,-2.1216423511505127,-0.7745663523674011,3.8728208541870117,9.298917770385742,10.29467487335205,6.677870273590088,0.7268257141113281,0.6904382109642029,normal_respiratory,213_1p5_Tc_mc_AKGC417L.wav,icbhi
1413.3043449527509,533.9318742761772,0.10034985095262527,0.034381378442049026,0.02609755655452436,2209.4952563324196,19.155704095072522,3230.704903657918,0.6412615180015564,-227.5913543701172,96.58477783203125,-1.7735645771026611,35.585445404052734,15.034997940063477,8.131656646728516,18.317928314208984,20.387948989868164,9.866096496582031,19.232919692993164,5.719753742218018,2.5138847827911377,6.3258957862854,0.21959388256072998,0.7138553857803345,normal_respiratory,213_2p2_Al_mc_AKGC417L.wav,icbhi
269.7989619824309,470.1151696716644,0.2850654423236847,0.12988419830799103,0.004342417705916473,1007.4220333443823,18.869234229984073,176.18756570838167,3.177668571472168,-333.9546203613281,123.29663848876953,65.52821350097656,31.76466941833496,26.180450439453125,27.30255126953125,25.22089958190918,21.764347076416016,18.25087547302246,12.96713638305664,7.121227264404297,5.9819655418396,9.885322570800781,0.5367979407310486,0.755246639251709,crackle,213_2p2_Ar_mc_AKGC417L.wav,icbhi
179.00526241276881,510.36518412984896,0.3142094910144806,0.20131774246692657,0.002878706859048724,756.7903811767624,18.71853271350202,136.86823656830046,0.16988109052181244,-373.3777770996094,83.67525482177734,69.82292938232422,54.19579315185547,40.336544036865234,29.89499855041504,22.553550720214844,17.542999267578125,14.291776657104492,12.293075561523438,11.083126068115234,10.294657707214355,9.601507186889648,0.5204822421073914,0.7910774350166321,crackle,213_2p2_Pl_mc_AKGC417L.wav,icbhi
464.32464201037425,507.34246764781284,0.44698941707611084,0.1638079285621643,0.006072360788863109,1400.7864022124759,18.171037562467287,411.0043979299594,8.745903015136719,-239.2207489013672,125.98616790771484,45.865577697753906,37.34819412231445,23.95054054260254,24.53644371032715,18.79828453063965,18.83295249938965,13.707147598266602,14.292413711547852,10.433526039123535,10.96434211730957,8.201905250549316,0.7902719378471375,0.750401496887207,crackle,213_2p2_Pr_mc_AKGC417L.wav,icbhi
250.82309887686418,497.2076175847869,0.5368216633796692,0.15354353189468384,0.00652325623549884,645.6443637971518,19.059253972061573,430.71402352813226,6.137986183166504,-256.6967468261719,183.88882446289062,70.2555923461914,18.425537109375,10.006128311157227,6.175576210021973,1.8897305727005005,1.5915753841400146,4.491296291351318,7.0263991355896,8.86227035522461,11.13275146484375,12.744861602783203,0.8763736486434937,0.7056141495704651,normal_respiratory,213_2p2_Tc_mc_AKGC417L.wav,icbhi
357.6661896633512,158.70345533252157,0.015965871512889862,0.006370351184159517,0.00361396099187935,1280.442765071162,20.24424296408165,249.35549140806265,-21.091386795043945,-607.3912353515625,122.68031311035156,45.73354721069336,22.92359161376953,20.185020446777344,28.877389907836914,29.968355178833008,20.83074188232422,11.582919120788574,9.810014724731445,8.794167518615723,4.60418701171875,7.212932586669922,0.028211142867803574,0.7797444462776184,normal_respiratory,214_1b1_Ar_sc_Meditron.wav,icbhi
422.1143175150636,123.0813657950424,0.010415508411824703,0.0031429750379174948,0.0053960176189095125,1427.3716177713932,18.658942826220095,259.14785292198377,-18.520339965820312,-615.9451904296875,126.36064147949219,50.306190490722656,21.673694610595703,19.022462844848633,29.89066505432129,32.30271911621094,26.749635696411133,17.616086959838867,16.476932525634766,14.540366172790527,13.12357234954834,7.117796897888184,0.021459363400936127,0.7239660024642944,wheeze,215_1b2_Ar_sc_Meditron.wav,icbhi
626.8782193667281,89.7320115117396,0.009171521291136742,0.0035922059323638678,0.032935759860788866,1092.8114259369015,19.146748307936306,883.5857630329176,-18.802717208862305,-500.886962890625,218.3603973388672,35.01282501220703,-16.63845443725586,-0.3248846232891083,4.349421977996826,-5.412033557891846,0.06119687855243683,4.298973560333252,4.319504737854004,2.3053300380706787,5.049368858337402,5.070003986358643,0.025284282863140106,0.5646434426307678,normal_respiratory,215_1b3_Tc_sc_Meditron.wav,icbhi
177.84899259138388,91.3697353735328,0.03747978061437607,0.017736531794071198,0.0029659404002320188,724.2049729850074,18.358297836001583,165.8456328850058,-12.708104133605957,-544.7344970703125,113.4980697631836,69.09696960449219,41.893768310546875,38.511497497558594,37.92302703857422,25.19298553466797,9.537031173706055,5.901744365692139,12.390867233276367,14.652448654174805,8.328298568725586,2.602412700653076,0.08044548332691193,0.7831020355224609,crackle,216_1b1_Al_sc_Meditron.wav,icbhi
79.65650138915368,40.9250976855354,0.10099828243255615,0.03984633833169937,0.0020063714472157773,444.84237525379865,18.98516877073198,81.46145636963458,-9.600863456726074,-506.0645446777344,97.36833953857422,72.58982849121094,51.436344146728516,39.06517791748047,30.78666114807129,21.985143661499023,13.911944389343262,10.234950065612793,11.09285831451416,12.343426704406738,11.220589637756348,9.218057632446289,0.17853990197181702,0.7838306427001953,wheeze,216_1b1_Pl_sc_Meditron.wav,icbhi
453.1869227266243,183.206624778186,0.03396812453866005,0.013714155182242393,0.004529346722737819,1550.1737782415896,21.097926762113573,337.8114917162123,-16.436275482177734,-524.821533203125,118.78201293945312,61.328216552734375,6.0067315101623535,22.600313186645508,21.67208480834961,11.251709938049316,10.168477058410645,8.703019142150879,12.0494966506958,18.214094161987305,13.287220001220703,7.086630821228027,0.05846376717090607,0.7994416952133179,normal_respiratory,217_1b1_Tc_sc_Meditron.wav,icbhi
58.16629462420059,25.498706311327023,0.2380215972661972,0.09850690513849258,0.0015112927784222737,161.37043414580367,21.006030555950417,75.29126939530163,-1.7648999691009521,-394.11572265625,110.01689147949219,65.08656311035156,34.5787467956543,29.696002960205078,32.6673469543457,27.81093406677246,18.349166870117188,13.061150550842285,11.957026481628418,10.685365676879883,8.984285354614258,8.27856731414795,0.40076619386672974,0.7801523804664612,crackle_and_wheeze,218_1b1_Al_sc_Meditron.wav,icbhi
48.73199514180802,54.50639902520443,0.18227562308311462,0.07862511277198792,0.0011193082946635731,150.31690068730106,22.230550864817182,61.52700614486659,-6.488629341125488,-441.1614074707031,92.79383850097656,61.84070587158203,36.53209686279297,26.700193405151367,26.821636199951172,27.053546905517578,23.333574295043945,17.363344192504883,12.453401565551758,10.615373611450195,11.002168655395508,10.299356460571289,0.2817246615886688,0.8324853777885437,crackle_and_wheeze,218_1b1_Ar_sc_Meditron.wav,icbhi
104.95583212854142,128.8898354038936,0.17409534752368927,0.1460961252450943,0.001997308222157773,247.5804865050601,20.407260565303904,175.11340360353827,-5.575395107269287,-367.719482421875,77.70624542236328,37.74132537841797,15.849555969238281,20.393171310424805,30.477611541748047,28.924610137939453,20.34125518798828,15.760180473327637,15.622344017028809,14.196783065795898,10.588570594787598,7.637691497802734,0.29636889696121216,0.810938835144043,crackle_and_wheeze,218_1b1_Lr_sc_Meditron.wav,icbhi
69.71154477494254,62.99925199614713,0.12943635880947113,0.059472016990184784,0.0015373495504640371,195.51284758127878,20.668089477152655,83.80962469185035,-7.110349655151367,-446.93115234375,117.90083312988281,57.1790771484375,20.413110733032227,22.116323471069336,34.044979095458984,30.768617630004883,17.44892120361328,10.58480453491211,12.218145370483398,13.334358215332031,10.616881370544434,7.870587348937988,0.20747601985931396,0.734748363494873,crackle_and_wheeze,218_1b1_Pl_sc_Meditron.wav,icbhi
53.99452533431625,50.91201951443452,0.25081589818000793,0.131529301404953,0.0013254966647331787,162.14650972095657,21.991069282057936,66.6729920424884,-2.4755563735961914,-389.7560119628906,83.20564270019531,51.239830017089844,27.91187858581543,24.621177673339844,32.4777946472168,35.91020584106445,29.637035369873047,20.2122745513916,15.103423118591309,14.42322063446045,13.399842262268066,9.431472778320312,0.39417725801467896,0.8161577582359314,crackle_and_wheeze,218_1b1_Pr_sc_Meditron.wav,icbhi
53.24467581018023,32.00674962179029,0.033026088029146194,0.018550552427768707,0.002417615284222738,106.7422202848605,22.533627437006228,77.56449617531902,-14.511268615722656,-513.8550415039062,61.21500778198242,52.53617858886719,40.757774353027344,28.888498306274414,19.560928344726562,14.269344329833984,13.084757804870605,14.878067970275879,17.897869110107422,20.44225311279297,21.369911193847656,20.30796241760254,0.06094091385602951,0.7814949154853821,wheeze,218_1p1_Ar_sc_Litt3200.wav,icbhi
63.6057744813833,31.621397110361496,0.05275721848011017,0.019497429952025414,0.0026102088167053363,128.42615170171007,20.617823107854726,96.3998037811775,-12.493675231933594,-527.5114135742188,107.18827819824219,80.58910369873047,48.457420349121094,21.650371551513672,6.456027507781982,3.097731113433838,7.269947052001953,13.49409294128418,18.100156784057617,20.0736026763916,20.014616012573242,18.70223617553711,0.09660229086875916,0.7842057347297668,crackle_and_wheeze,218_1p1_Pl_sc_Litt3200.wav,icbhi
45.67828951640281,28.35759645754896,0.07023778557777405,0.05101585388183594,0.0024640643126450116,88.37679974811783,21.60116140497551,65.14918068445476,-10.10831356048584,-459.50543212890625,51.27519226074219,44.712520599365234,36.40980529785156,28.589092254638672,22.836854934692383,19.938194274902344,19.628204345703125,20.737173080444336,21.883310317993164,22.103252410888672,21.05742835998535,18.926315307617188,0.12973028421401978,0.7864866852760315,crackle_and_wheeze,218_1p1_Pr_sc_Litt3200.wav,icbhi
57.114130352718384,88.40107319484618,0.1841478794813156,0.07838685810565948,0.0011295044228538283,427.7419648837585,19.151107691557176,46.78850284585267,-8.709128379821777,-478.3426208496094,50.40202713012695,47.12289810180664,43.52037048339844,39.2043342590332,34.86701202392578,30.751304626464844,27.08660316467285,23.803916931152344,20.87923240661621,18.19576072692871,15.752252578735352,13.538331031799316,0.2887473702430725,0.8121384382247925,normal_respiratory,219_2b1_Ar_mc_LittC2SE.wav,icbhi
176.1525480127331,106.20441359167144,0.13259389996528625,0.06401188671588898,0.0014909005220417634,873.6797573672966,19.044809333026983,85.38339707801624,-8.019197463989258,-460.20648193359375,94.92903137207031,64.50655364990234,38.068817138671875,23.36337661743164,17.248950958251953,14.770224571228027,14.69278621673584,16.449058532714844,18.73170280456543,19.727867126464844,18.437108993530273,15.031455039978027,0.21326763927936554,0.8061717748641968,normal_respiratory,219_2b1_Tc_mc_LittC2SE.wav,icbhi
51.86766905419726,84.39209913974551,0.215975821018219,0.08429610729217529,0.0009867586281902551,402.62778612349274,19.1491844451091,43.615977559454755,-8.466169357299805,-469.30096435546875,47.20774841308594,44.58273696899414,41.900543212890625,38.437400817871094,34.764652252197266,30.998586654663086,27.459293365478516,24.14714241027832,21.192996978759766,18.495975494384766,16.110305786132812,13.943336486816406,0.32739320397377014,0.8084941506385803,crackle,219_2b2_Ar_mc_LittC2SE.wav,icbhi
190.8221490863469,99.3599572211878,0.11391770839691162,0.05322585999965668,0.0014093314965197216,919.9483673205075,18.977628239615207,93.57700569170534,-8.659350395202637,-463.9551696777344,96.32962799072266,64.74583435058594,37.80589294433594,22.897802352905273,16.332162857055664,13.519376754760742,13.614541053771973,15.739022254943848,18.24056625366211,19.358999252319336,18.153146743774414,14.646617889404297,0.18385279178619385,0.803699791431427,normal_respiratory,219_2b2_Tc_mc_LittC2SE.wav,icbhi
209.18184736792062,95.46073125897173,0.0993063673377037,0.044174641370773315,0.0014274579466357308,982.9281437450605,19.151659212044308,87.43179923143852,-10.260392189025879,-483.28265380859375,101.77893829345703,60.61370849609375,35.54475784301758,25.637571334838867,18.714128494262695,14.093278884887695,13.469943046569824,14.945926666259766,16.785968780517578,17.61348533630371,16.581388473510742,14.118457794189453,0.15993884205818176,0.8144359588623047,normal_respiratory,219_2b3_Tc_mc_LittC2SE.wav,icbhi
548.9387526088882,132.836946880263,0.0036401841789484024,0.0011682211188599467,0.011086590052204177,1424.3956654792064,18.598367694197133,644.0725941669084,-25.54957389831543,-637.3947143554688,159.4329376220703,58.43342971801758,33.534141540527344,7.1964850425720215,7.539420127868652,5.021099090576172,9.694021224975586,5.295940399169922,5.831787586212158,2.0784595012664795,5.952616214752197,5.239924907684326,0.008331477642059326,0.702764093875885,crackle,220_1b1_Tc_mc_LittC2SE.wav,icbhi
436.2026768106271,171.17348804408346,0.008652130141854286,0.011942458339035511,0.004719674448955917,1419.8760353760506,18.511328467081313,287.45077535890374,-21.695018768310547,-595.17822265625,62.735107421875,54.73271560668945,44.93815231323242,35.86739730834961,28.37383460998535,22.253955841064453,17.29037094116211,13.510807991027832,10.829272270202637,8.906207084655762,7.423552989959717,6.281689643859863,0.01613840088248253,0.7649874091148376,normal_respiratory,220_1b2_Al_mc_LittC2SE.wav,icbhi
127.64447399168613,87.49015617543795,0.12028989940881729,0.04161333665251732,0.002193300464037123,654.2437481580587,19.01626273642009,121.4052983613689,-6.696863651275635,-464.3393249511719,89.63500213623047,74.78565216064453,57.38274383544922,41.42888259887695,29.95875358581543,22.829225540161133,18.373579025268555,14.639225959777832,11.042494773864746,7.830491542816162,5.42976713180542,3.9442951679229736,0.20689338445663452,0.7274269461631775,crackle_and_wheeze,221_2b1_Al_mc_LittC2SE.wav,icbhi
81.22742833455997,78.30593317920129,0.2121565192937851,0.07602835446596146,0.0013334269866589327,503.8953116719515,19.26334730815273,74.94154219837587,-4.803191184997559,-445.5211486816406,73.85663604736328,64.92510223388672,54.67924499511719,44.030662536621094,34.61395263671875,27.189224243164062,21.828575134277344,17.784225463867188,14.58480453491211,11.888260841369629,9.715168952941895,7.983795166015625,0.344895601272583,0.773287296295166,crackle_and_wheeze,221_2b1_Ar_mc_LittC2SE.wav,icbhi
143.07586291056163,99.89753335782922,0.0917740911245346,0.04846494644880295,0.0021468514356148493,716.032523019769,19.127484570325475,129.02435515153712,-8.879312515258789,-452.57598876953125,73.77885437011719,62.43748092651367,50.22646713256836,39.141639709472656,30.552350997924805,23.900684356689453,18.517892837524414,13.738118171691895,9.615354537963867,6.483280658721924,4.719867706298828,4.032923698425293,0.15179049968719482,0.7198110818862915,crackle_and_wheeze,221_2b1_Lr_mc_LittC2SE.wav,icbhi
125.37839041901898,87.4533236992255,0.20172186195850372,0.09854743629693985,0.0028390552494199535,612.450276532453,19.047210396768108,134.32022413355568,-1.2720829248428345,-408.61767578125,87.92716217041016,77.27687072753906,63.377960205078125,48.758731842041016,35.69716262817383,25.364551544189453,17.83662223815918,12.580078125,8.88859748840332,6.291593551635742,4.53444766998291,3.5468027591705322,0.36712661385536194,0.7018491625785828,wheeze,221_2b1_Pl_mc_LittC2SE.wav,icbhi
111.64766055179487,104.06585336744206,0.14856581389904022,0.05295519158244133,0.002049421766241299,591.743171501559,19.494466103418457,118.60748078596288,-6.775989055633545,-473.422119140625,91.52965545654297,77.53099060058594,60.5159912109375,44.03771209716797,31.076276779174805,22.08155632019043,16.417804718017578,12.796454429626465,10.295222282409668,8.184460639953613,6.277535438537598,4.590591907501221,0.24967800080776215,0.7190845012664795,wheeze,221_2b2_Al_mc_LittC2SE.wav,icbhi
71.97947833511995,47.05240231025388,0.23257014155387878,0.08744486421346664,0.0013549521461716937,479.3139186551817,19.35469644965936,58.579305485063806,-4.5602641105651855,-429.26019287109375,64.3616714477539,58.45272445678711,50.99272155761719,42.85061264038086,35.15448760986328,28.509716033935547,23.11066246032715,18.836708068847656,15.468979835510254,12.751871109008789,10.57768440246582,8.908903121948242,0.3771821856498718,0.7820273637771606,crackle_and_wheeze,221_2b2_Ar_mc_LittC2SE.wav,icbhi
102.83841739344939,70.17231890615845,0.1327221542596817,0.05922622233629227,0.0013266295678654293,589.8751730863527,19.234144621496917,90.02977269431554,-8.546098709106445,-475.4976806640625,86.71652221679688,71.90760803222656,54.83076858520508,40.33611297607422,30.125743865966797,23.085285186767578,17.717445373535156,13.102869033813477,9.372228622436523,6.756754398345947,5.339017868041992,5.108020782470703,0.2120886743068695,0.7359174489974976,crackle_and_wheeze,221_2b2_Lr_mc_LittC2SE.wav,icbhi
156.37708570746952,81.5565314538592,0.1318773776292801,0.049384552985429764,0.0036558784077726217,705.7348338794797,19.003901667447472,156.50292062427494,-3.5394365787506104,-434.9933166503906,99.84313201904297,81.1630859375,60.743507385253906,44.01934051513672,32.43650817871094,24.270078659057617,17.782344818115234,12.22730827331543,7.711606979370117,4.516486644744873,2.6212313175201416,1.6460405588150024,0.24599120020866394,0.6702280044555664,wheeze,221_2b2_Pl_mc_LittC2SE.wav,icbhi
126.38648663797562,89.69371603778846,0.13545791804790497,0.05440638214349747,0.002740492676914153,609.949067387587,19.43775190978946,143.78783896461718,-5.5816192626953125,-439.53125,88.27578735351562,76.66262817382812,61.72479248046875,45.901641845703125,32.07957077026367,21.478757858276367,14.30722427368164,9.743791580200195,6.833190441131592,4.732371807098389,3.1409289836883545,2.089496612548828,0.23824812471866608,0.7032318115234375,wheeze,221_2b3_Al_mc_LittC2SE.wav,icbhi
86.97585790003782,98.54323737341596,0.20160531997680664,0.07555954903364182,0.0017254114704176335,512.8655478617494,19.199331680003315,85.28347502175174,-4.558828830718994,-431.3026428222656,70.34667205810547,62.900508880615234,53.592403411865234,43.268333435058594,33.79953384399414,26.059627532958984,20.396099090576172,16.44622039794922,13.739620208740234,11.776616096496582,10.352864265441895,9.359318733215332,0.3397015333175659,0.7612987160682678,crackle_and_wheeze,221_2b3_Ar_mc_LittC2SE.wav,icbhi
150.2798133838778,104.45646212775172,0.07697100192308426,0.03717554360628128,0.0022397494924593967,735.8648448210636,19.212326971280888,137.26792479335847,-10.963967323303223,-510.84783935546875,94.58009338378906,76.73699188232422,56.93513107299805,40.21358871459961,28.831295013427734,21.55841064453125,16.471973419189453,12.107199668884277,8.27199649810791,5.3114213943481445,3.755232095718384,3.542973756790161,0.1333463042974472,0.6788174510002136,crackle_and_wheeze,221_2b3_Lr_mc_LittC2SE.wav,icbhi
97.27210927226379,86.43901049879949,0.2695775628089905,0.11566353589296341,0.002292995939675174,458.08805963978875,19.29147697002631,138.34208689820187,-0.7186760902404785,-401.5719909667969,103.47540283203125,85.28731536865234,64.5362777709961,44.64486312866211,28.879531860351562,18.43386459350586,12.721521377563477,9.937908172607422,8.413935661315918,6.946719646453857,5.307030200958252,3.6447811126708984,0.4625280201435089,0.7099505066871643,crackle_and_wheeze,221_2b3_Pr_mc_LittC2SE.wav,icbhi
95.69074247434483,94.11111867124633,0.3216542899608612,0.23253284394741058,0.0015860643851508122,242.99519036550282,20.536428002423456,135.76909394939096,-2.203050374984741,-346.068115234375,114.73252868652344,48.165069580078125,8.318355560302734,9.974709510803223,23.271303176879883,24.409494400024414,19.63273048400879,20.17872428894043,21.186567306518555,15.037520408630371,7.045919895172119,5.475552082061768,0.47499123215675354,0.8285768628120422,normal_respiratory,222_1b1_Ar_sc_Meditron.wav,icbhi
51.778982545759526,85.91824298682367,0.22649544477462769,0.13903868198394775,0.0010909857163573086,151.8619198250409,23.144381577131448,66.99773872534803,-5.081770420074463,-407.1530456542969,85.44672393798828,60.01906967163086,34.87501525878906,20.463443756103516,18.27973747253418,22.309091567993164,25.55091094970703,24.675861358642578,20.332216262817383,14.636845588684082,9.25451374053955,5.246642112731934,0.34223848581314087,0.804363489151001,crackle,222_1b1_Lr_sc_Meditron.wav,icbhi
59.80931092689363,60.76339234342687,0.2564294636249542,0.1508122831583023,0.001378743111948956,181.03974252441785,23.165252126088262,61.9266943699246,-3.4558990001678467,-393.25140380859375,98.32831573486328,51.55742645263672,17.41826057434082,11.82744312286377,22.529296875,30.482494354248047,29.906198501586914,25.97859764099121,22.459550857543945,18.18922996520996,12.417400360107422,7.2305006980896,0.4069654941558838,0.8187628984451294,wheeze,222_1b1_Pr_sc_Meditron.wav,icbhi
125.20450297610441,83.96691852809629,0.23967735469341278,0.10460849106311798,0.0009697650812064965,520.9401918688449,22.27890573322098,76.76511972520302,-4.944562911987305,-404.61572265625,94.10716247558594,42.42425537109375,48.46692657470703,28.784364700317383,18.436765670776367,23.68915557861328,15.037965774536133,18.645051956176758,19.031579971313477,11.760591506958008,12.445561408996582,7.506992340087891,0.36099565029144287,0.8371370434761047,normal_respiratory,223_1b1_Al_sc_Meditron.wav,icbhi
131.579018540741,96.12040254047439,0.26950666308403015,0.0931314006447792,0.0016631017981438515,494.17654693683414,22.761003865813482,104.76827599332947,-0.5125176906585693,-365.4816589355469,113.58019256591797,49.424102783203125,35.3485221862793,17.73859977722168,18.26900291442871,30.438936233520508,22.217735290527344,17.607803344726562,15.689735412597656,12.28991413116455,14.905713081359863,11.308691024780273,0.4428035318851471,0.8247987031936646,wheeze,223_1b1_Ar_sc_Meditron.wav,icbhi
73.81914707851324,70.37021998173802,0.30963432788848877,0.1613800823688507,0.0008270192865429234,321.7890747157709,21.30656614598709,82.86036515733758,-5.225950241088867,-381.5208740234375,73.79155731201172,44.069541931152344,28.519149780273438,26.676973342895508,28.44092559814453,26.069223403930664,19.777986526489258,15.45193099975586,13.667317390441895,12.955887794494629,12.635872840881348,11.527196884155273,0.4480949938297272,0.8437547087669373,crackle,223_1b1_Ll_sc_Meditron.wav,icbhi
82.9694612075324,82.97337714504843,0.31131547689437866,0.15413399040699005,0.0008870631525522042,383.2215779360489,22.75055633298499,56.131215106583525,-5.732645511627197,-396.57464599609375,75.77377319335938,41.129459381103516,20.981651306152344,20.954647064208984,29.160480499267578,31.421815872192383,24.560447692871094,16.870193481445312,14.903152465820312,15.934504508972168,16.03080177307129,14.32931900024414,0.4470849335193634,0.8421919941902161,crackle,223_1b1_Lr_sc_Meditron.wav,icbhi
71.44581164330194,41.790524976969756,0.2503397762775421,0.11875355988740921,0.000968632178074246,346.89101369440397,22.605358691670737,46.38881462079466,-6.368990421295166,-427.62060546875,77.9104995727539,49.931331634521484,32.14427947998047,29.59615135192871,30.742197036743164,26.724721908569336,19.7757625579834,16.309558868408203,17.435680389404297,18.36708641052246,15.428345680236816,10.458096504211426,0.3677859604358673,0.8261377215385437,normal_respiratory,223_1b1_Pl_sc_Meditron.wav,icbhi
45.50033405644225,59.12082212919581,0.3112410604953766,0.17041896283626556,0.00082022186774942,236.65807933580498,22.78688555122619,39.61909530887471,-6.449932098388672,-418.0655212402344,61.81375503540039,45.89181137084961,33.792293548583984,29.348281860351562,29.490406036376953,28.104278564453125,24.00865936279297,20.230188369750977,18.52651596069336,17.566741943359375,14.93927001953125,10.504209518432617,0.4478875994682312,0.8220145106315613,wheeze,223_1b1_Pr_sc_Meditron.wav,icbhi
200.6885745701771,122.16738137456996,0.07547400891780853,0.0429934561252594,0.0015860643851508122,954.241893858527,19.143141300831203,71.61913382758121,-13.314448356628418,-526.4193115234375,74.9616470336914,55.29894256591797,39.15831756591797,30.812944412231445,27.03328514099121,23.747882843017578,20.91224479675293,19.260318756103516,18.26817512512207,16.73012351989746,14.62382984161377,12.52376937866211,0.1296359747648239,0.8125891089439392,normal_respiratory,224_1b1_Tc_sc_Meditron.wav,icbhi
248.5789399943599,157.5091169714671,0.0506456196308136,0.0206095352768898,0.0021219275667053363,1083.629088977971,18.948592797645496,118.98218849695476,-15.488544464111328,-555.3594970703125,84.36217498779297,54.98760986328125,40.93121337890625,34.953880310058594,29.735397338867188,24.142011642456055,19.927738189697266,16.880136489868164,14.686200141906738,12.944250106811523,11.119537353515625,9.33824348449707,0.0894055888056755,0.8054805397987366,normal_respiratory,224_1b2_Al_sc_Meditron.wav,icbhi
154.56507996672048,87.75949787306543,0.045861825346946716,0.018350346013903618,0.002236350783062645,729.952804255315,19.44359026435378,130.84793267836426,-14.469341278076172,-536.978271484375,99.45693969726562,53.93111038208008,29.477209091186523,25.11835479736328,26.352827072143555,26.23586654663086,22.750036239624023,19.397642135620117,18.248668670654297,14.165430068969727,7.757419586181641,5.98526668548584,0.08016611635684967,0.7808555364608765,normal_respiratory,225_1b1_Pl_sc_Meditron.wav,icbhi
180.84605256008078,84.94251421993508,0.04435952752828598,0.021638063713908195,0.002980668140951276,767.2864042353208,19.104341233488885,168.64345046041183,-13.31963062286377,-519.9083251953125,109.07402801513672,64.83743286132812,36.06229782104492,31.792804718017578,32.7582893371582,23.918983459472656,11.620015144348145,7.302761554718018,9.464689254760742,9.431851387023926,5.939541339874268,4.550464630126953,0.0826718807220459,0.7744824886322021,crackle,226_1b1_Al_sc_Meditron.wav,icbhi
99.99133575161675,62.41272744016863,0.09930378943681717,0.0382624976336956,0.002104934019721578,533.5419516598045,19.19193585890063,103.91893851508121,-9.02442741394043,-497.18804931640625,97.28282928466797,68.43195343017578,44.67228317260742,34.97712326049805,33.585899353027344,29.709274291992188,20.880138397216797,12.448908805847168,9.193411827087402,9.803903579711914,10.248862266540527,8.635892868041992,0.17525093257427216,0.794931948184967,crackle,226_1b1_Ll_sc_Meditron.wav,icbhi
137.62396099836835,81.80834314776153,0.055982716381549835,0.019820917397737503,0.001984846287703016,705.3917436431757,19.28319462266622,106.61683403422273,-13.386916160583496,-526.45751953125,84.25283813476562,56.412837982177734,39.67003631591797,38.16632080078125,38.975257873535156,31.182401657104492,18.102771759033203,9.245384216308594,8.005600929260254,9.699424743652344,9.978611946105957,8.73613452911377,0.09522750973701477,0.7923016548156738,crackle,226_1b1_Pl_sc_LittC2SE.wav,icbhi
